bodyId_pre,bodyId_post,instance_pre,instance_post,type_pre,type_post,weight
1158877703,447228814,LC17(lVLPT4)_R,PVLP106_R,LC17,PVLP106,51
1158877703,1068885266,LC17(lVLPT4)_R,PVLP151(SCB004)_R,LC17,PVLP151,12
1158877703,1070950293,LC17(lVLPT4)_R,PVLP151(SCB004)_R,LC17,PVLP151,2
1158877703,1219592090,LC17(lVLPT4)_R,LC17(lVLPT7)_R,LC17,LC17,2
1158877703,1221280490,LC17(lVLPT4)_R,LC17(lVLPT7)_R,LC17,LC17,5
1158877703,1221285175,LC17(lVLPT4)_R,LC17,LC17,LC17,3
1158877703,1250277991,LC17(lVLPT4)_R,LC17,LC17,LC17,2
1158877703,1260949492,LC17(lVLPT4)_R,AVLP340_R,LC17,AVLP340,2
1158877703,1321305370,LC17(lVLPT4)_R,PVLP061_R,LC17,PVLP061,102
1158877703,1345079276,LC17(lVLPT4)_R,LC17,LC17,LC17,2
1158877703,1354394414,LC17(lVLPT4)_R,PVLP120_R,LC17,PVLP120,17
1158877703,1374063129,LC17(lVLPT4)_R,PVLP132_R,LC17,PVLP132,15
1158877703,1381997776,LC17(lVLPT4)_R,PVLP071_R,LC17,PVLP071,17
1158877703,1382308349,LC17(lVLPT4)_R,PVLP071_R,LC17,PVLP071,13
1158877703,1405788552,LC17(lVLPT4)_R,LC17,LC17,LC17,2
1158877703,1435791739,LC17(lVLPT4)_R,PVLP132_R,LC17,PVLP132,9
1158877703,1449486007,LC17(lVLPT4)_R,AVLP537_R,LC17,AVLP537,14
1158877703,1466844031,LC17(lVLPT4)_R,LC17,LC17,LC17,2
1158877703,1471610338,LC17(lVLPT4)_R,LC17,LC17,LC17,3
1158877703,1472965897,LC17(lVLPT4)_R,LC17,LC17,LC17,3
1158877703,1473332777,LC17(lVLPT4)_R,LC17(lVLPT7)_R,LC17,LC17,2
1158877703,1473648518,LC17(lVLPT4)_R,LC17,LC17,LC17,2
1158877703,1477148598,LC17(lVLPT4)_R,PVLP075_R,LC17,PVLP075,4
1158877703,1479147574,LC17(lVLPT4)_R,PVLP072_R,LC17,PVLP072,17
1158877703,1479492693,LC17(lVLPT4)_R,PVLP072_R,LC17,PVLP072,5
1158877703,1497200791,LC17(lVLPT4)_R,LC17,LC17,LC17,2
1158877703,1504428248,LC17(lVLPT4)_R,PVLP075_R,LC17,PVLP075,3
1158877703,1508123633,LC17(lVLPT4)_R,PVLP018_R,LC17,PVLP018,5
1158877703,1512232956,LC17(lVLPT4)_R,AVLP135_R,LC17,AVLP135,2
1158877703,1528577476,LC17(lVLPT4)_R,LC17,LC17,LC17,2
1158877703,1534694621,LC17(lVLPT4)_R,LC17,LC17,LC17,2
1158877703,1535082316,LC17(lVLPT4)_R,PVLP135_R,LC17,PVLP135,32
1158877703,1535086505,LC17(lVLPT4)_R,PVLP135_R,LC17,PVLP135,29
1158877703,1562707421,LC17(lVLPT4)_R,LC17(lVLPT7)_R,LC17,LC17,2
1158877703,1589972966,LC17(lVLPT4)_R,LC17(lVLPT4)_R,LC17,LC17,2
1158877703,1593012939,LC17(lVLPT4)_R,LC17,LC17,LC17,2
1158877703,1603645798,LC17(lVLPT4)_R,PVLP072_R,LC17,PVLP072,8
1158877703,1603957106,LC17(lVLPT4)_R,AVLP409_R,LC17,AVLP409,2
1158877703,1625800608,LC17(lVLPT4)_R,LC17,LC17,LC17,2
1158877703,1630342162,LC17(lVLPT4)_R,PVLP036_R,LC17,PVLP036,6
1158877703,1655474822,LC17(lVLPT4)_R,LC17,LC17,LC17,2
1158877703,1656834653,LC17(lVLPT4)_R,LC17,LC17,LC17,2
1158877703,1663639752,LC17(lVLPT4)_R,NA,LC17,NA,2
1158877703,1684443103,LC17(lVLPT4)_R,LC17,LC17,LC17,3
1158877703,1687831632,LC17(lVLPT4)_R,LC17,LC17,LC17,2
1158877703,1689239035,LC17(lVLPT4)_R,LC17,LC17,LC17,3
1158877703,1690694192,LC17(lVLPT4)_R,PVLP036_R,LC17,PVLP036,10
1158877703,1690698128,LC17(lVLPT4)_R,PVLP036_R,LC17,PVLP036,11
1158877703,1690917721,LC17(lVLPT4)_R,LC17,LC17,LC17,2
1158877703,1695693354,LC17(lVLPT4)_R,PVLP072_R,LC17,PVLP072,4
1158877703,1720105182,LC17(lVLPT4)_R,NA,LC17,NA,10
1158877703,1722307233,LC17(lVLPT4)_R,LC17(lVLPT7)_R,LC17,LC17,2
1158877703,1724345210,LC17(lVLPT4)_R,NA,LC17,NA,5
1158877703,1747518018,LC17(lVLPT4)_R,LC17,LC17,LC17,2
1158877703,1752962124,LC17(lVLPT4)_R,LC17,LC17,LC17,2
1158877703,1754019541,LC17(lVLPT4)_R,LC17,LC17,LC17,3
1158877703,1781324410,LC17(lVLPT4)_R,LC17,LC17,LC17,3
1158877703,1782318275,LC17(lVLPT4)_R,LC17,LC17,LC17,3
1158877703,1807572051,LC17(lVLPT4)_R,LC17,LC17,LC17,3
1158877703,1813028777,LC17(lVLPT4)_R,LC17,LC17,LC17,2
1158877703,1814055949,LC17(lVLPT4)_R,LC17,LC17,LC17,6
1158877703,1814060070,LC17(lVLPT4)_R,LC17,LC17,LC17,2
1158877703,1814729788,LC17(lVLPT4)_R,LC17,LC17,LC17,2
1158877703,1817108009,LC17(lVLPT4)_R,LC17,LC17,LC17,2
1158877703,1817112855,LC17(lVLPT4)_R,LC17,LC17,LC17,5
1158877703,1817113079,LC17(lVLPT4)_R,LC17,LC17,LC17,2
1158877703,1817444315,LC17(lVLPT4)_R,LC17(lVLPT7)_R,LC17,LC17,2
1158877703,1817449059,LC17(lVLPT4)_R,LC17,LC17,LC17,2
1158877703,1817449116,LC17(lVLPT4)_R,LC17(lVLPT4)_R,LC17,LC17,2
1158877703,1817449375,LC17(lVLPT4)_R,LC17,LC17,LC17,3
1158877703,1817453065,LC17(lVLPT4)_R,LC17,LC17,LC17,3
1158877703,1817457987,LC17(lVLPT4)_R,LC17,LC17,LC17,3
1158877703,1817458052,LC17(lVLPT4)_R,LC17,LC17,LC17,2
1158877703,1817790176,LC17(lVLPT4)_R,LC17,LC17,LC17,4
1158877703,1817790222,LC17(lVLPT4)_R,LC17,LC17,LC17,3
1158877703,1817790409,LC17(lVLPT4)_R,LC17(lVLPT7)_R,LC17,LC17,2
1158877703,1818136404,LC17(lVLPT4)_R,LC17,LC17,LC17,2
1158877703,1847815147,LC17(lVLPT4)_R,LC17(lVLPT7)_R,LC17,LC17,2
1158877703,1848151236,LC17(lVLPT4)_R,LC17,LC17,LC17,5
1158877703,1848496662,LC17(lVLPT4)_R,LC17,LC17,LC17,3
1158877703,1848506334,LC17(lVLPT4)_R,NA,LC17,NA,3
1158877703,1849161220,LC17(lVLPT4)_R,LC17,LC17,LC17,2
1158877703,1849183960,LC17(lVLPT4)_R,LC17(lVLPT7)_R,LC17,LC17,3
1158877703,1849503142,LC17(lVLPT4)_R,LC17,LC17,LC17,4
1158877703,1849507321,LC17(lVLPT4)_R,LC17,LC17,LC17,3
1158877703,1875460978,LC17(lVLPT4)_R,LC17,LC17,LC17,6
1158877703,1878845629,LC17(lVLPT4)_R,LC17,LC17,LC17,2
1158877703,1879226079,LC17(lVLPT4)_R,NA,LC17,NA,2
1158877703,1879519066,LC17(lVLPT4)_R,LC17,LC17,LC17,2
1158877703,1880887003,LC17(lVLPT4)_R,LC17,LC17,LC17,3
1158877703,1910885825,LC17(lVLPT4)_R,NA,LC17,NA,2
1158877703,1911261253,LC17(lVLPT4)_R,NA,LC17,NA,4
1158877703,1911926378,LC17(lVLPT4)_R,NA,LC17,NA,2
1158877703,1912600163,LC17(lVLPT4)_R,LC17,LC17,LC17,2
1158877703,1941265025,LC17(lVLPT4)_R,NA,LC17,NA,3
1158877703,1941609793,LC17(lVLPT4)_R,NA,LC17,NA,2
1158877703,1972636393,LC17(lVLPT4)_R,NA,LC17,NA,3
1158877703,1972662496,LC17(lVLPT4)_R,NA,LC17,NA,2
1158877703,1972999193,LC17(lVLPT4)_R,NA,LC17,NA,3
1158877703,1974682390,LC17(lVLPT4)_R,LC17(lVLPT7)_R,LC17,LC17,2
1158877703,2035724925,LC17(lVLPT4)_R,NA,LC17,NA,2
1158877703,2097816617,LC17(lVLPT4)_R,NA,LC17,NA,2
1158877703,2098831134,LC17(lVLPT4)_R,NA,LC17,NA,3
1158877703,2245501457,LC17(lVLPT4)_R,LC17,LC17,LC17,3
1158877703,5812988086,LC17(lVLPT4)_R,LC17,LC17,LC17,3
1158877703,5812992219,LC17(lVLPT4)_R,LC17,LC17,LC17,2
1158877703,5812999009,LC17(lVLPT4)_R,LC17(lVLPT4)_R,LC17,LC17,3
1158877703,5813017315,LC17(lVLPT4)_R,AVLP479_R,LC17,AVLP479,14
1158877703,5813039148,LC17(lVLPT4)_R,PVLP011_R,LC17,PVLP011,70
1158877703,5813039410,LC17(lVLPT4)_R,LC17,LC17,LC17,2
1158877703,5813040277,LC17(lVLPT4)_R,PVLP115_R,LC17,PVLP115,5
1158877703,5813057178,LC17(lVLPT4)_R,PVLP136_R,LC17,PVLP136,2
1158877703,5813057579,LC17(lVLPT4)_R,AVLP538_R,LC17,AVLP538,27
1158877703,5813076492,LC17(lVLPT4)_R,LC17,LC17,LC17,2
1158877703,5813077633,LC17(lVLPT4)_R,AVLP479_R,LC17,AVLP479,18
1158877703,5813080260,LC17(lVLPT4)_R,AVLP153_R,LC17,AVLP153,9
1158877783,447228814,LC17,PVLP106_R,LC17,PVLP106,48
1158877783,1068885266,LC17,PVLP151(SCB004)_R,LC17,PVLP151,8
1158877783,1189567690,LC17,LC17,LC17,LC17,2
1158877783,1190250299,LC17,LC17,LC17,LC17,2
1158877783,1221280490,LC17,LC17(lVLPT7)_R,LC17,LC17,2
1158877783,1221285175,LC17,LC17,LC17,LC17,3
1158877783,1312061760,LC17,AVLP572_R,LC17,AVLP572,5
1158877783,1313702895,LC17,LC17,LC17,LC17,2
1158877783,1321305370,LC17,PVLP061_R,LC17,PVLP061,85
1158877783,1354394414,LC17,PVLP120_R,LC17,PVLP120,9
1158877783,1374063129,LC17,PVLP132_R,LC17,PVLP132,12
1158877783,1381997776,LC17,PVLP071_R,LC17,PVLP071,9
1158877783,1382308349,LC17,PVLP071_R,LC17,PVLP071,4
1158877783,1420172582,LC17,NA,LC17,NA,3
1158877783,1435791739,LC17,PVLP132_R,LC17,PVLP132,16
1158877783,1449486007,LC17,AVLP537_R,LC17,AVLP537,14
1158877783,1467859487,LC17,LC17,LC17,LC17,2
1158877783,1473332777,LC17,LC17(lVLPT7)_R,LC17,LC17,2
1158877783,1473648518,LC17,LC17,LC17,LC17,2
1158877783,1475188631,LC17,AVLP541_R,LC17,AVLP541,2
1158877783,1477148598,LC17,PVLP075_R,LC17,PVLP075,2
1158877783,1479147574,LC17,PVLP072_R,LC17,PVLP072,10
1158877783,1479492693,LC17,PVLP072_R,LC17,PVLP072,8
1158877783,1497200791,LC17,LC17,LC17,LC17,2
1158877783,1508123633,LC17,PVLP018_R,LC17,PVLP018,3
1158877783,1512232956,LC17,AVLP135_R,LC17,AVLP135,2
1158877783,1528577476,LC17,LC17,LC17,LC17,3
1158877783,1530606252,LC17,LC17(lVLPT7)_R,LC17,LC17,2
1158877783,1535082316,LC17,PVLP135_R,LC17,PVLP135,20
1158877783,1535086505,LC17,PVLP135_R,LC17,PVLP135,32
1158877783,1563355501,LC17,LC17,LC17,LC17,2
1158877783,1603645798,LC17,PVLP072_R,LC17,PVLP072,9
1158877783,1603957106,LC17,AVLP409_R,LC17,AVLP409,2
1158877783,1621008677,LC17,LC17,LC17,LC17,3
1158877783,1628528573,LC17,LC17,LC17,LC17,2
1158877783,1629163100,LC17,LC17(lVLPT7)_R,LC17,LC17,2
1158877783,1630342162,LC17,PVLP036_R,LC17,PVLP036,9
1158877783,1654413566,LC17,LC17,LC17,LC17,3
1158877783,1655474822,LC17,LC17,LC17,LC17,2
1158877783,1656834653,LC17,LC17,LC17,LC17,3
1158877783,1658881325,LC17,LC17,LC17,LC17,2
1158877783,1690694192,LC17,PVLP036_R,LC17,PVLP036,16
1158877783,1690698128,LC17,PVLP036_R,LC17,PVLP036,3
1158877783,1690917721,LC17,LC17,LC17,LC17,2
1158877783,1695693354,LC17,PVLP072_R,LC17,PVLP072,15
1158877783,1714791446,LC17,LC17,LC17,LC17,2
1158877783,1720105182,LC17,NA,LC17,NA,3
1158877783,1722307233,LC17,LC17(lVLPT7)_R,LC17,LC17,5
1158877783,1747518018,LC17,LC17,LC17,LC17,5
1158877783,1753670596,LC17,LC17(lVLPT4)_R,LC17,LC17,2
1158877783,1754019541,LC17,LC17,LC17,LC17,3
1158877783,1781333405,LC17,LC17,LC17,LC17,2
1158877783,1783361972,LC17,LC17,LC17,LC17,7
1158877783,1807572051,LC17,LC17,LC17,LC17,2
1158877783,1808241116,LC17,LC17,LC17,LC17,2
1158877783,1812363713,LC17,LC17,LC17,LC17,2
1158877783,1812696567,LC17,LC17,LC17,LC17,3
1158877783,1813382259,LC17,LC17(lVLPT7)_R,LC17,LC17,2
1158877783,1814060070,LC17,LC17,LC17,LC17,4
1158877783,1817113079,LC17,LC17,LC17,LC17,3
1158877783,1817444670,LC17,LC17(lVLPT7)_R,LC17,LC17,2
1158877783,1817449236,LC17,LC17,LC17,LC17,6
1158877783,1817449375,LC17,LC17,LC17,LC17,4
1158877783,1817458052,LC17,LC17,LC17,LC17,4
1158877783,1817785661,LC17,LC17,LC17,LC17,2
1158877783,1817790222,LC17,LC17,LC17,LC17,2
1158877783,1818473569,LC17,LC17,LC17,LC17,2
1158877783,1844421716,LC17,LC17,LC17,LC17,2
1158877783,1847806203,LC17,LC17,LC17,LC17,3
1158877783,1848143184,LC17,LC17,LC17,LC17,2
1158877783,1848151618,LC17,NA,LC17,NA,2
1158877783,1848151877,LC17,LC17,LC17,LC17,2
1158877783,1848479773,LC17,NA,LC17,NA,2
1158877783,1848488303,LC17,NA,LC17,NA,2
1158877783,1848488366,LC17,NA,LC17,NA,2
1158877783,1848492714,LC17,LC17,LC17,LC17,7
1158877783,1848820426,LC17,LC17(lVLPT7)_R,LC17,LC17,2
1158877783,1848824817,LC17,LC17,LC17,LC17,3
1158877783,1848828925,LC17,LC17(lVLPT7)_R,LC17,LC17,2
1158877783,1849174879,LC17,LC17(lVLPT7)_R,LC17,LC17,2
1158877783,1849178917,LC17,LC17,LC17,LC17,2
1158877783,1849507321,LC17,LC17,LC17,LC17,2
1158877783,1876820783,LC17,LC17,LC17,LC17,3
1158877783,1878845226,LC17,LC17,LC17,LC17,2
1158877783,1878845629,LC17,LC17,LC17,LC17,3
1158877783,1879226079,LC17,NA,LC17,NA,3
1158877783,1879877415,LC17,LC17(lVLPT4)_R,LC17,LC17,3
1158877783,1908865507,LC17,LC17,LC17,LC17,2
1158877783,2003679847,LC17,NA,LC17,NA,2
1158877783,2005053084,LC17,NA,LC17,NA,2
1158877783,2005389920,LC17,NA,LC17,NA,2
1158877783,2036424167,LC17,NA,LC17,NA,2
1158877783,2066095352,LC17,NA,LC17,NA,2
1158877783,2129192808,LC17,NA,LC17,NA,2
1158877783,5812988311,LC17,NA,LC17,NA,2
1158877783,5812991769,LC17,LC17,LC17,LC17,2
1158877783,5812999009,LC17,LC17(lVLPT4)_R,LC17,LC17,5
1158877783,5813017315,LC17,AVLP479_R,LC17,AVLP479,6
1158877783,5813038918,LC17,LC17,LC17,LC17,2
1158877783,5813039148,LC17,PVLP011_R,LC17,PVLP011,78
1158877783,5813039410,LC17,LC17,LC17,LC17,3
1158877783,5813057178,LC17,PVLP136_R,LC17,PVLP136,2
1158877783,5813057579,LC17,AVLP538_R,LC17,AVLP538,14
1158877783,5813060163,LC17,LC17,LC17,LC17,2
1158877783,5813077633,LC17,AVLP479_R,LC17,AVLP479,11
1158877783,5813080260,LC17,AVLP153_R,LC17,AVLP153,3
1158877783,5901214683,LC17,AVLP135_R,LC17,AVLP135,3
1189567690,447228814,LC17,PVLP106_R,LC17,PVLP106,42
1189567690,912601209,LC17,PLP244(SCB010)_L,LC17,PLP244,2
1189567690,1068885266,LC17,PVLP151(SCB004)_R,LC17,PVLP151,5
1189567690,1070950293,LC17,PVLP151(SCB004)_R,LC17,PVLP151,4
1189567690,1158877783,LC17,LC17,LC17,LC17,3
1189567690,1250277991,LC17,LC17,LC17,LC17,2
1189567690,1313702895,LC17,LC17,LC17,LC17,2
1189567690,1321305370,LC17,PVLP061_R,LC17,PVLP061,91
1189567690,1347126097,LC17,LC17,LC17,LC17,2
1189567690,1347812305,LC17,LC17(lVLPT7)_R,LC17,LC17,2
1189567690,1354394414,LC17,PVLP120_R,LC17,PVLP120,13
1189567690,1374063129,LC17,PVLP132_R,LC17,PVLP132,17
1189567690,1381997776,LC17,PVLP071_R,LC17,PVLP071,6
1189567690,1382308349,LC17,PVLP071_R,LC17,PVLP071,20
1189567690,1405788552,LC17,LC17,LC17,LC17,3
1189567690,1435791739,LC17,PVLP132_R,LC17,PVLP132,11
1189567690,1449486007,LC17,AVLP537_R,LC17,AVLP537,15
1189567690,1472965897,LC17,LC17,LC17,LC17,2
1189567690,1477148598,LC17,PVLP075_R,LC17,PVLP075,3
1189567690,1479147574,LC17,PVLP072_R,LC17,PVLP072,10
1189567690,1479492693,LC17,PVLP072_R,LC17,PVLP072,12
1189567690,1497200791,LC17,LC17,LC17,LC17,2
1189567690,1508123633,LC17,PVLP018_R,LC17,PVLP018,5
1189567690,1535082316,LC17,PVLP135_R,LC17,PVLP135,32
1189567690,1535086505,LC17,PVLP135_R,LC17,PVLP135,25
1189567690,1561301125,LC17,LC17,LC17,LC17,2
1189567690,1563355501,LC17,LC17,LC17,LC17,2
1189567690,1593012939,LC17,LC17,LC17,LC17,4
1189567690,1603645798,LC17,PVLP072_R,LC17,PVLP072,6
1189567690,1621008677,LC17,LC17,LC17,LC17,2
1189567690,1622360309,LC17,LC17,LC17,LC17,2
1189567690,1628528573,LC17,LC17,LC17,LC17,2
1189567690,1630342162,LC17,PVLP036_R,LC17,PVLP036,3
1189567690,1656153289,LC17,LC17,LC17,LC17,2
1189567690,1663639752,LC17,NA,LC17,NA,3
1189567690,1689187126,LC17,LC17,LC17,LC17,2
1189567690,1689200671,LC17,LC17,LC17,LC17,2
1189567690,1690694192,LC17,PVLP036_R,LC17,PVLP036,16
1189567690,1690698128,LC17,PVLP036_R,LC17,PVLP036,5
1189567690,1695693354,LC17,PVLP072_R,LC17,PVLP072,7
1189567690,1720105182,LC17,NA,LC17,NA,6
1189567690,1722307233,LC17,LC17(lVLPT7)_R,LC17,LC17,2
1189567690,1747181914,LC17,LC17,LC17,LC17,3
1189567690,1752962124,LC17,LC17,LC17,LC17,4
1189567690,1754019541,LC17,LC17,LC17,LC17,3
1189567690,1779567374,LC17,LC17,LC17,LC17,2
1189567690,1781333405,LC17,LC17,LC17,LC17,6
1189567690,1783361972,LC17,LC17,LC17,LC17,2
1189567690,1807572051,LC17,LC17,LC17,LC17,2
1189567690,1808241116,LC17,LC17,LC17,LC17,2
1189567690,1813028777,LC17,LC17,LC17,LC17,2
1189567690,1814031575,LC17,LC17,LC17,LC17,5
1189567690,1817107934,LC17,LC17,LC17,LC17,2
1189567690,1817444315,LC17,LC17(lVLPT7)_R,LC17,LC17,2
1189567690,1817448659,LC17,LC17,LC17,LC17,2
1189567690,1817448921,LC17,LC17,LC17,LC17,4
1189567690,1817452948,LC17,LC17,LC17,LC17,4
1189567690,1817453557,LC17,LC17(lVLPT4)_R,LC17,LC17,2
1189567690,1817463007,LC17,LC17,LC17,LC17,3
1189567690,1817785661,LC17,LC17,LC17,LC17,2
1189567690,1817786077,LC17,LC17,LC17,LC17,2
1189567690,1817790222,LC17,LC17,LC17,LC17,3
1189567690,1818122205,LC17,LC17,LC17,LC17,3
1189567690,1848151236,LC17,LC17,LC17,LC17,2
1189567690,1848156241,LC17,LC17,LC17,LC17,6
1189567690,1848483949,LC17,LC17(lVLPT4)_R,LC17,LC17,2
1189567690,1848824817,LC17,LC17,LC17,LC17,5
1189567690,1849183960,LC17,LC17(lVLPT7)_R,LC17,LC17,2
1189567690,1849503142,LC17,LC17,LC17,LC17,2
1189567690,1849520324,LC17,LC17,LC17,LC17,2
1189567690,1879226079,LC17,NA,LC17,NA,2
1189567690,1879877415,LC17,LC17(lVLPT4)_R,LC17,LC17,4
1189567690,1880209425,LC17,LC17(lVLPT7)_R,LC17,LC17,2
1189567690,1880887003,LC17,LC17,LC17,LC17,2
1189567690,1911231216,LC17,NA,LC17,NA,3
1189567690,1911589882,LC17,NA,LC17,NA,2
1189567690,1911917800,LC17,NA,LC17,NA,2
1189567690,1912271690,LC17,NA,LC17,NA,2
1189567690,1912600163,LC17,LC17,LC17,LC17,4
1189567690,1941264873,LC17,NA,LC17,NA,2
1189567690,2067463269,LC17,NA,LC17,NA,2
1189567690,2098148723,LC17,NA,LC17,NA,2
1189567690,2098493913,LC17,NA,LC17,NA,2
1189567690,2245501457,LC17,LC17,LC17,LC17,2
1189567690,5812988086,LC17,LC17,LC17,LC17,5
1189567690,5812992219,LC17,LC17,LC17,LC17,3
1189567690,5813017315,LC17,AVLP479_R,LC17,AVLP479,9
1189567690,5813038918,LC17,LC17,LC17,LC17,7
1189567690,5813039148,LC17,PVLP011_R,LC17,PVLP011,62
1189567690,5813039410,LC17,LC17,LC17,LC17,2
1189567690,5813057178,LC17,PVLP136_R,LC17,PVLP136,3
1189567690,5813057579,LC17,AVLP538_R,LC17,AVLP538,7
1189567690,5813060163,LC17,LC17,LC17,LC17,2
1189567690,5813077633,LC17,AVLP479_R,LC17,AVLP479,5
1190250299,447228814,LC17,PVLP106_R,LC17,PVLP106,37
1190250299,1068885266,LC17,PVLP151(SCB004)_R,LC17,PVLP151,12
1190250299,1321305370,LC17,PVLP061_R,LC17,PVLP061,79
1190250299,1348153557,LC17,LC17,LC17,LC17,2
1190250299,1354394414,LC17,PVLP120_R,LC17,PVLP120,13
1190250299,1374063129,LC17,PVLP132_R,LC17,PVLP132,8
1190250299,1375769049,LC17,LC17,LC17,LC17,2
1190250299,1381997776,LC17,PVLP071_R,LC17,PVLP071,13
1190250299,1382308349,LC17,PVLP071_R,LC17,PVLP071,5
1190250299,1435791739,LC17,PVLP132_R,LC17,PVLP132,10
1190250299,1449486007,LC17,AVLP537_R,LC17,AVLP537,9
1190250299,1466844031,LC17,LC17,LC17,LC17,2
1190250299,1471610338,LC17,LC17,LC17,LC17,2
1190250299,1472965897,LC17,LC17,LC17,LC17,2
1190250299,1473332777,LC17,LC17(lVLPT7)_R,LC17,LC17,3
1190250299,1473648518,LC17,LC17,LC17,LC17,2
1190250299,1475188631,LC17,AVLP541_R,LC17,AVLP541,2
1190250299,1479147574,LC17,PVLP072_R,LC17,PVLP072,18
1190250299,1479492693,LC17,PVLP072_R,LC17,PVLP072,5
1190250299,1497200791,LC17,LC17,LC17,LC17,4
1190250299,1504428248,LC17,PVLP075_R,LC17,PVLP075,3
1190250299,1508123633,LC17,PVLP018_R,LC17,PVLP018,7
1190250299,1530606252,LC17,LC17(lVLPT7)_R,LC17,LC17,2
1190250299,1535082316,LC17,PVLP135_R,LC17,PVLP135,19
1190250299,1535086505,LC17,PVLP135_R,LC17,PVLP135,26
1190250299,1603645798,LC17,PVLP072_R,LC17,PVLP072,5
1190250299,1622360309,LC17,LC17,LC17,LC17,3
1190250299,1630342162,LC17,PVLP036_R,LC17,PVLP036,16
1190250299,1663639752,LC17,NA,LC17,NA,3
1190250299,1690694192,LC17,PVLP036_R,LC17,PVLP036,7
1190250299,1690698128,LC17,PVLP036_R,LC17,PVLP036,5
1190250299,1690917721,LC17,LC17,LC17,LC17,2
1190250299,1720454234,LC17,NA,LC17,NA,2
1190250299,1747181914,LC17,LC17,LC17,LC17,4
1190250299,1750251452,LC17,LC17,LC17,LC17,2
1190250299,1751262627,LC17,LC17,LC17,LC17,2
1190250299,1754019541,LC17,LC17,LC17,LC17,4
1190250299,1779567374,LC17,LC17,LC17,LC17,3
1190250299,1781333405,LC17,LC17,LC17,LC17,2
1190250299,1813028777,LC17,LC17,LC17,LC17,2
1190250299,1813382259,LC17,LC17(lVLPT7)_R,LC17,LC17,2
1190250299,1814031575,LC17,LC17,LC17,LC17,2
1190250299,1814055949,LC17,LC17,LC17,LC17,2
1190250299,1814729223,LC17,LC17(lVLPT7)_R,LC17,LC17,2
1190250299,1817444315,LC17,LC17(lVLPT7)_R,LC17,LC17,2
1190250299,1817444555,LC17,LC17,LC17,LC17,2
1190250299,1817444670,LC17,LC17(lVLPT7)_R,LC17,LC17,2
1190250299,1817448921,LC17,LC17,LC17,LC17,2
1190250299,1817449059,LC17,LC17,LC17,LC17,3
1190250299,1817449375,LC17,LC17,LC17,LC17,3
1190250299,1817457808,LC17,LC17,LC17,LC17,2
1190250299,1817785682,LC17,LC17,LC17,LC17,3
1190250299,1817790222,LC17,LC17,LC17,LC17,2
1190250299,1817799390,LC17,LC17,LC17,LC17,2
1190250299,1818122205,LC17,LC17,LC17,LC17,2
1190250299,1818136404,LC17,LC17,LC17,LC17,2
1190250299,1845772658,LC17,LC17(lVLPT7)_R,LC17,LC17,2
1190250299,1847806275,LC17,LC17,LC17,LC17,2
1190250299,1848143184,LC17,LC17,LC17,LC17,2
1190250299,1848151236,LC17,LC17,LC17,LC17,3
1190250299,1848156241,LC17,LC17,LC17,LC17,3
1190250299,1848479773,LC17,NA,LC17,NA,2
1190250299,1848483949,LC17,LC17(lVLPT4)_R,LC17,LC17,2
1190250299,1848492258,LC17,LC17,LC17,LC17,4
1190250299,1848506334,LC17,NA,LC17,NA,2
1190250299,1848820426,LC17,LC17(lVLPT7)_R,LC17,LC17,3
1190250299,1848824817,LC17,LC17,LC17,LC17,2
1190250299,1848828925,LC17,LC17(lVLPT7)_R,LC17,LC17,4
1190250299,1848837843,LC17,LC17,LC17,LC17,2
1190250299,1849174879,LC17,LC17(lVLPT7)_R,LC17,LC17,2
1190250299,1849507321,LC17,LC17,LC17,LC17,2
1190250299,1875460978,LC17,LC17,LC17,LC17,2
1190250299,1878845226,LC17,LC17,LC17,LC17,2
1190250299,1879226079,LC17,NA,LC17,NA,4
1190250299,1879519066,LC17,LC17,LC17,LC17,2
1190250299,1880887003,LC17,LC17,LC17,LC17,4
1190250299,1909880031,LC17,NA,LC17,NA,2
1190250299,1910920228,LC17,NA,LC17,NA,3
1190250299,1973327195,LC17,NA,LC17,NA,2
1190250299,2036065828,LC17,NA,LC17,NA,2
1190250299,2036420122,LC17,NA,LC17,NA,3
1190250299,2065758425,LC17,NA,LC17,NA,2
1190250299,2097130141,LC17,NA,LC17,NA,2
1190250299,2097138752,LC17,NA,LC17,NA,3
1190250299,2245501457,LC17,LC17,LC17,LC17,4
1190250299,5812988086,LC17,LC17,LC17,LC17,5
1190250299,5812992219,LC17,LC17,LC17,LC17,2
1190250299,5812998833,LC17,LC17,LC17,LC17,2
1190250299,5812999009,LC17,LC17(lVLPT4)_R,LC17,LC17,3
1190250299,5813017315,LC17,AVLP479_R,LC17,AVLP479,8
1190250299,5813034336,LC17,LC17(lVLPT4)_R,LC17,LC17,2
1190250299,5813039148,LC17,PVLP011_R,LC17,PVLP011,45
1190250299,5813057579,LC17,AVLP538_R,LC17,AVLP538,12
1190250299,5813060163,LC17,LC17,LC17,LC17,2
1190250299,5813068559,LC17,AVLP396_R,LC17,AVLP396,2
1190250299,5813076492,LC17,LC17,LC17,LC17,5
1190250299,5813077633,LC17,AVLP479_R,LC17,AVLP479,8
1190250299,5901214683,LC17,AVLP135_R,LC17,AVLP135,2
1219592090,447228814,LC17(lVLPT7)_R,PVLP106_R,LC17,PVLP106,56
1219592090,1068885266,LC17(lVLPT7)_R,PVLP151(SCB004)_R,LC17,PVLP151,8
1219592090,1070950293,LC17(lVLPT7)_R,PVLP151(SCB004)_R,LC17,PVLP151,6
1219592090,1158877783,LC17(lVLPT7)_R,LC17,LC17,LC17,2
1219592090,1189567690,LC17(lVLPT7)_R,LC17,LC17,LC17,2
1219592090,1221280490,LC17(lVLPT7)_R,LC17(lVLPT7)_R,LC17,LC17,2
1219592090,1221285175,LC17(lVLPT7)_R,LC17,LC17,LC17,2
1219592090,1250277991,LC17(lVLPT7)_R,LC17,LC17,LC17,6
1219592090,1321305370,LC17(lVLPT7)_R,PVLP061_R,LC17,PVLP061,65
1219592090,1347126097,LC17(lVLPT7)_R,LC17,LC17,LC17,2
1219592090,1354394414,LC17(lVLPT7)_R,PVLP120_R,LC17,PVLP120,18
1219592090,1374063129,LC17(lVLPT7)_R,PVLP132_R,LC17,PVLP132,12
1219592090,1375769049,LC17(lVLPT7)_R,LC17,LC17,LC17,2
1219592090,1381997776,LC17(lVLPT7)_R,PVLP071_R,LC17,PVLP071,9
1219592090,1382308349,LC17(lVLPT7)_R,PVLP071_R,LC17,PVLP071,13
1219592090,1405788552,LC17(lVLPT7)_R,LC17,LC17,LC17,3
1219592090,1420172582,LC17(lVLPT7)_R,NA,LC17,NA,2
1219592090,1435791739,LC17(lVLPT7)_R,PVLP132_R,LC17,PVLP132,12
1219592090,1437165487,LC17(lVLPT7)_R,LC17,LC17,LC17,3
1219592090,1449486007,LC17(lVLPT7)_R,AVLP537_R,LC17,AVLP537,12
1219592090,1467859487,LC17(lVLPT7)_R,LC17,LC17,LC17,2
1219592090,1473332777,LC17(lVLPT7)_R,LC17(lVLPT7)_R,LC17,LC17,2
1219592090,1477148598,LC17(lVLPT7)_R,PVLP075_R,LC17,PVLP075,3
1219592090,1479147574,LC17(lVLPT7)_R,PVLP072_R,LC17,PVLP072,11
1219592090,1479492693,LC17(lVLPT7)_R,PVLP072_R,LC17,PVLP072,3
1219592090,1504428248,LC17(lVLPT7)_R,PVLP075_R,LC17,PVLP075,3
1219592090,1508123633,LC17(lVLPT7)_R,PVLP018_R,LC17,PVLP018,9
1219592090,1535082316,LC17(lVLPT7)_R,PVLP135_R,LC17,PVLP135,19
1219592090,1535086505,LC17(lVLPT7)_R,PVLP135_R,LC17,PVLP135,20
1219592090,1539496112,LC17(lVLPT7)_R,PVLP073_R,LC17,PVLP073,2
1219592090,1561301125,LC17(lVLPT7)_R,LC17,LC17,LC17,2
1219592090,1562707421,LC17(lVLPT7)_R,LC17(lVLPT7)_R,LC17,LC17,2
1219592090,1603645798,LC17(lVLPT7)_R,PVLP072_R,LC17,PVLP072,5
1219592090,1603957106,LC17(lVLPT7)_R,AVLP409_R,LC17,AVLP409,3
1219592090,1621008677,LC17(lVLPT7)_R,LC17,LC17,LC17,2
1219592090,1622360309,LC17(lVLPT7)_R,LC17,LC17,LC17,2
1219592090,1628528573,LC17(lVLPT7)_R,LC17,LC17,LC17,2
1219592090,1629163100,LC17(lVLPT7)_R,LC17(lVLPT7)_R,LC17,LC17,3
1219592090,1630342162,LC17(lVLPT7)_R,PVLP036_R,LC17,PVLP036,12
1219592090,1656834653,LC17(lVLPT7)_R,LC17,LC17,LC17,7
1219592090,1659515529,LC17(lVLPT7)_R,LC17,LC17,LC17,2
1219592090,1689187126,LC17(lVLPT7)_R,LC17,LC17,LC17,5
1219592090,1690694192,LC17(lVLPT7)_R,PVLP036_R,LC17,PVLP036,10
1219592090,1695693354,LC17(lVLPT7)_R,PVLP072_R,LC17,PVLP072,9
1219592090,1720105182,LC17(lVLPT7)_R,NA,LC17,NA,4
1219592090,1722307233,LC17(lVLPT7)_R,LC17(lVLPT7)_R,LC17,LC17,2
1219592090,1724345210,LC17(lVLPT7)_R,NA,LC17,NA,3
1219592090,1754019541,LC17(lVLPT7)_R,LC17,LC17,LC17,2
1219592090,1782680353,LC17(lVLPT7)_R,LC17,LC17,LC17,3
1219592090,1783361972,LC17(lVLPT7)_R,LC17,LC17,LC17,2
1219592090,1783690466,LC17(lVLPT7)_R,LC17,LC17,LC17,2
1219592090,1807572051,LC17(lVLPT7)_R,LC17,LC17,LC17,2
1219592090,1812363713,LC17(lVLPT7)_R,LC17,LC17,LC17,2
1219592090,1817112807,LC17(lVLPT7)_R,LC17(lVLPT4)_R,LC17,LC17,2
1219592090,1817113079,LC17(lVLPT7)_R,LC17,LC17,LC17,2
1219592090,1817448659,LC17(lVLPT7)_R,LC17,LC17,LC17,2
1219592090,1817449236,LC17(lVLPT7)_R,LC17,LC17,LC17,3
1219592090,1817449375,LC17(lVLPT7)_R,LC17,LC17,LC17,2
1219592090,1817452948,LC17(lVLPT7)_R,LC17,LC17,LC17,2
1219592090,1817453257,LC17(lVLPT7)_R,LC17,LC17,LC17,2
1219592090,1817786077,LC17(lVLPT7)_R,LC17,LC17,LC17,2
1219592090,1817790176,LC17(lVLPT7)_R,LC17,LC17,LC17,3
1219592090,1817790222,LC17(lVLPT7)_R,LC17,LC17,LC17,3
1219592090,1817799390,LC17(lVLPT7)_R,LC17,LC17,LC17,2
1219592090,1818122205,LC17(lVLPT7)_R,LC17,LC17,LC17,2
1219592090,1818473569,LC17(lVLPT7)_R,LC17,LC17,LC17,2
1219592090,1847806203,LC17(lVLPT7)_R,LC17,LC17,LC17,2
1219592090,1847815147,LC17(lVLPT7)_R,LC17(lVLPT7)_R,LC17,LC17,6
1219592090,1848156241,LC17(lVLPT7)_R,LC17,LC17,LC17,2
1219592090,1848483949,LC17(lVLPT7)_R,LC17(lVLPT4)_R,LC17,LC17,2
1219592090,1848488366,LC17(lVLPT7)_R,NA,LC17,NA,2
1219592090,1848492258,LC17(lVLPT7)_R,LC17,LC17,LC17,2
1219592090,1848492714,LC17(lVLPT7)_R,LC17,LC17,LC17,2
1219592090,1848496927,LC17(lVLPT7)_R,NA,LC17,NA,2
1219592090,1849161407,LC17(lVLPT7)_R,LC17,LC17,LC17,2
1219592090,1849178917,LC17(lVLPT7)_R,LC17,LC17,LC17,3
1219592090,1849183960,LC17(lVLPT7)_R,LC17(lVLPT7)_R,LC17,LC17,3
1219592090,1849520324,LC17(lVLPT7)_R,LC17,LC17,LC17,2
1219592090,1878845629,LC17(lVLPT7)_R,LC17,LC17,LC17,3
1219592090,1879226079,LC17(lVLPT7)_R,NA,LC17,NA,5
1219592090,1879877415,LC17(lVLPT7)_R,LC17(lVLPT4)_R,LC17,LC17,2
1219592090,1881224284,LC17(lVLPT7)_R,NA,LC17,NA,3
1219592090,1908865507,LC17(lVLPT7)_R,LC17,LC17,LC17,2
1219592090,1910574908,LC17(lVLPT7)_R,NA,LC17,NA,2
1219592090,1937193993,LC17(lVLPT7)_R,LC17,LC17,LC17,2
1219592090,1939904964,LC17(lVLPT7)_R,LC17,LC17,LC17,2
1219592090,1941609793,LC17(lVLPT7)_R,NA,LC17,NA,2
1219592090,1943639296,LC17(lVLPT7)_R,NA,LC17,NA,2
1219592090,1974004779,LC17(lVLPT7)_R,NA,LC17,NA,2
1219592090,2034723658,LC17(lVLPT7)_R,NA,LC17,NA,2
1219592090,5812992219,LC17(lVLPT7)_R,LC17,LC17,LC17,4
1219592090,5813017315,LC17(lVLPT7)_R,AVLP479_R,LC17,AVLP479,9
1219592090,5813039148,LC17(lVLPT7)_R,PVLP011_R,LC17,PVLP011,50
1219592090,5813040277,LC17(lVLPT7)_R,PVLP115_R,LC17,PVLP115,3
1219592090,5813057178,LC17(lVLPT7)_R,PVLP136_R,LC17,PVLP136,2
1219592090,5813057579,LC17(lVLPT7)_R,AVLP538_R,LC17,AVLP538,17
1219592090,5813076492,LC17(lVLPT7)_R,LC17,LC17,LC17,2
1219592090,5813077633,LC17(lVLPT7)_R,AVLP479_R,LC17,AVLP479,13
1219592090,5813080260,LC17(lVLPT7)_R,AVLP153_R,LC17,AVLP153,5
1221280490,447228814,LC17(lVLPT7)_R,PVLP106_R,LC17,PVLP106,36
1221280490,1068885266,LC17(lVLPT7)_R,PVLP151(SCB004)_R,LC17,PVLP151,7
1221280490,1070950293,LC17(lVLPT7)_R,PVLP151(SCB004)_R,LC17,PVLP151,3
1221280490,1158877703,LC17(lVLPT7)_R,LC17(lVLPT4)_R,LC17,LC17,3
1221280490,1158877783,LC17(lVLPT7)_R,LC17,LC17,LC17,3
1221280490,1219592090,LC17(lVLPT7)_R,LC17(lVLPT7)_R,LC17,LC17,2
1221280490,1221285175,LC17(lVLPT7)_R,LC17,LC17,LC17,3
1221280490,1312061760,LC17(lVLPT7)_R,AVLP572_R,LC17,AVLP572,2
1221280490,1313702895,LC17(lVLPT7)_R,LC17,LC17,LC17,2
1221280490,1321305370,LC17(lVLPT7)_R,PVLP061_R,LC17,PVLP061,73
1221280490,1347126097,LC17(lVLPT7)_R,LC17,LC17,LC17,5
1221280490,1348153557,LC17(lVLPT7)_R,LC17,LC17,LC17,3
1221280490,1354394414,LC17(lVLPT7)_R,PVLP120_R,LC17,PVLP120,11
1221280490,1374063129,LC17(lVLPT7)_R,PVLP132_R,LC17,PVLP132,17
1221280490,1381997776,LC17(lVLPT7)_R,PVLP071_R,LC17,PVLP071,10
1221280490,1382308349,LC17(lVLPT7)_R,PVLP071_R,LC17,PVLP071,12
1221280490,1420172582,LC17(lVLPT7)_R,NA,LC17,NA,3
1221280490,1435791739,LC17(lVLPT7)_R,PVLP132_R,LC17,PVLP132,12
1221280490,1435822283,LC17(lVLPT7)_R,LC17,LC17,LC17,2
1221280490,1449486007,LC17(lVLPT7)_R,AVLP537_R,LC17,AVLP537,17
1221280490,1467859487,LC17(lVLPT7)_R,LC17,LC17,LC17,2
1221280490,1479147574,LC17(lVLPT7)_R,PVLP072_R,LC17,PVLP072,14
1221280490,1479492693,LC17(lVLPT7)_R,PVLP072_R,LC17,PVLP072,3
1221280490,1497200791,LC17(lVLPT7)_R,LC17,LC17,LC17,3
1221280490,1504428248,LC17(lVLPT7)_R,PVLP075_R,LC17,PVLP075,2
1221280490,1535082316,LC17(lVLPT7)_R,PVLP135_R,LC17,PVLP135,19
1221280490,1535086505,LC17(lVLPT7)_R,PVLP135_R,LC17,PVLP135,24
1221280490,1562707421,LC17(lVLPT7)_R,LC17(lVLPT7)_R,LC17,LC17,2
1221280490,1565729476,LC17(lVLPT7)_R,LC17,LC17,LC17,3
1221280490,1589972966,LC17(lVLPT7)_R,LC17(lVLPT4)_R,LC17,LC17,2
1221280490,1603645798,LC17(lVLPT7)_R,PVLP072_R,LC17,PVLP072,8
1221280490,1603957106,LC17(lVLPT7)_R,AVLP409_R,LC17,AVLP409,2
1221280490,1625800608,LC17(lVLPT7)_R,LC17,LC17,LC17,2
1221280490,1629163100,LC17(lVLPT7)_R,LC17(lVLPT7)_R,LC17,LC17,2
1221280490,1630342162,LC17(lVLPT7)_R,PVLP036_R,LC17,PVLP036,11
1221280490,1656153289,LC17(lVLPT7)_R,LC17,LC17,LC17,5
1221280490,1656834653,LC17(lVLPT7)_R,LC17,LC17,LC17,4
1221280490,1659515529,LC17(lVLPT7)_R,LC17,LC17,LC17,2
1221280490,1663639752,LC17(lVLPT7)_R,NA,LC17,NA,5
1221280490,1687831632,LC17(lVLPT7)_R,LC17,LC17,LC17,2
1221280490,1689915765,LC17(lVLPT7)_R,LC17,LC17,LC17,2
1221280490,1690694192,LC17(lVLPT7)_R,PVLP036_R,LC17,PVLP036,7
1221280490,1690698128,LC17(lVLPT7)_R,PVLP036_R,LC17,PVLP036,5
1221280490,1695693354,LC17(lVLPT7)_R,PVLP072_R,LC17,PVLP072,4
1221280490,1714791446,LC17(lVLPT7)_R,LC17,LC17,LC17,2
1221280490,1720454234,LC17(lVLPT7)_R,NA,LC17,NA,2
1221280490,1724345210,LC17(lVLPT7)_R,NA,LC17,NA,2
1221280490,1747181914,LC17(lVLPT7)_R,LC17,LC17,LC17,2
1221280490,1750251452,LC17(lVLPT7)_R,LC17,LC17,LC17,2
1221280490,1752672460,LC17(lVLPT7)_R,LC17,LC17,LC17,2
1221280490,1752962124,LC17(lVLPT7)_R,LC17,LC17,LC17,3
1221280490,1782680353,LC17(lVLPT7)_R,LC17,LC17,LC17,6
1221280490,1807572051,LC17(lVLPT7)_R,LC17,LC17,LC17,3
1221280490,1812363713,LC17(lVLPT7)_R,LC17,LC17,LC17,3
1221280490,1813028777,LC17(lVLPT7)_R,LC17,LC17,LC17,3
1221280490,1814729788,LC17(lVLPT7)_R,LC17,LC17,LC17,2
1221280490,1817107934,LC17(lVLPT7)_R,LC17,LC17,LC17,4
1221280490,1817112855,LC17(lVLPT7)_R,LC17,LC17,LC17,5
1221280490,1817444315,LC17(lVLPT7)_R,LC17(lVLPT7)_R,LC17,LC17,2
1221280490,1817449116,LC17(lVLPT7)_R,LC17(lVLPT4)_R,LC17,LC17,3
1221280490,1817453257,LC17(lVLPT7)_R,LC17,LC17,LC17,4
1221280490,1817453557,LC17(lVLPT7)_R,LC17(lVLPT4)_R,LC17,LC17,2
1221280490,1817457808,LC17(lVLPT7)_R,LC17,LC17,LC17,4
1221280490,1817457987,LC17(lVLPT7)_R,LC17,LC17,LC17,2
1221280490,1817463007,LC17(lVLPT7)_R,LC17,LC17,LC17,2
1221280490,1817790409,LC17(lVLPT7)_R,LC17(lVLPT7)_R,LC17,LC17,2
1221280490,1848138779,LC17(lVLPT7)_R,LC17,LC17,LC17,2
1221280490,1848143184,LC17(lVLPT7)_R,LC17,LC17,LC17,3
1221280490,1849161407,LC17(lVLPT7)_R,LC17,LC17,LC17,5
1221280490,1849178917,LC17(lVLPT7)_R,LC17,LC17,LC17,3
1221280490,1849183960,LC17(lVLPT7)_R,LC17(lVLPT7)_R,LC17,LC17,4
1221280490,1849503142,LC17(lVLPT7)_R,LC17,LC17,LC17,2
1221280490,1879519066,LC17(lVLPT7)_R,LC17,LC17,LC17,2
1221280490,1942642301,LC17(lVLPT7)_R,NA,LC17,NA,2
1221280490,1942965779,LC17(lVLPT7)_R,NA,LC17,NA,3
1221280490,2004008055,LC17(lVLPT7)_R,NA,LC17,NA,2
1221280490,2128505901,LC17(lVLPT7)_R,NA,LC17,NA,3
1221280490,2245501457,LC17(lVLPT7)_R,LC17,LC17,LC17,3
1221280490,5813017315,LC17(lVLPT7)_R,AVLP479_R,LC17,AVLP479,10
1221280490,5813034336,LC17(lVLPT7)_R,LC17(lVLPT4)_R,LC17,LC17,4
1221280490,5813038679,LC17(lVLPT7)_R,LC17,LC17,LC17,3
1221280490,5813039148,LC17(lVLPT7)_R,PVLP011_R,LC17,PVLP011,50
1221280490,5813057579,LC17(lVLPT7)_R,AVLP538_R,LC17,AVLP538,19
1221280490,5813060163,LC17(lVLPT7)_R,LC17,LC17,LC17,2
1221280490,5813077633,LC17(lVLPT7)_R,AVLP479_R,LC17,AVLP479,9
1221280490,5813080260,LC17(lVLPT7)_R,AVLP153_R,LC17,AVLP153,5
1221285175,447228814,LC17,PVLP106_R,LC17,PVLP106,44
1221285175,912601209,LC17,PLP244(SCB010)_L,LC17,PLP244,4
1221285175,1068885266,LC17,PVLP151(SCB004)_R,LC17,PVLP151,6
1221285175,1070950293,LC17,PVLP151(SCB004)_R,LC17,PVLP151,2
1221285175,1158877703,LC17,LC17(lVLPT4)_R,LC17,LC17,4
1221285175,1321305370,LC17,PVLP061_R,LC17,PVLP061,81
1221285175,1354394414,LC17,PVLP120_R,LC17,PVLP120,9
1221285175,1374063129,LC17,PVLP132_R,LC17,PVLP132,12
1221285175,1375769049,LC17,LC17,LC17,LC17,2
1221285175,1381997776,LC17,PVLP071_R,LC17,PVLP071,12
1221285175,1382308349,LC17,PVLP071_R,LC17,PVLP071,7
1221285175,1420172582,LC17,NA,LC17,NA,2
1221285175,1435791739,LC17,PVLP132_R,LC17,PVLP132,20
1221285175,1437165487,LC17,LC17,LC17,LC17,2
1221285175,1449486007,LC17,AVLP537_R,LC17,AVLP537,11
1221285175,1477148598,LC17,PVLP075_R,LC17,PVLP075,2
1221285175,1479147574,LC17,PVLP072_R,LC17,PVLP072,6
1221285175,1479492693,LC17,PVLP072_R,LC17,PVLP072,6
1221285175,1497200791,LC17,LC17,LC17,LC17,4
1221285175,1508123633,LC17,PVLP018_R,LC17,PVLP018,7
1221285175,1530606252,LC17,LC17(lVLPT7)_R,LC17,LC17,3
1221285175,1535082316,LC17,PVLP135_R,LC17,PVLP135,25
1221285175,1535086505,LC17,PVLP135_R,LC17,PVLP135,14
1221285175,1539496112,LC17,PVLP073_R,LC17,PVLP073,4
1221285175,1574980522,LC17,AVLP408_R,LC17,AVLP408,3
1221285175,1603645798,LC17,PVLP072_R,LC17,PVLP072,8
1221285175,1629163100,LC17,LC17(lVLPT7)_R,LC17,LC17,6
1221285175,1630342162,LC17,PVLP036_R,LC17,PVLP036,8
1221285175,1654413566,LC17,LC17,LC17,LC17,2
1221285175,1655474822,LC17,LC17,LC17,LC17,2
1221285175,1656153289,LC17,LC17,LC17,LC17,4
1221285175,1656834653,LC17,LC17,LC17,LC17,3
1221285175,1689239035,LC17,LC17,LC17,LC17,3
1221285175,1690694192,LC17,PVLP036_R,LC17,PVLP036,13
1221285175,1690698128,LC17,PVLP036_R,LC17,PVLP036,2
1221285175,1695693354,LC17,PVLP072_R,LC17,PVLP072,6
1221285175,1714791446,LC17,LC17,LC17,LC17,2
1221285175,1750251452,LC17,LC17,LC17,LC17,2
1221285175,1754019541,LC17,LC17,LC17,LC17,2
1221285175,1779567374,LC17,LC17,LC17,LC17,2
1221285175,1781324410,LC17,LC17,LC17,LC17,3
1221285175,1781333405,LC17,LC17,LC17,LC17,2
1221285175,1782318275,LC17,LC17,LC17,LC17,5
1221285175,1783690466,LC17,LC17,LC17,LC17,3
1221285175,1812696567,LC17,LC17,LC17,LC17,3
1221285175,1813028777,LC17,LC17,LC17,LC17,4
1221285175,1814031575,LC17,LC17,LC17,LC17,2
1221285175,1817108009,LC17,LC17,LC17,LC17,4
1221285175,1817112807,LC17,LC17(lVLPT4)_R,LC17,LC17,3
1221285175,1817112855,LC17,LC17,LC17,LC17,2
1221285175,1817448971,LC17,LC17,LC17,LC17,3
1221285175,1817449236,LC17,LC17,LC17,LC17,2
1221285175,1817452948,LC17,LC17,LC17,LC17,4
1221285175,1817457808,LC17,LC17,LC17,LC17,2
1221285175,1817457847,LC17,LC17,LC17,LC17,2
1221285175,1817458164,LC17,LC17,LC17,LC17,2
1221285175,1817463007,LC17,LC17,LC17,LC17,3
1221285175,1817790222,LC17,LC17,LC17,LC17,2
1221285175,1817799390,LC17,LC17,LC17,LC17,3
1221285175,1818136404,LC17,LC17,LC17,LC17,4
1221285175,1844421716,LC17,LC17,LC17,LC17,2
1221285175,1845772658,LC17,LC17(lVLPT7)_R,LC17,LC17,2
1221285175,1847806275,LC17,LC17,LC17,LC17,2
1221285175,1847815147,LC17,LC17(lVLPT7)_R,LC17,LC17,2
1221285175,1848138779,LC17,LC17,LC17,LC17,2
1221285175,1848151877,LC17,LC17,LC17,LC17,2
1221285175,1848492258,LC17,LC17,LC17,LC17,2
1221285175,1848820426,LC17,LC17(lVLPT7)_R,LC17,LC17,4
1221285175,1848837843,LC17,LC17,LC17,LC17,6
1221285175,1849161220,LC17,LC17,LC17,LC17,3
1221285175,1849520324,LC17,LC17,LC17,LC17,2
1221285175,1875124235,LC17,LC17,LC17,LC17,3
1221285175,1875460978,LC17,LC17,LC17,LC17,5
1221285175,1876820783,LC17,LC17,LC17,LC17,2
1221285175,1878845629,LC17,LC17,LC17,LC17,3
1221285175,1879519066,LC17,LC17,LC17,LC17,2
1221285175,1879877415,LC17,LC17(lVLPT4)_R,LC17,LC17,2
1221285175,1880887003,LC17,LC17,LC17,LC17,3
1221285175,1881215402,LC17,NA,LC17,NA,3
1221285175,1908865507,LC17,LC17,LC17,LC17,3
1221285175,1910890081,LC17,NA,LC17,NA,2
1221285175,1939904964,LC17,LC17,LC17,LC17,2
1221285175,1942633283,LC17,NA,LC17,NA,2
1221285175,2003347629,LC17,NA,LC17,NA,3
1221285175,2029624973,LC17,LC17,LC17,LC17,4
1221285175,2037097519,LC17,NA,LC17,NA,4
1221285175,2066781676,LC17,NA,LC17,NA,3
1221285175,2067122171,LC17,NA,LC17,NA,2
1221285175,2067463269,LC17,NA,LC17,NA,2
1221285175,5812999009,LC17,LC17(lVLPT4)_R,LC17,LC17,2
1221285175,5813017315,LC17,AVLP479_R,LC17,AVLP479,6
1221285175,5813039148,LC17,PVLP011_R,LC17,PVLP011,56
1221285175,5813039410,LC17,LC17,LC17,LC17,5
1221285175,5813054384,LC17,PPM1203_R,LC17,PPM1203,2
1221285175,5813057178,LC17,PVLP136_R,LC17,PVLP136,3
1221285175,5813057579,LC17,AVLP538_R,LC17,AVLP538,18
1221285175,5813060163,LC17,LC17,LC17,LC17,2
1221285175,5813068239,LC17,LC17,LC17,LC17,3
1221285175,5813068559,LC17,AVLP396_R,LC17,AVLP396,2
1221285175,5813077633,LC17,AVLP479_R,LC17,AVLP479,10
1221285175,5813080260,LC17,AVLP153_R,LC17,AVLP153,2
1250277991,447228814,LC17,PVLP106_R,LC17,PVLP106,51
1250277991,1068885266,LC17,PVLP151(SCB004)_R,LC17,PVLP151,9
1250277991,1070950293,LC17,PVLP151(SCB004)_R,LC17,PVLP151,2
1250277991,1189567690,LC17,LC17,LC17,LC17,3
1250277991,1219592090,LC17,LC17(lVLPT7)_R,LC17,LC17,3
1250277991,1321305370,LC17,PVLP061_R,LC17,PVLP061,95
1250277991,1354394414,LC17,PVLP120_R,LC17,PVLP120,5
1250277991,1374063129,LC17,PVLP132_R,LC17,PVLP132,9
1250277991,1381997776,LC17,PVLP071_R,LC17,PVLP071,5
1250277991,1382308349,LC17,PVLP071_R,LC17,PVLP071,14
1250277991,1435791739,LC17,PVLP132_R,LC17,PVLP132,16
1250277991,1449486007,LC17,AVLP537_R,LC17,AVLP537,16
1250277991,1471607030,LC17,LC17,LC17,LC17,2
1250277991,1473648518,LC17,LC17,LC17,LC17,2
1250277991,1477148598,LC17,PVLP075_R,LC17,PVLP075,3
1250277991,1479147574,LC17,PVLP072_R,LC17,PVLP072,9
1250277991,1479492693,LC17,PVLP072_R,LC17,PVLP072,5
1250277991,1497200791,LC17,LC17,LC17,LC17,2
1250277991,1504428248,LC17,PVLP075_R,LC17,PVLP075,4
1250277991,1508123633,LC17,PVLP018_R,LC17,PVLP018,10
1250277991,1535082316,LC17,PVLP135_R,LC17,PVLP135,25
1250277991,1535086505,LC17,PVLP135_R,LC17,PVLP135,15
1250277991,1539496112,LC17,PVLP073_R,LC17,PVLP073,4
1250277991,1565729476,LC17,LC17,LC17,LC17,2
1250277991,1589972966,LC17,LC17(lVLPT4)_R,LC17,LC17,5
1250277991,1601227987,LC17,AVLP552_R,LC17,AVLP552,3
1250277991,1603645798,LC17,PVLP072_R,LC17,PVLP072,7
1250277991,1603957106,LC17,AVLP409_R,LC17,AVLP409,5
1250277991,1622360309,LC17,LC17,LC17,LC17,2
1250277991,1628528573,LC17,LC17,LC17,LC17,3
1250277991,1629163100,LC17,LC17(lVLPT7)_R,LC17,LC17,4
1250277991,1630342162,LC17,PVLP036_R,LC17,PVLP036,17
1250277991,1655474822,LC17,LC17,LC17,LC17,2
1250277991,1687831632,LC17,LC17,LC17,LC17,2
1250277991,1689187126,LC17,LC17,LC17,LC17,2
1250277991,1689239035,LC17,LC17,LC17,LC17,3
1250277991,1690694192,LC17,PVLP036_R,LC17,PVLP036,11
1250277991,1690698128,LC17,PVLP036_R,LC17,PVLP036,6
1250277991,1695693354,LC17,PVLP072_R,LC17,PVLP072,3
1250277991,1720105182,LC17,NA,LC17,NA,8
1250277991,1722307233,LC17,LC17(lVLPT7)_R,LC17,LC17,3
1250277991,1724345210,LC17,NA,LC17,NA,3
1250277991,1747518018,LC17,LC17,LC17,LC17,2
1250277991,1750251452,LC17,LC17,LC17,LC17,2
1250277991,1751666374,LC17,LC17,LC17,LC17,2
1250277991,1752962124,LC17,LC17,LC17,LC17,2
1250277991,1783361972,LC17,LC17,LC17,LC17,4
1250277991,1783690466,LC17,LC17,LC17,LC17,3
1250277991,1807572051,LC17,LC17,LC17,LC17,2
1250277991,1808241116,LC17,LC17,LC17,LC17,6
1250277991,1812696567,LC17,LC17,LC17,LC17,3
1250277991,1813382259,LC17,LC17(lVLPT7)_R,LC17,LC17,2
1250277991,1814031575,LC17,LC17,LC17,LC17,2
1250277991,1814055949,LC17,LC17,LC17,LC17,4
1250277991,1814729788,LC17,LC17,LC17,LC17,4
1250277991,1817444670,LC17,LC17(lVLPT7)_R,LC17,LC17,2
1250277991,1817449059,LC17,LC17,LC17,LC17,3
1250277991,1817449375,LC17,LC17,LC17,LC17,2
1250277991,1817453065,LC17,LC17,LC17,LC17,2
1250277991,1817457808,LC17,LC17,LC17,LC17,11
1250277991,1817457847,LC17,LC17,LC17,LC17,2
1250277991,1817457987,LC17,LC17,LC17,LC17,4
1250277991,1817458164,LC17,LC17,LC17,LC17,3
1250277991,1817463007,LC17,LC17,LC17,LC17,2
1250277991,1817790222,LC17,LC17,LC17,LC17,2
1250277991,1817794820,LC17,LC17(lVLPT7)_R,LC17,LC17,3
1250277991,1818122205,LC17,LC17,LC17,LC17,2
1250277991,1847806203,LC17,LC17,LC17,LC17,3
1250277991,1848151236,LC17,LC17,LC17,LC17,3
1250277991,1848483949,LC17,LC17(lVLPT4)_R,LC17,LC17,3
1250277991,1848492258,LC17,LC17,LC17,LC17,3
1250277991,1848820426,LC17,LC17(lVLPT7)_R,LC17,LC17,2
1250277991,1849161220,LC17,LC17,LC17,LC17,2
1250277991,1849166071,LC17,LC17,LC17,LC17,2
1250277991,1878845629,LC17,LC17,LC17,LC17,2
1250277991,1879519066,LC17,LC17,LC17,LC17,4
1250277991,1880887003,LC17,LC17,LC17,LC17,4
1250277991,1912600163,LC17,LC17,LC17,LC17,2
1250277991,1937193993,LC17,LC17,LC17,LC17,2
1250277991,1941264873,LC17,NA,LC17,NA,2
1250277991,1942306052,LC17,NA,LC17,NA,2
1250277991,2003679947,LC17,NA,LC17,NA,2
1250277991,2005022400,LC17,NA,LC17,NA,2
1250277991,2035746735,LC17,NA,LC17,NA,2
1250277991,2065413261,LC17,NA,LC17,NA,2
1250277991,2065758425,LC17,NA,LC17,NA,2
1250277991,2098149197,LC17,NA,LC17,NA,2
1250277991,5812991769,LC17,LC17,LC17,LC17,3
1250277991,5812992468,LC17,LC17,LC17,LC17,2
1250277991,5813017315,LC17,AVLP479_R,LC17,AVLP479,3
1250277991,5813039148,LC17,PVLP011_R,LC17,PVLP011,44
1250277991,5813040277,LC17,PVLP115_R,LC17,PVLP115,2
1250277991,5813057178,LC17,PVLP136_R,LC17,PVLP136,7
1250277991,5813057579,LC17,AVLP538_R,LC17,AVLP538,17
1250277991,5813068239,LC17,LC17,LC17,LC17,2
1250277991,5813076492,LC17,LC17,LC17,LC17,2
1250277991,5813077633,LC17,AVLP479_R,LC17,AVLP479,8
1250277991,5813080260,LC17,AVLP153_R,LC17,AVLP153,6
1313702895,447228814,LC17,PVLP106_R,LC17,PVLP106,35
1313702895,1068885266,LC17,PVLP151(SCB004)_R,LC17,PVLP151,7
1313702895,1158877703,LC17,LC17(lVLPT4)_R,LC17,LC17,2
1313702895,1158877783,LC17,LC17,LC17,LC17,3
1313702895,1189567690,LC17,LC17,LC17,LC17,4
1313702895,1221280490,LC17,LC17(lVLPT7)_R,LC17,LC17,2
1313702895,1312061760,LC17,AVLP572_R,LC17,AVLP572,2
1313702895,1321305370,LC17,PVLP061_R,LC17,PVLP061,55
1313702895,1348153557,LC17,LC17,LC17,LC17,2
1313702895,1354394414,LC17,PVLP120_R,LC17,PVLP120,15
1313702895,1374063129,LC17,PVLP132_R,LC17,PVLP132,20
1313702895,1381997776,LC17,PVLP071_R,LC17,PVLP071,6
1313702895,1382308349,LC17,PVLP071_R,LC17,PVLP071,7
1313702895,1435791739,LC17,PVLP132_R,LC17,PVLP132,15
1313702895,1449486007,LC17,AVLP537_R,LC17,AVLP537,12
1313702895,1471610338,LC17,LC17,LC17,LC17,3
1313702895,1479147574,LC17,PVLP072_R,LC17,PVLP072,9
1313702895,1479492693,LC17,PVLP072_R,LC17,PVLP072,6
1313702895,1497200791,LC17,LC17,LC17,LC17,5
1313702895,1508123633,LC17,PVLP018_R,LC17,PVLP018,3
1313702895,1510855070,LC17,PVLP080_R,LC17,PVLP080,2
1313702895,1512232956,LC17,AVLP135_R,LC17,AVLP135,2
1313702895,1535082316,LC17,PVLP135_R,LC17,PVLP135,20
1313702895,1535086505,LC17,PVLP135_R,LC17,PVLP135,12
1313702895,1563355501,LC17,LC17,LC17,LC17,2
1313702895,1601227987,LC17,AVLP552_R,LC17,AVLP552,2
1313702895,1603645798,LC17,PVLP072_R,LC17,PVLP072,6
1313702895,1621008677,LC17,LC17,LC17,LC17,3
1313702895,1622360309,LC17,LC17,LC17,LC17,2
1313702895,1625800608,LC17,LC17,LC17,LC17,2
1313702895,1630342162,LC17,PVLP036_R,LC17,PVLP036,10
1313702895,1656834653,LC17,LC17,LC17,LC17,2
1313702895,1659515529,LC17,LC17,LC17,LC17,2
1313702895,1663639752,LC17,NA,LC17,NA,2
1313702895,1687831632,LC17,LC17,LC17,LC17,5
1313702895,1689187126,LC17,LC17,LC17,LC17,3
1313702895,1690694192,LC17,PVLP036_R,LC17,PVLP036,24
1313702895,1690698128,LC17,PVLP036_R,LC17,PVLP036,5
1313702895,1695693354,LC17,PVLP072_R,LC17,PVLP072,3
1313702895,1719928105,LC17,LC17,LC17,LC17,3
1313702895,1720105182,LC17,NA,LC17,NA,4
1313702895,1722307233,LC17,LC17(lVLPT7)_R,LC17,LC17,2
1313702895,1747518018,LC17,LC17,LC17,LC17,2
1313702895,1748187330,LC17,LC17,LC17,LC17,2
1313702895,1752672460,LC17,LC17,LC17,LC17,3
1313702895,1753670596,LC17,LC17(lVLPT4)_R,LC17,LC17,2
1313702895,1782318275,LC17,LC17,LC17,LC17,4
1313702895,1782680353,LC17,LC17,LC17,LC17,2
1313702895,1783690466,LC17,LC17,LC17,LC17,2
1313702895,1813028777,LC17,LC17,LC17,LC17,4
1313702895,1814055949,LC17,LC17,LC17,LC17,6
1313702895,1814729223,LC17,LC17(lVLPT7)_R,LC17,LC17,4
1313702895,1817444670,LC17,LC17(lVLPT7)_R,LC17,LC17,3
1313702895,1817448659,LC17,LC17,LC17,LC17,3
1313702895,1817448921,LC17,LC17,LC17,LC17,2
1313702895,1817449229,LC17,LC17,LC17,LC17,2
1313702895,1817449375,LC17,LC17,LC17,LC17,2
1313702895,1817453257,LC17,LC17,LC17,LC17,3
1313702895,1817457808,LC17,LC17,LC17,LC17,5
1313702895,1817463007,LC17,LC17,LC17,LC17,2
1313702895,1817790281,LC17,LC17(lVLPT4)_R,LC17,LC17,2
1313702895,1817794820,LC17,LC17(lVLPT7)_R,LC17,LC17,2
1313702895,1818136404,LC17,LC17,LC17,LC17,3
1313702895,1818463564,LC17,NA,LC17,NA,5
1313702895,1818473569,LC17,LC17,LC17,LC17,2
1313702895,1844421716,LC17,LC17,LC17,LC17,3
1313702895,1847806203,LC17,LC17,LC17,LC17,2
1313702895,1848496662,LC17,LC17,LC17,LC17,4
1313702895,1849178917,LC17,LC17,LC17,LC17,2
1313702895,1875460978,LC17,LC17,LC17,LC17,2
1313702895,1876820783,LC17,LC17,LC17,LC17,2
1313702895,1879226079,LC17,NA,LC17,NA,4
1313702895,1911930591,LC17,NA,LC17,NA,3
1313702895,1912599513,LC17,NA,LC17,NA,2
1313702895,1912603791,LC17,NA,LC17,NA,2
1313702895,1937193993,LC17,LC17,LC17,LC17,2
1313702895,1942279336,LC17,NA,LC17,NA,2
1313702895,1943634711,LC17,NA,LC17,NA,3
1313702895,2006058425,LC17,NA,LC17,NA,2
1313702895,2096797637,LC17,NA,LC17,NA,2
1313702895,5812988086,LC17,LC17,LC17,LC17,3
1313702895,5812989875,LC17,AVLP409_R,LC17,AVLP409,2
1313702895,5812993994,LC17,LC17,LC17,LC17,2
1313702895,5813017315,LC17,AVLP479_R,LC17,AVLP479,9
1313702895,5813027276,LC17,AVLP080_R,LC17,AVLP080,5
1313702895,5813038918,LC17,LC17,LC17,LC17,2
1313702895,5813039148,LC17,PVLP011_R,LC17,PVLP011,40
1313702895,5813039410,LC17,LC17,LC17,LC17,2
1313702895,5813057579,LC17,AVLP538_R,LC17,AVLP538,20
1313702895,5813068239,LC17,LC17,LC17,LC17,2
1313702895,5813080260,LC17,AVLP153_R,LC17,AVLP153,2
1313702895,5901214683,LC17,AVLP135_R,LC17,AVLP135,4
1345079276,447228814,LC17,PVLP106_R,LC17,PVLP106,41
1345079276,1068885266,LC17,PVLP151(SCB004)_R,LC17,PVLP151,9
1345079276,1070950293,LC17,PVLP151(SCB004)_R,LC17,PVLP151,7
1345079276,1250277991,LC17,LC17,LC17,LC17,2
1345079276,1321305370,LC17,PVLP061_R,LC17,PVLP061,86
1345079276,1354394414,LC17,PVLP120_R,LC17,PVLP120,12
1345079276,1374063129,LC17,PVLP132_R,LC17,PVLP132,19
1345079276,1381997776,LC17,PVLP071_R,LC17,PVLP071,10
1345079276,1382308349,LC17,PVLP071_R,LC17,PVLP071,7
1345079276,1420172582,LC17,NA,LC17,NA,2
1345079276,1435791739,LC17,PVLP132_R,LC17,PVLP132,14
1345079276,1435822283,LC17,LC17,LC17,LC17,2
1345079276,1449486007,LC17,AVLP537_R,LC17,AVLP537,10
1345079276,1466844031,LC17,LC17,LC17,LC17,2
1345079276,1472965897,LC17,LC17,LC17,LC17,4
1345079276,1479147574,LC17,PVLP072_R,LC17,PVLP072,7
1345079276,1479492693,LC17,PVLP072_R,LC17,PVLP072,5
1345079276,1504428248,LC17,PVLP075_R,LC17,PVLP075,3
1345079276,1508123633,LC17,PVLP018_R,LC17,PVLP018,2
1345079276,1530606252,LC17,LC17(lVLPT7)_R,LC17,LC17,2
1345079276,1534694621,LC17,LC17,LC17,LC17,3
1345079276,1535082316,LC17,PVLP135_R,LC17,PVLP135,26
1345079276,1535086505,LC17,PVLP135_R,LC17,PVLP135,14
1345079276,1565729476,LC17,LC17,LC17,LC17,3
1345079276,1603645798,LC17,PVLP072_R,LC17,PVLP072,12
1345079276,1630342162,LC17,PVLP036_R,LC17,PVLP036,2
1345079276,1654413566,LC17,LC17,LC17,LC17,2
1345079276,1655474822,LC17,LC17,LC17,LC17,3
1345079276,1656153289,LC17,LC17,LC17,LC17,3
1345079276,1663639752,LC17,NA,LC17,NA,3
1345079276,1684443103,LC17,LC17,LC17,LC17,2
1345079276,1690694192,LC17,PVLP036_R,LC17,PVLP036,9
1345079276,1690698128,LC17,PVLP036_R,LC17,PVLP036,4
1345079276,1695693354,LC17,PVLP072_R,LC17,PVLP072,4
1345079276,1714791446,LC17,LC17,LC17,LC17,2
1345079276,1720105182,LC17,NA,LC17,NA,5
1345079276,1722307233,LC17,LC17(lVLPT7)_R,LC17,LC17,2
1345079276,1724345210,LC17,NA,LC17,NA,2
1345079276,1751262627,LC17,LC17,LC17,LC17,3
1345079276,1752672460,LC17,LC17,LC17,LC17,2
1345079276,1783690466,LC17,LC17,LC17,LC17,3
1345079276,1813028777,LC17,LC17,LC17,LC17,3
1345079276,1814031575,LC17,LC17,LC17,LC17,3
1345079276,1814729223,LC17,LC17(lVLPT7)_R,LC17,LC17,2
1345079276,1814729788,LC17,LC17,LC17,LC17,2
1345079276,1817108009,LC17,LC17,LC17,LC17,2
1345079276,1817449375,LC17,LC17,LC17,LC17,2
1345079276,1817452948,LC17,LC17,LC17,LC17,2
1345079276,1817453557,LC17,LC17(lVLPT4)_R,LC17,LC17,5
1345079276,1817457808,LC17,LC17,LC17,LC17,2
1345079276,1817457984,LC17,LC17,LC17,LC17,3
1345079276,1817457987,LC17,LC17,LC17,LC17,2
1345079276,1817786077,LC17,LC17,LC17,LC17,2
1345079276,1817790176,LC17,LC17,LC17,LC17,3
1345079276,1817790222,LC17,LC17,LC17,LC17,3
1345079276,1817790409,LC17,LC17(lVLPT7)_R,LC17,LC17,2
1345079276,1817799390,LC17,LC17,LC17,LC17,2
1345079276,1818122205,LC17,LC17,LC17,LC17,3
1345079276,1818136404,LC17,LC17,LC17,LC17,2
1345079276,1844421716,LC17,LC17,LC17,LC17,3
1345079276,1847806275,LC17,LC17,LC17,LC17,2
1345079276,1848151236,LC17,LC17,LC17,LC17,3
1345079276,1848151877,LC17,LC17,LC17,LC17,3
1345079276,1848483949,LC17,LC17(lVLPT4)_R,LC17,LC17,3
1345079276,1848488366,LC17,NA,LC17,NA,2
1345079276,1848506334,LC17,NA,LC17,NA,3
1345079276,1848820426,LC17,LC17(lVLPT7)_R,LC17,LC17,3
1345079276,1849161407,LC17,LC17,LC17,LC17,4
1345079276,1879519066,LC17,LC17,LC17,LC17,4
1345079276,1879877415,LC17,LC17(lVLPT4)_R,LC17,LC17,4
1345079276,1910920228,LC17,NA,LC17,NA,3
1345079276,1911917800,LC17,NA,LC17,NA,2
1345079276,1973314007,LC17,NA,LC17,NA,2
1345079276,2005044052,LC17,NA,LC17,NA,3
1345079276,2029624973,LC17,LC17,LC17,LC17,2
1345079276,5812988086,LC17,LC17,LC17,LC17,2
1345079276,5812991769,LC17,LC17,LC17,LC17,2
1345079276,5812992468,LC17,LC17,LC17,LC17,2
1345079276,5812998833,LC17,LC17,LC17,LC17,2
1345079276,5813017315,LC17,AVLP479_R,LC17,AVLP479,10
1345079276,5813039148,LC17,PVLP011_R,LC17,PVLP011,51
1345079276,5813057579,LC17,AVLP538_R,LC17,AVLP538,17
1345079276,5813077633,LC17,AVLP479_R,LC17,AVLP479,10
1345079276,5813080260,LC17,AVLP153_R,LC17,AVLP153,3
1347126097,447228814,LC17,PVLP106_R,LC17,PVLP106,41
1347126097,1068885266,LC17,PVLP151(SCB004)_R,LC17,PVLP151,5
1347126097,1070950293,LC17,PVLP151(SCB004)_R,LC17,PVLP151,3
1347126097,1189567690,LC17,LC17,LC17,LC17,4
1347126097,1219592090,LC17,LC17(lVLPT7)_R,LC17,LC17,2
1347126097,1221280490,LC17,LC17(lVLPT7)_R,LC17,LC17,4
1347126097,1321305370,LC17,PVLP061_R,LC17,PVLP061,70
1347126097,1354394414,LC17,PVLP120_R,LC17,PVLP120,3
1347126097,1374063129,LC17,PVLP132_R,LC17,PVLP132,6
1347126097,1375769049,LC17,LC17,LC17,LC17,3
1347126097,1381997776,LC17,PVLP071_R,LC17,PVLP071,16
1347126097,1382308349,LC17,PVLP071_R,LC17,PVLP071,14
1347126097,1405788552,LC17,LC17,LC17,LC17,4
1347126097,1420172582,LC17,NA,LC17,NA,2
1347126097,1435791739,LC17,PVLP132_R,LC17,PVLP132,10
1347126097,1435822283,LC17,LC17,LC17,LC17,2
1347126097,1437165487,LC17,LC17,LC17,LC17,3
1347126097,1449486007,LC17,AVLP537_R,LC17,AVLP537,11
1347126097,1479147574,LC17,PVLP072_R,LC17,PVLP072,7
1347126097,1479492693,LC17,PVLP072_R,LC17,PVLP072,3
1347126097,1497200791,LC17,LC17,LC17,LC17,2
1347126097,1504428248,LC17,PVLP075_R,LC17,PVLP075,4
1347126097,1508123633,LC17,PVLP018_R,LC17,PVLP018,5
1347126097,1530606252,LC17,LC17(lVLPT7)_R,LC17,LC17,2
1347126097,1535082316,LC17,PVLP135_R,LC17,PVLP135,24
1347126097,1535086505,LC17,PVLP135_R,LC17,PVLP135,18
1347126097,1539496112,LC17,PVLP073_R,LC17,PVLP073,3
1347126097,1565729476,LC17,LC17,LC17,LC17,4
1347126097,1603645798,LC17,PVLP072_R,LC17,PVLP072,7
1347126097,1603957106,LC17,AVLP409_R,LC17,AVLP409,3
1347126097,1621008677,LC17,LC17,LC17,LC17,5
1347126097,1625800608,LC17,LC17,LC17,LC17,2
1347126097,1628528573,LC17,LC17,LC17,LC17,3
1347126097,1630342162,LC17,PVLP036_R,LC17,PVLP036,6
1347126097,1656834653,LC17,LC17,LC17,LC17,2
1347126097,1659515529,LC17,LC17,LC17,LC17,3
1347126097,1689915765,LC17,LC17,LC17,LC17,3
1347126097,1690694192,LC17,PVLP036_R,LC17,PVLP036,5
1347126097,1690698128,LC17,PVLP036_R,LC17,PVLP036,3
1347126097,1695693354,LC17,PVLP072_R,LC17,PVLP072,7
1347126097,1714791446,LC17,LC17,LC17,LC17,3
1347126097,1719928105,LC17,LC17,LC17,LC17,3
1347126097,1720105182,LC17,NA,LC17,NA,4
1347126097,1724345210,LC17,NA,LC17,NA,2
1347126097,1747518018,LC17,LC17,LC17,LC17,2
1347126097,1750251452,LC17,LC17,LC17,LC17,2
1347126097,1752672460,LC17,LC17,LC17,LC17,2
1347126097,1752962124,LC17,LC17,LC17,LC17,2
1347126097,1754019541,LC17,LC17,LC17,LC17,2
1347126097,1782680353,LC17,LC17,LC17,LC17,2
1347126097,1813382259,LC17,LC17(lVLPT7)_R,LC17,LC17,2
1347126097,1814410124,LC17,LC17,LC17,LC17,3
1347126097,1814729223,LC17,LC17(lVLPT7)_R,LC17,LC17,2
1347126097,1817113079,LC17,LC17,LC17,LC17,2
1347126097,1817448921,LC17,LC17,LC17,LC17,3
1347126097,1817448971,LC17,LC17,LC17,LC17,2
1347126097,1817449116,LC17,LC17(lVLPT4)_R,LC17,LC17,3
1347126097,1817449375,LC17,LC17,LC17,LC17,2
1347126097,1817453257,LC17,LC17,LC17,LC17,3
1347126097,1817453557,LC17,LC17(lVLPT4)_R,LC17,LC17,4
1347126097,1817785682,LC17,LC17,LC17,LC17,2
1347126097,1817790281,LC17,LC17(lVLPT4)_R,LC17,LC17,2
1347126097,1818136404,LC17,LC17,LC17,LC17,2
1347126097,1847806203,LC17,LC17,LC17,LC17,3
1347126097,1848156241,LC17,LC17,LC17,LC17,4
1347126097,1848506334,LC17,NA,LC17,NA,3
1347126097,1848837843,LC17,LC17,LC17,LC17,2
1347126097,1849161220,LC17,LC17,LC17,LC17,2
1347126097,1849174879,LC17,LC17(lVLPT7)_R,LC17,LC17,2
1347126097,1849178917,LC17,LC17,LC17,LC17,3
1347126097,1849179266,LC17,LC17,LC17,LC17,3
1347126097,1849503142,LC17,LC17,LC17,LC17,2
1347126097,1875124235,LC17,LC17,LC17,LC17,3
1347126097,1878845629,LC17,LC17,LC17,LC17,2
1347126097,1879877415,LC17,LC17(lVLPT4)_R,LC17,LC17,2
1347126097,1880887003,LC17,LC17,LC17,LC17,3
1347126097,1881215402,LC17,NA,LC17,NA,4
1347126097,1908865507,LC17,LC17,LC17,LC17,2
1347126097,1941959533,LC17,NA,LC17,NA,2
1347126097,1942974391,LC17,NA,LC17,NA,2
1347126097,2003684409,LC17,NA,LC17,NA,2
1347126097,2029624973,LC17,LC17,LC17,LC17,4
1347126097,2035742338,LC17,NA,LC17,NA,2
1347126097,2065762604,LC17,NA,LC17,NA,2
1347126097,2067463269,LC17,NA,LC17,NA,2
1347126097,5813017315,LC17,AVLP479_R,LC17,AVLP479,7
1347126097,5813038918,LC17,LC17,LC17,LC17,2
1347126097,5813039148,LC17,PVLP011_R,LC17,PVLP011,45
1347126097,5813054384,LC17,PPM1203_R,LC17,PPM1203,3
1347126097,5813057579,LC17,AVLP538_R,LC17,AVLP538,15
1347126097,5813077633,LC17,AVLP479_R,LC17,AVLP479,8
1347812305,447228814,LC17(lVLPT7)_R,PVLP106_R,LC17,PVLP106,32
1347812305,912601209,LC17(lVLPT7)_R,PLP244(SCB010)_L,LC17,PLP244,2
1347812305,1068885266,LC17(lVLPT7)_R,PVLP151(SCB004)_R,LC17,PVLP151,6
1347812305,1070950293,LC17(lVLPT7)_R,PVLP151(SCB004)_R,LC17,PVLP151,2
1347812305,1158877783,LC17(lVLPT7)_R,LC17,LC17,LC17,2
1347812305,1221285175,LC17(lVLPT7)_R,LC17,LC17,LC17,2
1347812305,1260949492,LC17(lVLPT7)_R,AVLP340_R,LC17,AVLP340,2
1347812305,1313702895,LC17(lVLPT7)_R,LC17,LC17,LC17,2
1347812305,1321305370,LC17(lVLPT7)_R,PVLP061_R,LC17,PVLP061,72
1347812305,1354394414,LC17(lVLPT7)_R,PVLP120_R,LC17,PVLP120,8
1347812305,1374063129,LC17(lVLPT7)_R,PVLP132_R,LC17,PVLP132,12
1347812305,1381997776,LC17(lVLPT7)_R,PVLP071_R,LC17,PVLP071,4
1347812305,1382308349,LC17(lVLPT7)_R,PVLP071_R,LC17,PVLP071,5
1347812305,1420172582,LC17(lVLPT7)_R,NA,LC17,NA,2
1347812305,1435791739,LC17(lVLPT7)_R,PVLP132_R,LC17,PVLP132,11
1347812305,1435822283,LC17(lVLPT7)_R,LC17,LC17,LC17,2
1347812305,1449486007,LC17(lVLPT7)_R,AVLP537_R,LC17,AVLP537,18
1347812305,1472965897,LC17(lVLPT7)_R,LC17,LC17,LC17,2
1347812305,1479147574,LC17(lVLPT7)_R,PVLP072_R,LC17,PVLP072,11
1347812305,1479492693,LC17(lVLPT7)_R,PVLP072_R,LC17,PVLP072,8
1347812305,1508123633,LC17(lVLPT7)_R,PVLP018_R,LC17,PVLP018,2
1347812305,1530606252,LC17(lVLPT7)_R,LC17(lVLPT7)_R,LC17,LC17,3
1347812305,1534694621,LC17(lVLPT7)_R,LC17,LC17,LC17,3
1347812305,1535082316,LC17(lVLPT7)_R,PVLP135_R,LC17,PVLP135,16
1347812305,1535086505,LC17(lVLPT7)_R,PVLP135_R,LC17,PVLP135,16
1347812305,1601227987,LC17(lVLPT7)_R,AVLP552_R,LC17,AVLP552,3
1347812305,1603645798,LC17(lVLPT7)_R,PVLP072_R,LC17,PVLP072,5
1347812305,1625800608,LC17(lVLPT7)_R,LC17,LC17,LC17,3
1347812305,1630342162,LC17(lVLPT7)_R,PVLP036_R,LC17,PVLP036,3
1347812305,1654413566,LC17(lVLPT7)_R,LC17,LC17,LC17,2
1347812305,1656153289,LC17(lVLPT7)_R,LC17,LC17,LC17,2
1347812305,1689187126,LC17(lVLPT7)_R,LC17,LC17,LC17,4
1347812305,1690694192,LC17(lVLPT7)_R,PVLP036_R,LC17,PVLP036,18
1347812305,1714791446,LC17(lVLPT7)_R,LC17,LC17,LC17,5
1347812305,1720105182,LC17(lVLPT7)_R,NA,LC17,NA,2
1347812305,1722307233,LC17(lVLPT7)_R,LC17(lVLPT7)_R,LC17,LC17,2
1347812305,1724345210,LC17(lVLPT7)_R,NA,LC17,NA,2
1347812305,1747181914,LC17(lVLPT7)_R,LC17,LC17,LC17,2
1347812305,1750251452,LC17(lVLPT7)_R,LC17,LC17,LC17,2
1347812305,1776865370,LC17(lVLPT7)_R,LC17,LC17,LC17,2
1347812305,1782680353,LC17(lVLPT7)_R,LC17,LC17,LC17,2
1347812305,1807572051,LC17(lVLPT7)_R,LC17,LC17,LC17,3
1347812305,1808241116,LC17(lVLPT7)_R,LC17,LC17,LC17,5
1347812305,1814055949,LC17(lVLPT7)_R,LC17,LC17,LC17,2
1347812305,1814729223,LC17(lVLPT7)_R,LC17(lVLPT7)_R,LC17,LC17,3
1347812305,1817108009,LC17(lVLPT7)_R,LC17,LC17,LC17,2
1347812305,1817449059,LC17(lVLPT7)_R,LC17,LC17,LC17,3
1347812305,1817453257,LC17(lVLPT7)_R,LC17,LC17,LC17,2
1347812305,1817457847,LC17(lVLPT7)_R,LC17,LC17,LC17,2
1347812305,1817457987,LC17(lVLPT7)_R,LC17,LC17,LC17,2
1347812305,1817458052,LC17(lVLPT7)_R,LC17,LC17,LC17,2
1347812305,1817458164,LC17(lVLPT7)_R,LC17,LC17,LC17,2
1347812305,1817790222,LC17(lVLPT7)_R,LC17,LC17,LC17,3
1347812305,1817790281,LC17(lVLPT7)_R,LC17(lVLPT4)_R,LC17,LC17,2
1347812305,1818122205,LC17(lVLPT7)_R,LC17,LC17,LC17,2
1347812305,1818473569,LC17(lVLPT7)_R,LC17,LC17,LC17,2
1347812305,1845772658,LC17(lVLPT7)_R,LC17(lVLPT7)_R,LC17,LC17,2
1347812305,1848138779,LC17(lVLPT7)_R,LC17,LC17,LC17,2
1347812305,1848143184,LC17(lVLPT7)_R,LC17,LC17,LC17,2
1347812305,1848151236,LC17(lVLPT7)_R,LC17,LC17,LC17,2
1347812305,1848824817,LC17(lVLPT7)_R,LC17,LC17,LC17,3
1347812305,1849161220,LC17(lVLPT7)_R,LC17,LC17,LC17,2
1347812305,1849166071,LC17(lVLPT7)_R,LC17,LC17,LC17,3
1347812305,1849178917,LC17(lVLPT7)_R,LC17,LC17,LC17,2
1347812305,1876820783,LC17(lVLPT7)_R,LC17,LC17,LC17,2
1347812305,1879877415,LC17(lVLPT7)_R,LC17(lVLPT4)_R,LC17,LC17,2
1347812305,1880887003,LC17(lVLPT7)_R,LC17,LC17,LC17,6
1347812305,1912600163,LC17(lVLPT7)_R,LC17,LC17,LC17,4
1347812305,1941942728,LC17(lVLPT7)_R,NA,LC17,NA,3
1347812305,1974669584,LC17(lVLPT7)_R,NA,LC17,NA,4
1347812305,2029624973,LC17(lVLPT7)_R,LC17,LC17,LC17,2
1347812305,2036087361,LC17(lVLPT7)_R,NA,LC17,NA,2
1347812305,2036765330,LC17(lVLPT7)_R,NA,LC17,NA,2
1347812305,2067105695,LC17(lVLPT7)_R,NA,LC17,NA,2
1347812305,5812988086,LC17(lVLPT7)_R,LC17,LC17,LC17,2
1347812305,5813017315,LC17(lVLPT7)_R,AVLP479_R,LC17,AVLP479,12
1347812305,5813027276,LC17(lVLPT7)_R,AVLP080_R,LC17,AVLP080,3
1347812305,5813039148,LC17(lVLPT7)_R,PVLP011_R,LC17,PVLP011,45
1347812305,5813054384,LC17(lVLPT7)_R,PPM1203_R,LC17,PPM1203,2
1347812305,5813057178,LC17(lVLPT7)_R,PVLP136_R,LC17,PVLP136,2
1347812305,5813057579,LC17(lVLPT7)_R,AVLP538_R,LC17,AVLP538,8
1347812305,5813077633,LC17(lVLPT7)_R,AVLP479_R,LC17,AVLP479,11
1348153557,447228814,LC17,PVLP106_R,LC17,PVLP106,34
1348153557,1068885266,LC17,PVLP151(SCB004)_R,LC17,PVLP151,4
1348153557,1158877703,LC17,LC17(lVLPT4)_R,LC17,LC17,2
1348153557,1190250299,LC17,LC17,LC17,LC17,4
1348153557,1221280490,LC17,LC17(lVLPT7)_R,LC17,LC17,3
1348153557,1321305370,LC17,PVLP061_R,LC17,PVLP061,65
1348153557,1354394414,LC17,PVLP120_R,LC17,PVLP120,4
1348153557,1374063129,LC17,PVLP132_R,LC17,PVLP132,10
1348153557,1381997776,LC17,PVLP071_R,LC17,PVLP071,11
1348153557,1382308349,LC17,PVLP071_R,LC17,PVLP071,7
1348153557,1435791739,LC17,PVLP132_R,LC17,PVLP132,14
1348153557,1449486007,LC17,AVLP537_R,LC17,AVLP537,5
1348153557,1471607030,LC17,LC17,LC17,LC17,3
1348153557,1475188631,LC17,AVLP541_R,LC17,AVLP541,2
1348153557,1479147574,LC17,PVLP072_R,LC17,PVLP072,6
1348153557,1479492693,LC17,PVLP072_R,LC17,PVLP072,3
1348153557,1535082316,LC17,PVLP135_R,LC17,PVLP135,18
1348153557,1535086505,LC17,PVLP135_R,LC17,PVLP135,19
1348153557,1563355501,LC17,LC17,LC17,LC17,2
1348153557,1565729476,LC17,LC17,LC17,LC17,2
1348153557,1589972966,LC17,LC17(lVLPT4)_R,LC17,LC17,2
1348153557,1593012939,LC17,LC17,LC17,LC17,2
1348153557,1603645798,LC17,PVLP072_R,LC17,PVLP072,10
1348153557,1630342162,LC17,PVLP036_R,LC17,PVLP036,7
1348153557,1656153289,LC17,LC17,LC17,LC17,6
1348153557,1658881325,LC17,LC17,LC17,LC17,2
1348153557,1689200671,LC17,LC17,LC17,LC17,2
1348153557,1690694192,LC17,PVLP036_R,LC17,PVLP036,8
1348153557,1690698128,LC17,PVLP036_R,LC17,PVLP036,4
1348153557,1690917721,LC17,LC17,LC17,LC17,4
1348153557,1695693354,LC17,PVLP072_R,LC17,PVLP072,5
1348153557,1722307233,LC17,LC17(lVLPT7)_R,LC17,LC17,2
1348153557,1748187330,LC17,LC17,LC17,LC17,2
1348153557,1751262627,LC17,LC17,LC17,LC17,2
1348153557,1781324410,LC17,LC17,LC17,LC17,3
1348153557,1782318275,LC17,LC17,LC17,LC17,2
1348153557,1782680353,LC17,LC17,LC17,LC17,2
1348153557,1812363713,LC17,LC17,LC17,LC17,4
1348153557,1812696567,LC17,LC17,LC17,LC17,3
1348153557,1813028777,LC17,LC17,LC17,LC17,2
1348153557,1814729223,LC17,LC17(lVLPT7)_R,LC17,LC17,2
1348153557,1817108009,LC17,LC17,LC17,LC17,2
1348153557,1817112855,LC17,LC17,LC17,LC17,2
1348153557,1817121540,LC17,NA,LC17,NA,2
1348153557,1817444315,LC17,LC17(lVLPT7)_R,LC17,LC17,2
1348153557,1817448921,LC17,LC17,LC17,LC17,2
1348153557,1817448971,LC17,LC17,LC17,LC17,2
1348153557,1817449116,LC17,LC17(lVLPT4)_R,LC17,LC17,2
1348153557,1817449375,LC17,LC17,LC17,LC17,2
1348153557,1817453257,LC17,LC17,LC17,LC17,4
1348153557,1817457984,LC17,LC17,LC17,LC17,5
1348153557,1817785661,LC17,LC17,LC17,LC17,3
1348153557,1817785682,LC17,LC17,LC17,LC17,4
1348153557,1818473569,LC17,LC17,LC17,LC17,2
1348153557,1847810811,LC17,LC17(lVLPT7)_R,LC17,LC17,3
1348153557,1848496710,LC17,NA,LC17,NA,2
1348153557,1849161407,LC17,LC17,LC17,LC17,2
1348153557,1849166071,LC17,LC17,LC17,LC17,2
1348153557,1849178917,LC17,LC17,LC17,LC17,2
1348153557,1879519066,LC17,LC17,LC17,LC17,3
1348153557,1879877415,LC17,LC17(lVLPT4)_R,LC17,LC17,2
1348153557,1912600163,LC17,LC17,LC17,LC17,3
1348153557,1972649662,LC17,NA,LC17,NA,3
1348153557,1972654002,LC17,NA,LC17,NA,4
1348153557,1973983546,LC17,NA,LC17,NA,2
1348153557,2029624973,LC17,LC17,LC17,LC17,2
1348153557,2067795779,LC17,NA,LC17,NA,3
1348153557,5812993994,LC17,LC17,LC17,LC17,5
1348153557,5812998833,LC17,LC17,LC17,LC17,2
1348153557,5812999009,LC17,LC17(lVLPT4)_R,LC17,LC17,3
1348153557,5813017315,LC17,AVLP479_R,LC17,AVLP479,14
1348153557,5813038679,LC17,LC17,LC17,LC17,2
1348153557,5813039148,LC17,PVLP011_R,LC17,PVLP011,51
1348153557,5813057579,LC17,AVLP538_R,LC17,AVLP538,16
1348153557,5813077633,LC17,AVLP479_R,LC17,AVLP479,7
1348153557,5813080260,LC17,AVLP153_R,LC17,AVLP153,2
1348153557,5901214683,LC17,AVLP135_R,LC17,AVLP135,3
1375769049,447228814,LC17,PVLP106_R,LC17,PVLP106,30
1375769049,1068885266,LC17,PVLP151(SCB004)_R,LC17,PVLP151,8
1375769049,1158877783,LC17,LC17,LC17,LC17,2
1375769049,1219592090,LC17,LC17(lVLPT7)_R,LC17,LC17,2
1375769049,1221285175,LC17,LC17,LC17,LC17,2
1375769049,1250277991,LC17,LC17,LC17,LC17,3
1375769049,1321305370,LC17,PVLP061_R,LC17,PVLP061,59
1375769049,1345079276,LC17,LC17,LC17,LC17,2
1375769049,1348153557,LC17,LC17,LC17,LC17,2
1375769049,1354394414,LC17,PVLP120_R,LC17,PVLP120,8
1375769049,1374063129,LC17,PVLP132_R,LC17,PVLP132,11
1375769049,1381997776,LC17,PVLP071_R,LC17,PVLP071,6
1375769049,1382308349,LC17,PVLP071_R,LC17,PVLP071,2
1375769049,1435791739,LC17,PVLP132_R,LC17,PVLP132,12
1375769049,1449486007,LC17,AVLP537_R,LC17,AVLP537,8
1375769049,1475188631,LC17,AVLP541_R,LC17,AVLP541,2
1375769049,1479147574,LC17,PVLP072_R,LC17,PVLP072,8
1375769049,1479492693,LC17,PVLP072_R,LC17,PVLP072,2
1375769049,1508123633,LC17,PVLP018_R,LC17,PVLP018,6
1375769049,1534694621,LC17,LC17,LC17,LC17,3
1375769049,1535082316,LC17,PVLP135_R,LC17,PVLP135,13
1375769049,1535086505,LC17,PVLP135_R,LC17,PVLP135,11
1375769049,1603645798,LC17,PVLP072_R,LC17,PVLP072,7
1375769049,1630342162,LC17,PVLP036_R,LC17,PVLP036,3
1375769049,1654413566,LC17,LC17,LC17,LC17,2
1375769049,1656153289,LC17,LC17,LC17,LC17,2
1375769049,1659515529,LC17,LC17,LC17,LC17,2
1375769049,1663639752,LC17,NA,LC17,NA,2
1375769049,1689915765,LC17,LC17,LC17,LC17,4
1375769049,1690694192,LC17,PVLP036_R,LC17,PVLP036,10
1375769049,1690698128,LC17,PVLP036_R,LC17,PVLP036,4
1375769049,1714791446,LC17,LC17,LC17,LC17,3
1375769049,1720105182,LC17,NA,LC17,NA,4
1375769049,1747181914,LC17,LC17,LC17,LC17,2
1375769049,1747518018,LC17,LC17,LC17,LC17,2
1375769049,1751666374,LC17,LC17,LC17,LC17,5
1375769049,1754019541,LC17,LC17,LC17,LC17,2
1375769049,1807572051,LC17,LC17,LC17,LC17,6
1375769049,1812363713,LC17,LC17,LC17,LC17,2
1375769049,1813382259,LC17,LC17(lVLPT7)_R,LC17,LC17,2
1375769049,1814410124,LC17,LC17,LC17,LC17,2
1375769049,1817107934,LC17,LC17,LC17,LC17,3
1375769049,1817113079,LC17,LC17,LC17,LC17,2
1375769049,1817449236,LC17,LC17,LC17,LC17,2
1375769049,1817457808,LC17,LC17,LC17,LC17,2
1375769049,1817457984,LC17,LC17,LC17,LC17,3
1375769049,1817457987,LC17,LC17,LC17,LC17,3
1375769049,1817785661,LC17,LC17,LC17,LC17,2
1375769049,1817794820,LC17,LC17(lVLPT7)_R,LC17,LC17,2
1375769049,1847810811,LC17,LC17(lVLPT7)_R,LC17,LC17,5
1375769049,1847815147,LC17,LC17(lVLPT7)_R,LC17,LC17,2
1375769049,1848151571,LC17,LC17(lVLPT7)_R,LC17,LC17,2
1375769049,1848151877,LC17,LC17,LC17,LC17,3
1375769049,1848483949,LC17,LC17(lVLPT4)_R,LC17,LC17,2
1375769049,1848492258,LC17,LC17,LC17,LC17,2
1375769049,1848492714,LC17,LC17,LC17,LC17,2
1375769049,1848496927,LC17,NA,LC17,NA,2
1375769049,1848820426,LC17,LC17(lVLPT7)_R,LC17,LC17,3
1375769049,1848824817,LC17,LC17,LC17,LC17,2
1375769049,1848828925,LC17,LC17(lVLPT7)_R,LC17,LC17,2
1375769049,1848837843,LC17,LC17,LC17,LC17,2
1375769049,1849503142,LC17,LC17,LC17,LC17,2
1375769049,1876820783,LC17,LC17,LC17,LC17,2
1375769049,1878845226,LC17,LC17,LC17,LC17,2
1375769049,1879877415,LC17,LC17(lVLPT4)_R,LC17,LC17,2
1375769049,1880205322,LC17,NA,LC17,NA,2
1375769049,1911257569,LC17,NA,LC17,NA,2
1375769049,1912600163,LC17,LC17,LC17,LC17,4
1375769049,2035068951,LC17,NA,LC17,NA,3
1375769049,2035746735,LC17,NA,LC17,NA,2
1375769049,2036407124,LC17,NA,LC17,NA,2
1375769049,2037097519,LC17,NA,LC17,NA,2
1375769049,2098830722,LC17,NA,LC17,NA,2
1375769049,2128505901,LC17,NA,LC17,NA,2
1375769049,5812988086,LC17,LC17,LC17,LC17,2
1375769049,5812992219,LC17,LC17,LC17,LC17,3
1375769049,5813017315,LC17,AVLP479_R,LC17,AVLP479,8
1375769049,5813039148,LC17,PVLP011_R,LC17,PVLP011,42
1375769049,5813054384,LC17,PPM1203_R,LC17,PPM1203,2
1375769049,5813057178,LC17,PVLP136_R,LC17,PVLP136,2
1375769049,5813057579,LC17,AVLP538_R,LC17,AVLP538,20
1375769049,5813077633,LC17,AVLP479_R,LC17,AVLP479,8
1405788552,447228814,LC17,PVLP106_R,LC17,PVLP106,25
1405788552,912601209,LC17,PLP244(SCB010)_L,LC17,PLP244,2
1405788552,1068885266,LC17,PVLP151(SCB004)_R,LC17,PVLP151,5
1405788552,1070950293,LC17,PVLP151(SCB004)_R,LC17,PVLP151,3
1405788552,1158877703,LC17,LC17(lVLPT4)_R,LC17,LC17,3
1405788552,1219592090,LC17,LC17(lVLPT7)_R,LC17,LC17,2
1405788552,1321305370,LC17,PVLP061_R,LC17,PVLP061,66
1405788552,1345079276,LC17,LC17,LC17,LC17,3
1405788552,1347126097,LC17,LC17,LC17,LC17,3
1405788552,1347812305,LC17,LC17(lVLPT7)_R,LC17,LC17,2
1405788552,1354394414,LC17,PVLP120_R,LC17,PVLP120,8
1405788552,1374063129,LC17,PVLP132_R,LC17,PVLP132,9
1405788552,1381997776,LC17,PVLP071_R,LC17,PVLP071,5
1405788552,1382308349,LC17,PVLP071_R,LC17,PVLP071,8
1405788552,1420172582,LC17,NA,LC17,NA,3
1405788552,1435791739,LC17,PVLP132_R,LC17,PVLP132,13
1405788552,1449486007,LC17,AVLP537_R,LC17,AVLP537,11
1405788552,1472965897,LC17,LC17,LC17,LC17,2
1405788552,1477148598,LC17,PVLP075_R,LC17,PVLP075,2
1405788552,1479147574,LC17,PVLP072_R,LC17,PVLP072,7
1405788552,1479492693,LC17,PVLP072_R,LC17,PVLP072,6
1405788552,1508123633,LC17,PVLP018_R,LC17,PVLP018,2
1405788552,1528577476,LC17,LC17,LC17,LC17,4
1405788552,1530606252,LC17,LC17(lVLPT7)_R,LC17,LC17,2
1405788552,1535082316,LC17,PVLP135_R,LC17,PVLP135,23
1405788552,1535086505,LC17,PVLP135_R,LC17,PVLP135,20
1405788552,1561301125,LC17,LC17,LC17,LC17,2
1405788552,1563355501,LC17,LC17,LC17,LC17,2
1405788552,1565729476,LC17,LC17,LC17,LC17,2
1405788552,1593012939,LC17,LC17,LC17,LC17,4
1405788552,1603645798,LC17,PVLP072_R,LC17,PVLP072,5
1405788552,1603957106,LC17,AVLP409_R,LC17,AVLP409,2
1405788552,1622360309,LC17,LC17,LC17,LC17,2
1405788552,1628528573,LC17,LC17,LC17,LC17,2
1405788552,1630342162,LC17,PVLP036_R,LC17,PVLP036,14
1405788552,1658881325,LC17,LC17,LC17,LC17,2
1405788552,1659515529,LC17,LC17,LC17,LC17,2
1405788552,1689187126,LC17,LC17,LC17,LC17,2
1405788552,1690694192,LC17,PVLP036_R,LC17,PVLP036,7
1405788552,1690698128,LC17,PVLP036_R,LC17,PVLP036,3
1405788552,1714791446,LC17,LC17,LC17,LC17,2
1405788552,1720454234,LC17,NA,LC17,NA,2
1405788552,1722307233,LC17,LC17(lVLPT7)_R,LC17,LC17,2
1405788552,1724345210,LC17,NA,LC17,NA,2
1405788552,1750251452,LC17,LC17,LC17,LC17,2
1405788552,1753670596,LC17,LC17(lVLPT4)_R,LC17,LC17,2
1405788552,1781324410,LC17,LC17,LC17,LC17,2
1405788552,1813382259,LC17,LC17(lVLPT7)_R,LC17,LC17,4
1405788552,1814055949,LC17,LC17,LC17,LC17,3
1405788552,1814410124,LC17,LC17,LC17,LC17,5
1405788552,1814729223,LC17,LC17(lVLPT7)_R,LC17,LC17,3
1405788552,1817444555,LC17,LC17,LC17,LC17,2
1405788552,1817449059,LC17,LC17,LC17,LC17,2
1405788552,1817449116,LC17,LC17(lVLPT4)_R,LC17,LC17,2
1405788552,1817449375,LC17,LC17,LC17,LC17,5
1405788552,1817453105,LC17,NA,LC17,NA,3
1405788552,1817457984,LC17,LC17,LC17,LC17,2
1405788552,1817457987,LC17,LC17,LC17,LC17,2
1405788552,1818122205,LC17,LC17,LC17,LC17,2
1405788552,1818136404,LC17,LC17,LC17,LC17,2
1405788552,1818473569,LC17,LC17,LC17,LC17,2
1405788552,1844421716,LC17,LC17,LC17,LC17,4
1405788552,1847815147,LC17,LC17(lVLPT7)_R,LC17,LC17,2
1405788552,1848151571,LC17,LC17(lVLPT7)_R,LC17,LC17,2
1405788552,1848156241,LC17,LC17,LC17,LC17,2
1405788552,1848492258,LC17,LC17,LC17,LC17,2
1405788552,1848828925,LC17,LC17(lVLPT7)_R,LC17,LC17,2
1405788552,1849166071,LC17,LC17,LC17,LC17,2
1405788552,1849170116,LC17,NA,LC17,NA,2
1405788552,1849174879,LC17,LC17(lVLPT7)_R,LC17,LC17,2
1405788552,1849183960,LC17,LC17(lVLPT7)_R,LC17,LC17,2
1405788552,1849503142,LC17,LC17,LC17,LC17,3
1405788552,1849520324,LC17,LC17,LC17,LC17,2
1405788552,1878845226,LC17,LC17,LC17,LC17,4
1405788552,1879186508,LC17,NA,LC17,NA,2
1405788552,1880209425,LC17,LC17(lVLPT7)_R,LC17,LC17,2
1405788552,1912600163,LC17,LC17,LC17,LC17,2
1405788552,5812998833,LC17,LC17,LC17,LC17,2
1405788552,5812999009,LC17,LC17(lVLPT4)_R,LC17,LC17,2
1405788552,5813017315,LC17,AVLP479_R,LC17,AVLP479,9
1405788552,5813038918,LC17,LC17,LC17,LC17,2
1405788552,5813039148,LC17,PVLP011_R,LC17,PVLP011,46
1405788552,5813054384,LC17,PPM1203_R,LC17,PPM1203,2
1405788552,5813057579,LC17,AVLP538_R,LC17,AVLP538,13
1405788552,5813068239,LC17,LC17,LC17,LC17,3
1405788552,5813077633,LC17,AVLP479_R,LC17,AVLP479,10
1405788552,5813080260,LC17,AVLP153_R,LC17,AVLP153,8
1435822283,447228814,LC17,PVLP106_R,LC17,PVLP106,38
1435822283,1068885266,LC17,PVLP151(SCB004)_R,LC17,PVLP151,3
1435822283,1250277991,LC17,LC17,LC17,LC17,2
1435822283,1313702895,LC17,LC17,LC17,LC17,3
1435822283,1321305370,LC17,PVLP061_R,LC17,PVLP061,74
1435822283,1345079276,LC17,LC17,LC17,LC17,2
1435822283,1347126097,LC17,LC17,LC17,LC17,2
1435822283,1347812305,LC17,LC17(lVLPT7)_R,LC17,LC17,2
1435822283,1354394414,LC17,PVLP120_R,LC17,PVLP120,8
1435822283,1374063129,LC17,PVLP132_R,LC17,PVLP132,10
1435822283,1381997776,LC17,PVLP071_R,LC17,PVLP071,10
1435822283,1382308349,LC17,PVLP071_R,LC17,PVLP071,17
1435822283,1435791739,LC17,PVLP132_R,LC17,PVLP132,12
1435822283,1449486007,LC17,AVLP537_R,LC17,AVLP537,10
1435822283,1467859487,LC17,LC17,LC17,LC17,2
1435822283,1472965897,LC17,LC17,LC17,LC17,3
1435822283,1479147574,LC17,PVLP072_R,LC17,PVLP072,13
1435822283,1479492693,LC17,PVLP072_R,LC17,PVLP072,7
1435822283,1508123633,LC17,PVLP018_R,LC17,PVLP018,6
1435822283,1534694621,LC17,LC17,LC17,LC17,2
1435822283,1535082316,LC17,PVLP135_R,LC17,PVLP135,15
1435822283,1535086505,LC17,PVLP135_R,LC17,PVLP135,12
1435822283,1603645798,LC17,PVLP072_R,LC17,PVLP072,3
1435822283,1603957106,LC17,AVLP409_R,LC17,AVLP409,2
1435822283,1628528573,LC17,LC17,LC17,LC17,2
1435822283,1629163100,LC17,LC17(lVLPT7)_R,LC17,LC17,2
1435822283,1630342162,LC17,PVLP036_R,LC17,PVLP036,9
1435822283,1655474822,LC17,LC17,LC17,LC17,3
1435822283,1656153289,LC17,LC17,LC17,LC17,4
1435822283,1659515529,LC17,LC17,LC17,LC17,3
1435822283,1663639752,LC17,NA,LC17,NA,5
1435822283,1690694192,LC17,PVLP036_R,LC17,PVLP036,9
1435822283,1695693354,LC17,PVLP072_R,LC17,PVLP072,5
1435822283,1714791446,LC17,LC17,LC17,LC17,3
1435822283,1720105182,LC17,NA,LC17,NA,4
1435822283,1722307233,LC17,LC17(lVLPT7)_R,LC17,LC17,2
1435822283,1747518018,LC17,LC17,LC17,LC17,3
1435822283,1748187330,LC17,LC17,LC17,LC17,2
1435822283,1752962124,LC17,LC17,LC17,LC17,2
1435822283,1779567374,LC17,LC17,LC17,LC17,3
1435822283,1781324410,LC17,LC17,LC17,LC17,2
1435822283,1812696567,LC17,LC17,LC17,LC17,2
1435822283,1817444555,LC17,LC17,LC17,LC17,2
1435822283,1817449116,LC17,LC17(lVLPT4)_R,LC17,LC17,3
1435822283,1817453257,LC17,LC17,LC17,LC17,2
1435822283,1817453557,LC17,LC17(lVLPT4)_R,LC17,LC17,3
1435822283,1817457847,LC17,LC17,LC17,LC17,2
1435822283,1817457987,LC17,LC17,LC17,LC17,4
1435822283,1817790409,LC17,LC17(lVLPT7)_R,LC17,LC17,2
1435822283,1817799390,LC17,LC17,LC17,LC17,2
1435822283,1818122205,LC17,LC17,LC17,LC17,2
1435822283,1818136404,LC17,LC17,LC17,LC17,4
1435822283,1818473569,LC17,LC17,LC17,LC17,2
1435822283,1847810811,LC17,LC17(lVLPT7)_R,LC17,LC17,2
1435822283,1848156241,LC17,LC17,LC17,LC17,2
1435822283,1848483949,LC17,LC17(lVLPT4)_R,LC17,LC17,3
1435822283,1848492714,LC17,LC17,LC17,LC17,2
1435822283,1848820426,LC17,LC17(lVLPT7)_R,LC17,LC17,5
1435822283,1848837843,LC17,LC17,LC17,LC17,2
1435822283,1849161407,LC17,LC17,LC17,LC17,2
1435822283,1875124235,LC17,LC17,LC17,LC17,2
1435822283,1879877415,LC17,LC17(lVLPT4)_R,LC17,LC17,2
1435822283,1880204941,LC17,NA,LC17,NA,2
1435822283,1942629033,LC17,NA,LC17,NA,2
1435822283,1942965779,LC17,NA,LC17,NA,3
1435822283,1942974391,LC17,NA,LC17,NA,3
1435822283,1974004779,LC17,NA,LC17,NA,2
1435822283,1974337437,LC17,NA,LC17,NA,2
1435822283,2003338800,LC17,NA,LC17,NA,4
1435822283,2004370647,LC17,NA,LC17,NA,2
1435822283,2029624973,LC17,LC17,LC17,LC17,2
1435822283,5812992219,LC17,LC17,LC17,LC17,4
1435822283,5812999009,LC17,LC17(lVLPT4)_R,LC17,LC17,2
1435822283,5813017315,LC17,AVLP479_R,LC17,AVLP479,9
1435822283,5813038918,LC17,LC17,LC17,LC17,2
1435822283,5813039148,LC17,PVLP011_R,LC17,PVLP011,54
1435822283,5813057178,LC17,PVLP136_R,LC17,PVLP136,3
1435822283,5813057579,LC17,AVLP538_R,LC17,AVLP538,11
1435822283,5813060163,LC17,LC17,LC17,LC17,3
1435822283,5813076492,LC17,LC17,LC17,LC17,3
1435822283,5813077633,LC17,AVLP479_R,LC17,AVLP479,5
1435822283,5813080260,LC17,AVLP153_R,LC17,AVLP153,6
1437165487,447228814,LC17,PVLP106_R,LC17,PVLP106,37
1437165487,1068885266,LC17,PVLP151(SCB004)_R,LC17,PVLP151,8
1437165487,1070950293,LC17,PVLP151(SCB004)_R,LC17,PVLP151,2
1437165487,1158877703,LC17,LC17(lVLPT4)_R,LC17,LC17,2
1437165487,1158877783,LC17,LC17,LC17,LC17,2
1437165487,1321305370,LC17,PVLP061_R,LC17,PVLP061,76
1437165487,1347126097,LC17,LC17,LC17,LC17,5
1437165487,1354394414,LC17,PVLP120_R,LC17,PVLP120,12
1437165487,1374063129,LC17,PVLP132_R,LC17,PVLP132,9
1437165487,1375769049,LC17,LC17,LC17,LC17,2
1437165487,1381997776,LC17,PVLP071_R,LC17,PVLP071,7
1437165487,1382308349,LC17,PVLP071_R,LC17,PVLP071,6
1437165487,1420172582,LC17,NA,LC17,NA,2
1437165487,1435791739,LC17,PVLP132_R,LC17,PVLP132,9
1437165487,1449486007,LC17,AVLP537_R,LC17,AVLP537,9
1437165487,1466844031,LC17,LC17,LC17,LC17,3
1437165487,1473332777,LC17,LC17(lVLPT7)_R,LC17,LC17,3
1437165487,1475188631,LC17,AVLP541_R,LC17,AVLP541,2
1437165487,1477148598,LC17,PVLP075_R,LC17,PVLP075,2
1437165487,1479147574,LC17,PVLP072_R,LC17,PVLP072,6
1437165487,1479492693,LC17,PVLP072_R,LC17,PVLP072,6
1437165487,1508123633,LC17,PVLP018_R,LC17,PVLP018,7
1437165487,1512232956,LC17,AVLP135_R,LC17,AVLP135,5
1437165487,1535082316,LC17,PVLP135_R,LC17,PVLP135,11
1437165487,1535086505,LC17,PVLP135_R,LC17,PVLP135,20
1437165487,1539496112,LC17,PVLP073_R,LC17,PVLP073,2
1437165487,1589972966,LC17,LC17(lVLPT4)_R,LC17,LC17,4
1437165487,1593012939,LC17,LC17,LC17,LC17,2
1437165487,1603645798,LC17,PVLP072_R,LC17,PVLP072,6
1437165487,1621008677,LC17,LC17,LC17,LC17,2
1437165487,1630342162,LC17,PVLP036_R,LC17,PVLP036,7
1437165487,1656834653,LC17,LC17,LC17,LC17,2
1437165487,1663639752,LC17,NA,LC17,NA,2
1437165487,1689200671,LC17,LC17,LC17,LC17,3
1437165487,1689239035,LC17,LC17,LC17,LC17,3
1437165487,1690694192,LC17,PVLP036_R,LC17,PVLP036,7
1437165487,1690698128,LC17,PVLP036_R,LC17,PVLP036,2
1437165487,1695693354,LC17,PVLP072_R,LC17,PVLP072,3
1437165487,1714791446,LC17,LC17,LC17,LC17,2
1437165487,1719928105,LC17,LC17,LC17,LC17,3
1437165487,1720105182,LC17,NA,LC17,NA,3
1437165487,1720454234,LC17,NA,LC17,NA,2
1437165487,1721395841,LC17,PVLP037_R,LC17,PVLP037,2
1437165487,1752672460,LC17,LC17,LC17,LC17,5
1437165487,1752962124,LC17,LC17,LC17,LC17,2
1437165487,1776865370,LC17,LC17,LC17,LC17,3
1437165487,1782318275,LC17,LC17,LC17,LC17,2
1437165487,1783690466,LC17,LC17,LC17,LC17,2
1437165487,1808241116,LC17,LC17,LC17,LC17,2
1437165487,1812696567,LC17,LC17,LC17,LC17,2
1437165487,1817108009,LC17,LC17,LC17,LC17,3
1437165487,1817444315,LC17,LC17(lVLPT7)_R,LC17,LC17,2
1437165487,1817444555,LC17,LC17,LC17,LC17,2
1437165487,1817449116,LC17,LC17(lVLPT4)_R,LC17,LC17,2
1437165487,1817457987,LC17,LC17,LC17,LC17,2
1437165487,1817785661,LC17,LC17,LC17,LC17,2
1437165487,1817790222,LC17,LC17,LC17,LC17,2
1437165487,1817790281,LC17,LC17(lVLPT4)_R,LC17,LC17,2
1437165487,1818136404,LC17,LC17,LC17,LC17,2
1437165487,1847806203,LC17,LC17,LC17,LC17,2
1437165487,1848151236,LC17,LC17,LC17,LC17,3
1437165487,1848156241,LC17,LC17,LC17,LC17,5
1437165487,1848496662,LC17,LC17,LC17,LC17,2
1437165487,1848506334,LC17,NA,LC17,NA,3
1437165487,1848824817,LC17,LC17,LC17,LC17,2
1437165487,1849161220,LC17,LC17,LC17,LC17,3
1437165487,1849507321,LC17,LC17,LC17,LC17,3
1437165487,1875460978,LC17,LC17,LC17,LC17,2
1437165487,1879877415,LC17,LC17(lVLPT4)_R,LC17,LC17,2
1437165487,1880887003,LC17,LC17,LC17,LC17,2
1437165487,1910220886,LC17,NA,LC17,NA,2
1437165487,1910562142,LC17,NA,LC17,NA,3
1437165487,1941623174,LC17,NA,LC17,NA,2
1437165487,1942961527,LC17,NA,LC17,NA,2
1437165487,1972653359,LC17,NA,LC17,NA,2
1437165487,1974682390,LC17,LC17(lVLPT7)_R,LC17,LC17,3
1437165487,2003334682,LC17,NA,LC17,NA,2
1437165487,2029624973,LC17,LC17,LC17,LC17,3
1437165487,2035064327,LC17,NA,LC17,NA,2
1437165487,2097143249,LC17,NA,LC17,NA,2
1437165487,2245501457,LC17,LC17,LC17,LC17,2
1437165487,5812998833,LC17,LC17,LC17,LC17,3
1437165487,5812999009,LC17,LC17(lVLPT4)_R,LC17,LC17,3
1437165487,5813017315,LC17,AVLP479_R,LC17,AVLP479,3
1437165487,5813039148,LC17,PVLP011_R,LC17,PVLP011,39
1437165487,5813045381,LC17,NA,LC17,NA,2
1437165487,5813057579,LC17,AVLP538_R,LC17,AVLP538,5
1437165487,5813077633,LC17,AVLP479_R,LC17,AVLP479,10
1437165487,5813080260,LC17,AVLP153_R,LC17,AVLP153,5
1466844031,447228814,LC17,PVLP106_R,LC17,PVLP106,35
1466844031,1068885266,LC17,PVLP151(SCB004)_R,LC17,PVLP151,4
1466844031,1158877703,LC17,LC17(lVLPT4)_R,LC17,LC17,2
1466844031,1158877783,LC17,LC17,LC17,LC17,3
1466844031,1321305370,LC17,PVLP061_R,LC17,PVLP061,85
1466844031,1345079276,LC17,LC17,LC17,LC17,3
1466844031,1354394414,LC17,PVLP120_R,LC17,PVLP120,10
1466844031,1374063129,LC17,PVLP132_R,LC17,PVLP132,13
1466844031,1381997776,LC17,PVLP071_R,LC17,PVLP071,10
1466844031,1382308349,LC17,PVLP071_R,LC17,PVLP071,9
1466844031,1435791739,LC17,PVLP132_R,LC17,PVLP132,10
1466844031,1437165487,LC17,LC17,LC17,LC17,3
1466844031,1449486007,LC17,AVLP537_R,LC17,AVLP537,11
1466844031,1473332777,LC17,LC17(lVLPT7)_R,LC17,LC17,2
1466844031,1473648518,LC17,LC17,LC17,LC17,2
1466844031,1477148598,LC17,PVLP075_R,LC17,PVLP075,3
1466844031,1479147574,LC17,PVLP072_R,LC17,PVLP072,4
1466844031,1479492693,LC17,PVLP072_R,LC17,PVLP072,5
1466844031,1508123633,LC17,PVLP018_R,LC17,PVLP018,10
1466844031,1535082316,LC17,PVLP135_R,LC17,PVLP135,20
1466844031,1535086505,LC17,PVLP135_R,LC17,PVLP135,26
1466844031,1563355501,LC17,LC17,LC17,LC17,2
1466844031,1589972966,LC17,LC17(lVLPT4)_R,LC17,LC17,3
1466844031,1601227987,LC17,AVLP552_R,LC17,AVLP552,3
1466844031,1603645798,LC17,PVLP072_R,LC17,PVLP072,8
1466844031,1630342162,LC17,PVLP036_R,LC17,PVLP036,3
1466844031,1654413566,LC17,LC17,LC17,LC17,2
1466844031,1663639752,LC17,NA,LC17,NA,2
1466844031,1684443103,LC17,LC17,LC17,LC17,3
1466844031,1690694192,LC17,PVLP036_R,LC17,PVLP036,7
1466844031,1690698128,LC17,PVLP036_R,LC17,PVLP036,11
1466844031,1695693354,LC17,PVLP072_R,LC17,PVLP072,3
1466844031,1720105182,LC17,NA,LC17,NA,3
1466844031,1720454234,LC17,NA,LC17,NA,3
1466844031,1722307233,LC17,LC17(lVLPT7)_R,LC17,LC17,3
1466844031,1751262627,LC17,LC17,LC17,LC17,2
1466844031,1751666374,LC17,LC17,LC17,LC17,2
1466844031,1753410659,LC17,NA,LC17,NA,2
1466844031,1782318275,LC17,LC17,LC17,LC17,2
1466844031,1783690466,LC17,LC17,LC17,LC17,2
1466844031,1808241116,LC17,LC17,LC17,LC17,2
1466844031,1812363713,LC17,LC17,LC17,LC17,2
1466844031,1814031575,LC17,LC17,LC17,LC17,2
1466844031,1814055949,LC17,LC17,LC17,LC17,3
1466844031,1814410124,LC17,LC17,LC17,LC17,2
1466844031,1817108009,LC17,LC17,LC17,LC17,2
1466844031,1817112807,LC17,LC17(lVLPT4)_R,LC17,LC17,2
1466844031,1817112855,LC17,LC17,LC17,LC17,2
1466844031,1817113079,LC17,LC17,LC17,LC17,4
1466844031,1817444315,LC17,LC17(lVLPT7)_R,LC17,LC17,2
1466844031,1817448659,LC17,LC17,LC17,LC17,4
1466844031,1817449059,LC17,LC17,LC17,LC17,2
1466844031,1817449236,LC17,LC17,LC17,LC17,2
1466844031,1817452948,LC17,LC17,LC17,LC17,2
1466844031,1817457808,LC17,LC17,LC17,LC17,2
1466844031,1817457987,LC17,LC17,LC17,LC17,2
1466844031,1817458052,LC17,LC17,LC17,LC17,2
1466844031,1817458164,LC17,LC17,LC17,LC17,2
1466844031,1817463007,LC17,LC17,LC17,LC17,2
1466844031,1817790281,LC17,LC17(lVLPT4)_R,LC17,LC17,4
1466844031,1818122205,LC17,LC17,LC17,LC17,2
1466844031,1848138779,LC17,LC17,LC17,LC17,3
1466844031,1848143184,LC17,LC17,LC17,LC17,3
1466844031,1848151236,LC17,LC17,LC17,LC17,5
1466844031,1848488366,LC17,NA,LC17,NA,2
1466844031,1848506334,LC17,NA,LC17,NA,6
1466844031,1848837843,LC17,LC17,LC17,LC17,2
1466844031,1849179266,LC17,LC17,LC17,LC17,4
1466844031,1873086710,LC17,LO intrinsic,LC17,NA,2
1466844031,1876820783,LC17,LC17,LC17,LC17,2
1466844031,1878845762,LC17,NA,LC17,NA,2
1466844031,1879226079,LC17,NA,LC17,NA,4
1466844031,1880887003,LC17,LC17,LC17,LC17,3
1466844031,1908865507,LC17,LC17,LC17,LC17,2
1466844031,1909880031,LC17,NA,LC17,NA,2
1466844031,1910920228,LC17,NA,LC17,NA,2
1466844031,1912600163,LC17,LC17,LC17,LC17,4
1466844031,1939904964,LC17,LC17,LC17,LC17,2
1466844031,1941925010,LC17,NA,LC17,NA,3
1466844031,1941934133,LC17,NA,LC17,NA,2
1466844031,1974682390,LC17,LC17(lVLPT7)_R,LC17,LC17,2
1466844031,2005053084,LC17,NA,LC17,NA,3
1466844031,2067450736,LC17,NA,LC17,NA,2
1466844031,5812992219,LC17,LC17,LC17,LC17,4
1466844031,5812992468,LC17,LC17,LC17,LC17,2
1466844031,5812998833,LC17,LC17,LC17,LC17,2
1466844031,5812999009,LC17,LC17(lVLPT4)_R,LC17,LC17,2
1466844031,5813017315,LC17,AVLP479_R,LC17,AVLP479,9
1466844031,5813027276,LC17,AVLP080_R,LC17,AVLP080,2
1466844031,5813039148,LC17,PVLP011_R,LC17,PVLP011,46
1466844031,5813054384,LC17,PPM1203_R,LC17,PPM1203,4
1466844031,5813057579,LC17,AVLP538_R,LC17,AVLP538,12
1466844031,5813060163,LC17,LC17,LC17,LC17,3
1466844031,5813076492,LC17,LC17,LC17,LC17,4
1466844031,5813077633,LC17,AVLP479_R,LC17,AVLP479,8
1467859487,447228814,LC17,PVLP106_R,LC17,PVLP106,41
1467859487,1070950293,LC17,PVLP151(SCB004)_R,LC17,PVLP151,2
1467859487,1158877783,LC17,LC17,LC17,LC17,6
1467859487,1189567690,LC17,LC17,LC17,LC17,2
1467859487,1219592090,LC17,LC17(lVLPT7)_R,LC17,LC17,3
1467859487,1321305370,LC17,PVLP061_R,LC17,PVLP061,61
1467859487,1354394414,LC17,PVLP120_R,LC17,PVLP120,10
1467859487,1374063129,LC17,PVLP132_R,LC17,PVLP132,6
1467859487,1375769049,LC17,LC17,LC17,LC17,2
1467859487,1381997776,LC17,PVLP071_R,LC17,PVLP071,12
1467859487,1382308349,LC17,PVLP071_R,LC17,PVLP071,5
1467859487,1405788552,LC17,LC17,LC17,LC17,2
1467859487,1435791739,LC17,PVLP132_R,LC17,PVLP132,10
1467859487,1435822283,LC17,LC17,LC17,LC17,3
1467859487,1437165487,LC17,LC17,LC17,LC17,3
1467859487,1449486007,LC17,AVLP537_R,LC17,AVLP537,16
1467859487,1471610338,LC17,LC17,LC17,LC17,2
1467859487,1473648518,LC17,LC17,LC17,LC17,2
1467859487,1479147574,LC17,PVLP072_R,LC17,PVLP072,4
1467859487,1479492693,LC17,PVLP072_R,LC17,PVLP072,2
1467859487,1508123633,LC17,PVLP018_R,LC17,PVLP018,5
1467859487,1535082316,LC17,PVLP135_R,LC17,PVLP135,11
1467859487,1535086505,LC17,PVLP135_R,LC17,PVLP135,17
1467859487,1603645798,LC17,PVLP072_R,LC17,PVLP072,7
1467859487,1603957106,LC17,AVLP409_R,LC17,AVLP409,2
1467859487,1621008677,LC17,LC17,LC17,LC17,2
1467859487,1628528573,LC17,LC17,LC17,LC17,2
1467859487,1629163100,LC17,LC17(lVLPT7)_R,LC17,LC17,2
1467859487,1630342162,LC17,PVLP036_R,LC17,PVLP036,8
1467859487,1655474822,LC17,LC17,LC17,LC17,2
1467859487,1656834653,LC17,LC17,LC17,LC17,2
1467859487,1658881325,LC17,LC17,LC17,LC17,3
1467859487,1684443103,LC17,LC17,LC17,LC17,2
1467859487,1687831632,LC17,LC17,LC17,LC17,2
1467859487,1690694192,LC17,PVLP036_R,LC17,PVLP036,6
1467859487,1690698128,LC17,PVLP036_R,LC17,PVLP036,3
1467859487,1695693354,LC17,PVLP072_R,LC17,PVLP072,3
1467859487,1722307233,LC17,LC17(lVLPT7)_R,LC17,LC17,4
1467859487,1750251452,LC17,LC17,LC17,LC17,5
1467859487,1754019541,LC17,LC17,LC17,LC17,2
1467859487,1781324410,LC17,LC17,LC17,LC17,3
1467859487,1782680353,LC17,LC17,LC17,LC17,2
1467859487,1783690466,LC17,LC17,LC17,LC17,3
1467859487,1812363713,LC17,LC17,LC17,LC17,2
1467859487,1814410124,LC17,LC17,LC17,LC17,2
1467859487,1814729788,LC17,LC17,LC17,LC17,2
1467859487,1817107934,LC17,LC17,LC17,LC17,3
1467859487,1817108009,LC17,LC17,LC17,LC17,2
1467859487,1817112807,LC17,LC17(lVLPT4)_R,LC17,LC17,3
1467859487,1817448659,LC17,LC17,LC17,LC17,2
1467859487,1817448921,LC17,LC17,LC17,LC17,3
1467859487,1817448971,LC17,LC17,LC17,LC17,3
1467859487,1817453257,LC17,LC17,LC17,LC17,2
1467859487,1817457984,LC17,LC17,LC17,LC17,3
1467859487,1817458052,LC17,LC17,LC17,LC17,2
1467859487,1817790176,LC17,LC17,LC17,LC17,3
1467859487,1818136404,LC17,LC17,LC17,LC17,2
1467859487,1818473569,LC17,LC17,LC17,LC17,2
1467859487,1848151877,LC17,LC17,LC17,LC17,2
1467859487,1848156241,LC17,LC17,LC17,LC17,2
1467859487,1849161220,LC17,LC17,LC17,LC17,2
1467859487,1849178917,LC17,LC17,LC17,LC17,2
1467859487,1849507321,LC17,LC17,LC17,LC17,2
1467859487,1879226079,LC17,NA,LC17,NA,2
1467859487,1880878726,LC17,NA,LC17,NA,4
1467859487,1972636393,LC17,NA,LC17,NA,2
1467859487,1974669759,LC17,NA,LC17,NA,2
1467859487,2034723696,LC17,NA,LC17,NA,2
1467859487,5812993994,LC17,LC17,LC17,LC17,2
1467859487,5812999009,LC17,LC17(lVLPT4)_R,LC17,LC17,3
1467859487,5813017315,LC17,AVLP479_R,LC17,AVLP479,8
1467859487,5813039148,LC17,PVLP011_R,LC17,PVLP011,48
1467859487,5813057579,LC17,AVLP538_R,LC17,AVLP538,10
1467859487,5813077633,LC17,AVLP479_R,LC17,AVLP479,4
1471607030,447228814,LC17,PVLP106_R,LC17,PVLP106,36
1471607030,1068885266,LC17,PVLP151(SCB004)_R,LC17,PVLP151,3
1471607030,1070950293,LC17,PVLP151(SCB004)_R,LC17,PVLP151,4
1471607030,1321305370,LC17,PVLP061_R,LC17,PVLP061,69
1471607030,1348153557,LC17,LC17,LC17,LC17,3
1471607030,1354394414,LC17,PVLP120_R,LC17,PVLP120,7
1471607030,1374063129,LC17,PVLP132_R,LC17,PVLP132,6
1471607030,1381997776,LC17,PVLP071_R,LC17,PVLP071,13
1471607030,1382308349,LC17,PVLP071_R,LC17,PVLP071,7
1471607030,1435791739,LC17,PVLP132_R,LC17,PVLP132,19
1471607030,1449486007,LC17,AVLP537_R,LC17,AVLP537,8
1471607030,1466844031,LC17,LC17,LC17,LC17,4
1471607030,1479147574,LC17,PVLP072_R,LC17,PVLP072,18
1471607030,1479492693,LC17,PVLP072_R,LC17,PVLP072,7
1471607030,1504428248,LC17,PVLP075_R,LC17,PVLP075,2
1471607030,1508123633,LC17,PVLP018_R,LC17,PVLP018,9
1471607030,1528577476,LC17,LC17,LC17,LC17,3
1471607030,1535082316,LC17,PVLP135_R,LC17,PVLP135,26
1471607030,1535086505,LC17,PVLP135_R,LC17,PVLP135,21
1471607030,1539496112,LC17,PVLP073_R,LC17,PVLP073,2
1471607030,1593012939,LC17,LC17,LC17,LC17,2
1471607030,1603645798,LC17,PVLP072_R,LC17,PVLP072,5
1471607030,1630342162,LC17,PVLP036_R,LC17,PVLP036,11
1471607030,1655474822,LC17,LC17,LC17,LC17,5
1471607030,1658881325,LC17,LC17,LC17,LC17,3
1471607030,1689239035,LC17,LC17,LC17,LC17,2
1471607030,1690694192,LC17,PVLP036_R,LC17,PVLP036,7
1471607030,1690698128,LC17,PVLP036_R,LC17,PVLP036,5
1471607030,1695693354,LC17,PVLP072_R,LC17,PVLP072,4
1471607030,1720105182,LC17,NA,LC17,NA,3
1471607030,1720454234,LC17,NA,LC17,NA,2
1471607030,1750251452,LC17,LC17,LC17,LC17,2
1471607030,1752962124,LC17,LC17,LC17,LC17,7
1471607030,1781333405,LC17,LC17,LC17,LC17,3
1471607030,1782680353,LC17,LC17,LC17,LC17,2
1471607030,1783690466,LC17,LC17,LC17,LC17,2
1471607030,1812363713,LC17,LC17,LC17,LC17,2
1471607030,1813382259,LC17,LC17(lVLPT7)_R,LC17,LC17,3
1471607030,1814031575,LC17,LC17,LC17,LC17,2
1471607030,1814060070,LC17,LC17,LC17,LC17,2
1471607030,1814729223,LC17,LC17(lVLPT7)_R,LC17,LC17,4
1471607030,1817108009,LC17,LC17,LC17,LC17,2
1471607030,1817444670,LC17,LC17(lVLPT7)_R,LC17,LC17,2
1471607030,1817449229,LC17,LC17,LC17,LC17,3
1471607030,1817453065,LC17,LC17,LC17,LC17,2
1471607030,1817453257,LC17,LC17,LC17,LC17,2
1471607030,1817453557,LC17,LC17(lVLPT4)_R,LC17,LC17,2
1471607030,1817457847,LC17,LC17,LC17,LC17,2
1471607030,1817458052,LC17,LC17,LC17,LC17,2
1471607030,1817458164,LC17,LC17,LC17,LC17,2
1471607030,1817785682,LC17,LC17,LC17,LC17,2
1471607030,1817790281,LC17,LC17(lVLPT4)_R,LC17,LC17,3
1471607030,1817794820,LC17,LC17(lVLPT7)_R,LC17,LC17,2
1471607030,1818473569,LC17,LC17,LC17,LC17,2
1471607030,1844421716,LC17,LC17,LC17,LC17,2
1471607030,1848138779,LC17,LC17,LC17,LC17,3
1471607030,1848151618,LC17,NA,LC17,NA,3
1471607030,1848492714,LC17,LC17,LC17,LC17,2
1471607030,1848824817,LC17,LC17,LC17,LC17,2
1471607030,1849174879,LC17,LC17(lVLPT7)_R,LC17,LC17,2
1471607030,1849178917,LC17,LC17,LC17,LC17,4
1471607030,1849503142,LC17,LC17,LC17,LC17,3
1471607030,1849520324,LC17,LC17,LC17,LC17,2
1471607030,1878845629,LC17,LC17,LC17,LC17,4
1471607030,1879226079,LC17,NA,LC17,NA,7
1471607030,1879519066,LC17,LC17,LC17,LC17,2
1471607030,1880563962,LC17,NA,LC17,NA,2
1471607030,1880887003,LC17,LC17,LC17,LC17,2
1471607030,1912600163,LC17,LC17,LC17,LC17,2
1471607030,1937193993,LC17,LC17,LC17,LC17,3
1471607030,1974682390,LC17,LC17(lVLPT7)_R,LC17,LC17,3
1471607030,2004357629,LC17,NA,LC17,NA,2
1471607030,2034378078,LC17,NA,LC17,NA,3
1471607030,2066095352,LC17,NA,LC17,NA,2
1471607030,2098494223,LC17,NA,LC17,NA,2
1471607030,5812991769,LC17,LC17,LC17,LC17,4
1471607030,5812992468,LC17,LC17,LC17,LC17,2
1471607030,5813017315,LC17,AVLP479_R,LC17,AVLP479,5
1471607030,5813039148,LC17,PVLP011_R,LC17,PVLP011,60
1471607030,5813057579,LC17,AVLP538_R,LC17,AVLP538,17
1471607030,5813068239,LC17,LC17,LC17,LC17,2
1471607030,5813077633,LC17,AVLP479_R,LC17,AVLP479,10
1471607030,5813080260,LC17,AVLP153_R,LC17,AVLP153,9
1471610338,447228814,LC17,PVLP106_R,LC17,PVLP106,35
1471610338,1068885266,LC17,PVLP151(SCB004)_R,LC17,PVLP151,9
1471610338,1070950293,LC17,PVLP151(SCB004)_R,LC17,PVLP151,4
1471610338,1312061760,LC17,AVLP572_R,LC17,AVLP572,2
1471610338,1313702895,LC17,LC17,LC17,LC17,3
1471610338,1321305370,LC17,PVLP061_R,LC17,PVLP061,81
1471610338,1354394414,LC17,PVLP120_R,LC17,PVLP120,9
1471610338,1374063129,LC17,PVLP132_R,LC17,PVLP132,10
1471610338,1381997776,LC17,PVLP071_R,LC17,PVLP071,5
1471610338,1382308349,LC17,PVLP071_R,LC17,PVLP071,6
1471610338,1405788552,LC17,LC17,LC17,LC17,3
1471610338,1435791739,LC17,PVLP132_R,LC17,PVLP132,5
1471610338,1449486007,LC17,AVLP537_R,LC17,AVLP537,15
1471610338,1467859487,LC17,LC17,LC17,LC17,2
1471610338,1471607030,LC17,LC17,LC17,LC17,2
1471610338,1479147574,LC17,PVLP072_R,LC17,PVLP072,19
1471610338,1479492693,LC17,PVLP072_R,LC17,PVLP072,6
1471610338,1512232956,LC17,AVLP135_R,LC17,AVLP135,2
1471610338,1530606252,LC17,LC17(lVLPT7)_R,LC17,LC17,4
1471610338,1535082316,LC17,PVLP135_R,LC17,PVLP135,6
1471610338,1535086505,LC17,PVLP135_R,LC17,PVLP135,29
1471610338,1539496112,LC17,PVLP073_R,LC17,PVLP073,2
1471610338,1603645798,LC17,PVLP072_R,LC17,PVLP072,8
1471610338,1622360309,LC17,LC17,LC17,LC17,3
1471610338,1630342162,LC17,PVLP036_R,LC17,PVLP036,9
1471610338,1654413566,LC17,LC17,LC17,LC17,2
1471610338,1655474822,LC17,LC17,LC17,LC17,3
1471610338,1656153289,LC17,LC17,LC17,LC17,4
1471610338,1656834653,LC17,LC17,LC17,LC17,2
1471610338,1663639752,LC17,NA,LC17,NA,2
1471610338,1684443103,LC17,LC17,LC17,LC17,2
1471610338,1690694192,LC17,PVLP036_R,LC17,PVLP036,9
1471610338,1690698128,LC17,PVLP036_R,LC17,PVLP036,5
1471610338,1695693354,LC17,PVLP072_R,LC17,PVLP072,8
1471610338,1720105182,LC17,NA,LC17,NA,3
1471610338,1724345210,LC17,NA,LC17,NA,2
1471610338,1747181914,LC17,LC17,LC17,LC17,3
1471610338,1747518018,LC17,LC17,LC17,LC17,2
1471610338,1748187330,LC17,LC17,LC17,LC17,4
1471610338,1776865370,LC17,LC17,LC17,LC17,2
1471610338,1781324410,LC17,LC17,LC17,LC17,4
1471610338,1808241116,LC17,LC17,LC17,LC17,2
1471610338,1812363713,LC17,LC17,LC17,LC17,2
1471610338,1814031575,LC17,LC17,LC17,LC17,3
1471610338,1814060070,LC17,LC17,LC17,LC17,3
1471610338,1814410124,LC17,LC17,LC17,LC17,2
1471610338,1817112807,LC17,LC17(lVLPT4)_R,LC17,LC17,3
1471610338,1817113079,LC17,LC17,LC17,LC17,2
1471610338,1817444555,LC17,LC17,LC17,LC17,2
1471610338,1817444670,LC17,LC17(lVLPT7)_R,LC17,LC17,2
1471610338,1817448659,LC17,LC17,LC17,LC17,2
1471610338,1817448971,LC17,LC17,LC17,LC17,2
1471610338,1817449229,LC17,LC17,LC17,LC17,4
1471610338,1817785682,LC17,LC17,LC17,LC17,3
1471610338,1817786077,LC17,LC17,LC17,LC17,4
1471610338,1817790222,LC17,LC17,LC17,LC17,2
1471610338,1817790281,LC17,LC17(lVLPT4)_R,LC17,LC17,2
1471610338,1817799390,LC17,LC17,LC17,LC17,2
1471610338,1818122205,LC17,LC17,LC17,LC17,2
1471610338,1844421716,LC17,LC17,LC17,LC17,7
1471610338,1845772658,LC17,LC17(lVLPT7)_R,LC17,LC17,6
1471610338,1847806275,LC17,LC17,LC17,LC17,2
1471610338,1847810811,LC17,LC17(lVLPT7)_R,LC17,LC17,2
1471610338,1848138779,LC17,LC17,LC17,LC17,2
1471610338,1848143184,LC17,LC17,LC17,LC17,2
1471610338,1848506334,LC17,NA,LC17,NA,3
1471610338,1849179266,LC17,LC17,LC17,LC17,2
1471610338,1849503142,LC17,LC17,LC17,LC17,2
1471610338,1876820783,LC17,LC17,LC17,LC17,2
1471610338,1879226079,LC17,NA,LC17,NA,3
1471610338,1879877415,LC17,LC17(lVLPT4)_R,LC17,LC17,2
1471610338,1880209425,LC17,LC17(lVLPT7)_R,LC17,LC17,3
1471610338,1912600163,LC17,LC17,LC17,LC17,2
1471610338,1937193993,LC17,LC17,LC17,LC17,2
1471610338,1939904964,LC17,LC17,LC17,LC17,2
1471610338,1942957166,LC17,NA,LC17,NA,2
1471610338,1974678308,LC17,NA,LC17,NA,2
1471610338,1974682390,LC17,LC17(lVLPT7)_R,LC17,LC17,3
1471610338,2245501457,LC17,LC17,LC17,LC17,3
1471610338,5812992219,LC17,LC17,LC17,LC17,2
1471610338,5812992468,LC17,LC17,LC17,LC17,2
1471610338,5812999009,LC17,LC17(lVLPT4)_R,LC17,LC17,4
1471610338,5813017315,LC17,AVLP479_R,LC17,AVLP479,7
1471610338,5813038679,LC17,LC17,LC17,LC17,3
1471610338,5813039148,LC17,PVLP011_R,LC17,PVLP011,49
1471610338,5813039410,LC17,LC17,LC17,LC17,2
1471610338,5813057579,LC17,AVLP538_R,LC17,AVLP538,14
1471610338,5813077633,LC17,AVLP479_R,LC17,AVLP479,9
1471610338,5813080260,LC17,AVLP153_R,LC17,AVLP153,4
1472965897,447228814,LC17,PVLP106_R,LC17,PVLP106,41
1472965897,1068885266,LC17,PVLP151(SCB004)_R,LC17,PVLP151,14
1472965897,1070950293,LC17,PVLP151(SCB004)_R,LC17,PVLP151,3
1472965897,1158877703,LC17,LC17(lVLPT4)_R,LC17,LC17,3
1472965897,1219592090,LC17,LC17(lVLPT7)_R,LC17,LC17,2
1472965897,1221280490,LC17,LC17(lVLPT7)_R,LC17,LC17,2
1472965897,1321305370,LC17,PVLP061_R,LC17,PVLP061,69
1472965897,1345079276,LC17,LC17,LC17,LC17,3
1472965897,1347126097,LC17,LC17,LC17,LC17,2
1472965897,1347812305,LC17,LC17(lVLPT7)_R,LC17,LC17,2
1472965897,1354394414,LC17,PVLP120_R,LC17,PVLP120,14
1472965897,1374063129,LC17,PVLP132_R,LC17,PVLP132,11
1472965897,1381997776,LC17,PVLP071_R,LC17,PVLP071,18
1472965897,1382308349,LC17,PVLP071_R,LC17,PVLP071,17
1472965897,1405788552,LC17,LC17,LC17,LC17,3
1472965897,1435791739,LC17,PVLP132_R,LC17,PVLP132,12
1472965897,1435822283,LC17,LC17,LC17,LC17,3
1472965897,1449486007,LC17,AVLP537_R,LC17,AVLP537,9
1472965897,1471610338,LC17,LC17,LC17,LC17,2
1472965897,1479147574,LC17,PVLP072_R,LC17,PVLP072,14
1472965897,1479492693,LC17,PVLP072_R,LC17,PVLP072,5
1472965897,1508123633,LC17,PVLP018_R,LC17,PVLP018,2
1472965897,1530606252,LC17,LC17(lVLPT7)_R,LC17,LC17,2
1472965897,1534694621,LC17,LC17,LC17,LC17,3
1472965897,1535082316,LC17,PVLP135_R,LC17,PVLP135,22
1472965897,1535086505,LC17,PVLP135_R,LC17,PVLP135,15
1472965897,1565729476,LC17,LC17,LC17,LC17,3
1472965897,1601227987,LC17,AVLP552_R,LC17,AVLP552,3
1472965897,1603645798,LC17,PVLP072_R,LC17,PVLP072,6
1472965897,1603957106,LC17,AVLP409_R,LC17,AVLP409,3
1472965897,1629163100,LC17,LC17(lVLPT7)_R,LC17,LC17,5
1472965897,1630342162,LC17,PVLP036_R,LC17,PVLP036,6
1472965897,1659515529,LC17,LC17,LC17,LC17,3
1472965897,1687831632,LC17,LC17,LC17,LC17,5
1472965897,1689200671,LC17,LC17,LC17,LC17,2
1472965897,1690694192,LC17,PVLP036_R,LC17,PVLP036,5
1472965897,1690698128,LC17,PVLP036_R,LC17,PVLP036,3
1472965897,1695693354,LC17,PVLP072_R,LC17,PVLP072,4
1472965897,1714791446,LC17,LC17,LC17,LC17,2
1472965897,1719928105,LC17,LC17,LC17,LC17,2
1472965897,1720105182,LC17,NA,LC17,NA,4
1472965897,1747181914,LC17,LC17,LC17,LC17,6
1472965897,1747518018,LC17,LC17,LC17,LC17,2
1472965897,1748187330,LC17,LC17,LC17,LC17,2
1472965897,1751666374,LC17,LC17,LC17,LC17,4
1472965897,1754019541,LC17,LC17,LC17,LC17,2
1472965897,1782318275,LC17,LC17,LC17,LC17,2
1472965897,1782680353,LC17,LC17,LC17,LC17,2
1472965897,1783690466,LC17,LC17,LC17,LC17,4
1472965897,1812696567,LC17,LC17,LC17,LC17,2
1472965897,1814031575,LC17,LC17,LC17,LC17,2
1472965897,1817107934,LC17,LC17,LC17,LC17,3
1472965897,1817449116,LC17,LC17(lVLPT4)_R,LC17,LC17,2
1472965897,1817449375,LC17,LC17,LC17,LC17,2
1472965897,1817452948,LC17,LC17,LC17,LC17,5
1472965897,1817453257,LC17,LC17,LC17,LC17,2
1472965897,1817457984,LC17,LC17,LC17,LC17,2
1472965897,1817457987,LC17,LC17,LC17,LC17,4
1472965897,1817790222,LC17,LC17,LC17,LC17,4
1472965897,1817794820,LC17,LC17(lVLPT7)_R,LC17,LC17,2
1472965897,1847806203,LC17,LC17,LC17,LC17,2
1472965897,1848138779,LC17,LC17,LC17,LC17,4
1472965897,1848151877,LC17,LC17,LC17,LC17,3
1472965897,1848156241,LC17,LC17,LC17,LC17,2
1472965897,1848496662,LC17,LC17,LC17,LC17,2
1472965897,1848506334,LC17,NA,LC17,NA,2
1472965897,1849161407,LC17,LC17,LC17,LC17,2
1472965897,1849166071,LC17,LC17,LC17,LC17,3
1472965897,1849174879,LC17,LC17(lVLPT7)_R,LC17,LC17,5
1472965897,1849179266,LC17,LC17,LC17,LC17,2
1472965897,1879519066,LC17,LC17,LC17,LC17,6
1472965897,1880209425,LC17,LC17(lVLPT7)_R,LC17,LC17,4
1472965897,1908865507,LC17,LC17,LC17,LC17,2
1472965897,1912600163,LC17,LC17,LC17,LC17,2
1472965897,1937193993,LC17,LC17,LC17,LC17,2
1472965897,1941951066,LC17,NA,LC17,NA,2
1472965897,1973313966,LC17,NA,LC17,NA,2
1472965897,2005044052,LC17,NA,LC17,NA,4
1472965897,2029624973,LC17,LC17,LC17,LC17,2
1472965897,2065754231,LC17,NA,LC17,NA,2
1472965897,2245501457,LC17,LC17,LC17,LC17,2
1472965897,5812991769,LC17,LC17,LC17,LC17,2
1472965897,5812992219,LC17,LC17,LC17,LC17,3
1472965897,5812992468,LC17,LC17,LC17,LC17,4
1472965897,5813017315,LC17,AVLP479_R,LC17,AVLP479,5
1472965897,5813034336,LC17,LC17(lVLPT4)_R,LC17,LC17,4
1472965897,5813038918,LC17,LC17,LC17,LC17,2
1472965897,5813039148,LC17,PVLP011_R,LC17,PVLP011,38
1472965897,5813039410,LC17,LC17,LC17,LC17,2
1472965897,5813057178,LC17,PVLP136_R,LC17,PVLP136,2
1472965897,5813057579,LC17,AVLP538_R,LC17,AVLP538,8
1472965897,5813077633,LC17,AVLP479_R,LC17,AVLP479,5
1472965897,5813080260,LC17,AVLP153_R,LC17,AVLP153,6
1473332777,447228814,LC17(lVLPT7)_R,PVLP106_R,LC17,PVLP106,34
1473332777,1068885266,LC17(lVLPT7)_R,PVLP151(SCB004)_R,LC17,PVLP151,7
1473332777,1158877703,LC17(lVLPT7)_R,LC17(lVLPT4)_R,LC17,LC17,2
1473332777,1158877783,LC17(lVLPT7)_R,LC17,LC17,LC17,3
1473332777,1219592090,LC17(lVLPT7)_R,LC17(lVLPT7)_R,LC17,LC17,5
1473332777,1321305370,LC17(lVLPT7)_R,PVLP061_R,LC17,PVLP061,66
1473332777,1347812305,LC17(lVLPT7)_R,LC17(lVLPT7)_R,LC17,LC17,2
1473332777,1354394414,LC17(lVLPT7)_R,PVLP120_R,LC17,PVLP120,11
1473332777,1374063129,LC17(lVLPT7)_R,PVLP132_R,LC17,PVLP132,11
1473332777,1381997776,LC17(lVLPT7)_R,PVLP071_R,LC17,PVLP071,12
1473332777,1382308349,LC17(lVLPT7)_R,PVLP071_R,LC17,PVLP071,5
1473332777,1420172582,LC17(lVLPT7)_R,NA,LC17,NA,3
1473332777,1435791739,LC17(lVLPT7)_R,PVLP132_R,LC17,PVLP132,12
1473332777,1449486007,LC17(lVLPT7)_R,AVLP537_R,LC17,AVLP537,6
1473332777,1467859487,LC17(lVLPT7)_R,LC17,LC17,LC17,3
1473332777,1473648518,LC17(lVLPT7)_R,LC17,LC17,LC17,2
1473332777,1479147574,LC17(lVLPT7)_R,PVLP072_R,LC17,PVLP072,5
1473332777,1497200791,LC17(lVLPT7)_R,LC17,LC17,LC17,2
1473332777,1528577476,LC17(lVLPT7)_R,LC17,LC17,LC17,2
1473332777,1534694621,LC17(lVLPT7)_R,LC17,LC17,LC17,4
1473332777,1535082316,LC17(lVLPT7)_R,PVLP135_R,LC17,PVLP135,16
1473332777,1535086505,LC17(lVLPT7)_R,PVLP135_R,LC17,PVLP135,15
1473332777,1565729476,LC17(lVLPT7)_R,LC17,LC17,LC17,2
1473332777,1593012939,LC17(lVLPT7)_R,LC17,LC17,LC17,2
1473332777,1603645798,LC17(lVLPT7)_R,PVLP072_R,LC17,PVLP072,6
1473332777,1621008677,LC17(lVLPT7)_R,LC17,LC17,LC17,4
1473332777,1630342162,LC17(lVLPT7)_R,PVLP036_R,LC17,PVLP036,5
1473332777,1656153289,LC17(lVLPT7)_R,LC17,LC17,LC17,3
1473332777,1658881325,LC17(lVLPT7)_R,LC17,LC17,LC17,4
1473332777,1663639752,LC17(lVLPT7)_R,NA,LC17,NA,3
1473332777,1690694192,LC17(lVLPT7)_R,PVLP036_R,LC17,PVLP036,13
1473332777,1690698128,LC17(lVLPT7)_R,PVLP036_R,LC17,PVLP036,4
1473332777,1695693354,LC17(lVLPT7)_R,PVLP072_R,LC17,PVLP072,5
1473332777,1722307233,LC17(lVLPT7)_R,LC17(lVLPT7)_R,LC17,LC17,2
1473332777,1747181914,LC17(lVLPT7)_R,LC17,LC17,LC17,3
1473332777,1750251452,LC17(lVLPT7)_R,LC17,LC17,LC17,2
1473332777,1754019541,LC17(lVLPT7)_R,LC17,LC17,LC17,2
1473332777,1776865370,LC17(lVLPT7)_R,LC17,LC17,LC17,2
1473332777,1779567374,LC17(lVLPT7)_R,LC17,LC17,LC17,3
1473332777,1783361972,LC17(lVLPT7)_R,LC17,LC17,LC17,2
1473332777,1783690466,LC17(lVLPT7)_R,LC17,LC17,LC17,2
1473332777,1808241116,LC17(lVLPT7)_R,LC17,LC17,LC17,3
1473332777,1812363713,LC17(lVLPT7)_R,LC17,LC17,LC17,4
1473332777,1817112855,LC17(lVLPT7)_R,LC17,LC17,LC17,2
1473332777,1817113079,LC17(lVLPT7)_R,LC17,LC17,LC17,6
1473332777,1817449059,LC17(lVLPT7)_R,LC17,LC17,LC17,3
1473332777,1817457847,LC17(lVLPT7)_R,LC17,LC17,LC17,3
1473332777,1817458052,LC17(lVLPT7)_R,LC17,LC17,LC17,2
1473332777,1817785661,LC17(lVLPT7)_R,LC17,LC17,LC17,2
1473332777,1817790222,LC17(lVLPT7)_R,LC17,LC17,LC17,4
1473332777,1817790409,LC17(lVLPT7)_R,LC17(lVLPT7)_R,LC17,LC17,2
1473332777,1817799390,LC17(lVLPT7)_R,LC17,LC17,LC17,2
1473332777,1847806275,LC17(lVLPT7)_R,LC17,LC17,LC17,3
1473332777,1848143184,LC17(lVLPT7)_R,LC17,LC17,LC17,2
1473332777,1848496662,LC17(lVLPT7)_R,LC17,LC17,LC17,2
1473332777,1848820325,LC17(lVLPT7)_R,NA,LC17,NA,3
1473332777,1848828925,LC17(lVLPT7)_R,LC17(lVLPT7)_R,LC17,LC17,3
1473332777,1849161220,LC17(lVLPT7)_R,LC17,LC17,LC17,3
1473332777,1849174879,LC17(lVLPT7)_R,LC17(lVLPT7)_R,LC17,LC17,2
1473332777,1849179266,LC17(lVLPT7)_R,LC17,LC17,LC17,2
1473332777,1849507321,LC17(lVLPT7)_R,LC17,LC17,LC17,2
1473332777,1849520324,LC17(lVLPT7)_R,LC17,LC17,LC17,2
1473332777,1875460978,LC17(lVLPT7)_R,LC17,LC17,LC17,2
1473332777,1879519066,LC17(lVLPT7)_R,LC17,LC17,LC17,2
1473332777,1880209425,LC17(lVLPT7)_R,LC17(lVLPT7)_R,LC17,LC17,2
1473332777,1908865507,LC17(lVLPT7)_R,LC17,LC17,LC17,2
1473332777,1941260378,LC17(lVLPT7)_R,NA,LC17,NA,2
1473332777,1941605984,LC17(lVLPT7)_R,NA,LC17,NA,2
1473332777,1941960033,LC17(lVLPT7)_R,NA,LC17,NA,2
1473332777,1942306052,LC17(lVLPT7)_R,NA,LC17,NA,2
1473332777,2029624973,LC17(lVLPT7)_R,LC17,LC17,LC17,2
1473332777,2035064625,LC17(lVLPT7)_R,NA,LC17,NA,2
1473332777,2097475605,LC17(lVLPT7)_R,NA,LC17,NA,2
1473332777,2245501457,LC17(lVLPT7)_R,LC17,LC17,LC17,4
1473332777,5812991769,LC17(lVLPT7)_R,LC17,LC17,LC17,2
1473332777,5812992219,LC17(lVLPT7)_R,LC17,LC17,LC17,2
1473332777,5812998833,LC17(lVLPT7)_R,LC17,LC17,LC17,2
1473332777,5813017315,LC17(lVLPT7)_R,AVLP479_R,LC17,AVLP479,4
1473332777,5813038679,LC17(lVLPT7)_R,LC17,LC17,LC17,2
1473332777,5813039148,LC17(lVLPT7)_R,PVLP011_R,LC17,PVLP011,49
1473332777,5813057178,LC17(lVLPT7)_R,PVLP136_R,LC17,PVLP136,4
1473332777,5813057579,LC17(lVLPT7)_R,AVLP538_R,LC17,AVLP538,8
1473332777,5813060163,LC17(lVLPT7)_R,LC17,LC17,LC17,2
1473332777,5813077633,LC17(lVLPT7)_R,AVLP479_R,LC17,AVLP479,6
1473332777,5813080260,LC17(lVLPT7)_R,AVLP153_R,LC17,AVLP153,2
1473648518,447228814,LC17,PVLP106_R,LC17,PVLP106,31
1473648518,1068885266,LC17,PVLP151(SCB004)_R,LC17,PVLP151,4
1473648518,1070950293,LC17,PVLP151(SCB004)_R,LC17,PVLP151,3
1473648518,1158877703,LC17,LC17(lVLPT4)_R,LC17,LC17,2
1473648518,1189567690,LC17,LC17,LC17,LC17,2
1473648518,1190250299,LC17,LC17,LC17,LC17,2
1473648518,1321305370,LC17,PVLP061_R,LC17,PVLP061,59
1473648518,1347126097,LC17,LC17,LC17,LC17,2
1473648518,1354394414,LC17,PVLP120_R,LC17,PVLP120,10
1473648518,1374063129,LC17,PVLP132_R,LC17,PVLP132,6
1473648518,1381997776,LC17,PVLP071_R,LC17,PVLP071,12
1473648518,1382308349,LC17,PVLP071_R,LC17,PVLP071,12
1473648518,1435791739,LC17,PVLP132_R,LC17,PVLP132,8
1473648518,1449486007,LC17,AVLP537_R,LC17,AVLP537,8
1473648518,1466844031,LC17,LC17,LC17,LC17,2
1473648518,1479147574,LC17,PVLP072_R,LC17,PVLP072,14
1473648518,1479492693,LC17,PVLP072_R,LC17,PVLP072,4
1473648518,1497200791,LC17,LC17,LC17,LC17,4
1473648518,1504428248,LC17,PVLP075_R,LC17,PVLP075,2
1473648518,1508123633,LC17,PVLP018_R,LC17,PVLP018,4
1473648518,1534694621,LC17,LC17,LC17,LC17,2
1473648518,1535082316,LC17,PVLP135_R,LC17,PVLP135,15
1473648518,1535086505,LC17,PVLP135_R,LC17,PVLP135,11
1473648518,1561301125,LC17,LC17,LC17,LC17,2
1473648518,1589972966,LC17,LC17(lVLPT4)_R,LC17,LC17,2
1473648518,1603645798,LC17,PVLP072_R,LC17,PVLP072,5
1473648518,1684443103,LC17,LC17,LC17,LC17,2
1473648518,1690694192,LC17,PVLP036_R,LC17,PVLP036,10
1473648518,1690698128,LC17,PVLP036_R,LC17,PVLP036,5
1473648518,1695693354,LC17,PVLP072_R,LC17,PVLP072,2
1473648518,1720105182,LC17,NA,LC17,NA,2
1473648518,1722307233,LC17,LC17(lVLPT7)_R,LC17,LC17,3
1473648518,1724345210,LC17,NA,LC17,NA,2
1473648518,1754019541,LC17,LC17,LC17,LC17,2
1473648518,1776865370,LC17,LC17,LC17,LC17,2
1473648518,1782318275,LC17,LC17,LC17,LC17,2
1473648518,1782680353,LC17,LC17,LC17,LC17,2
1473648518,1808241116,LC17,LC17,LC17,LC17,2
1473648518,1817107934,LC17,LC17,LC17,LC17,3
1473648518,1817112855,LC17,LC17,LC17,LC17,2
1473648518,1817113079,LC17,LC17,LC17,LC17,2
1473648518,1817449059,LC17,LC17,LC17,LC17,2
1473648518,1817449116,LC17,LC17(lVLPT4)_R,LC17,LC17,2
1473648518,1817449236,LC17,LC17,LC17,LC17,3
1473648518,1817463007,LC17,LC17,LC17,LC17,2
1473648518,1817785661,LC17,LC17,LC17,LC17,3
1473648518,1817790222,LC17,LC17,LC17,LC17,2
1473648518,1818136404,LC17,LC17,LC17,LC17,2
1473648518,1848151236,LC17,LC17,LC17,LC17,4
1473648518,1848156241,LC17,LC17,LC17,LC17,2
1473648518,1848824817,LC17,LC17,LC17,LC17,4
1473648518,1849520324,LC17,LC17,LC17,LC17,2
1473648518,1875124235,LC17,LC17,LC17,LC17,2
1473648518,1876820783,LC17,LC17,LC17,LC17,4
1473648518,1878845226,LC17,LC17,LC17,LC17,3
1473648518,1879877415,LC17,LC17(lVLPT4)_R,LC17,LC17,2
1473648518,1908865507,LC17,LC17,LC17,LC17,2
1473648518,1911231415,LC17,NA,LC17,NA,2
1473648518,1911585521,LC17,NA,LC17,NA,2
1473648518,1912600163,LC17,LC17,LC17,LC17,2
1473648518,1941609793,LC17,NA,LC17,NA,2
1473648518,1973987542,LC17,NA,LC17,NA,2
1473648518,2003334682,LC17,NA,LC17,NA,2
1473648518,2029624973,LC17,LC17,LC17,LC17,3
1473648518,2034373931,LC17,NA,LC17,NA,3
1473648518,2065758388,LC17,NA,LC17,NA,2
1473648518,2065758422,LC17,NA,LC17,NA,2
1473648518,2066777534,LC17,NA,LC17,NA,2
1473648518,2097811845,LC17,NA,LC17,NA,2
1473648518,2098485419,LC17,NA,LC17,NA,2
1473648518,5812989875,LC17,AVLP409_R,LC17,AVLP409,2
1473648518,5812992219,LC17,LC17,LC17,LC17,2
1473648518,5812999009,LC17,LC17(lVLPT4)_R,LC17,LC17,2
1473648518,5813017315,LC17,AVLP479_R,LC17,AVLP479,5
1473648518,5813039148,LC17,PVLP011_R,LC17,PVLP011,43
1473648518,5813039410,LC17,LC17,LC17,LC17,4
1473648518,5813057178,LC17,PVLP136_R,LC17,PVLP136,2
1473648518,5813057579,LC17,AVLP538_R,LC17,AVLP538,9
1473648518,5813077633,LC17,AVLP479_R,LC17,AVLP479,5
1473648518,5813080260,LC17,AVLP153_R,LC17,AVLP153,3
1497200791,447228814,LC17,PVLP106_R,LC17,PVLP106,37
1497200791,1068885266,LC17,PVLP151(SCB004)_R,LC17,PVLP151,5
1497200791,1070950293,LC17,PVLP151(SCB004)_R,LC17,PVLP151,5
1497200791,1158877783,LC17,LC17,LC17,LC17,2
1497200791,1189567690,LC17,LC17,LC17,LC17,3
1497200791,1221285175,LC17,LC17,LC17,LC17,4
1497200791,1321305370,LC17,PVLP061_R,LC17,PVLP061,58
1497200791,1352684733,LC17,LT56_R,LC17,LT56,2
1497200791,1354394414,LC17,PVLP120_R,LC17,PVLP120,8
1497200791,1374063129,LC17,PVLP132_R,LC17,PVLP132,10
1497200791,1381997776,LC17,PVLP071_R,LC17,PVLP071,11
1497200791,1382308349,LC17,PVLP071_R,LC17,PVLP071,8
1497200791,1435791739,LC17,PVLP132_R,LC17,PVLP132,11
1497200791,1435822283,LC17,LC17,LC17,LC17,2
1497200791,1449486007,LC17,AVLP537_R,LC17,AVLP537,9
1497200791,1466848532,LC17,(LWF7)_R,LC17,NA,2
1497200791,1473648518,LC17,LC17,LC17,LC17,2
1497200791,1479147574,LC17,PVLP072_R,LC17,PVLP072,5
1497200791,1479492693,LC17,PVLP072_R,LC17,PVLP072,4
1497200791,1504428248,LC17,PVLP075_R,LC17,PVLP075,2
1497200791,1508123633,LC17,PVLP018_R,LC17,PVLP018,4
1497200791,1510855070,LC17,PVLP080_R,LC17,PVLP080,2
1497200791,1534694621,LC17,LC17,LC17,LC17,2
1497200791,1535082316,LC17,PVLP135_R,LC17,PVLP135,17
1497200791,1535086505,LC17,PVLP135_R,LC17,PVLP135,21
1497200791,1565729476,LC17,LC17,LC17,LC17,3
1497200791,1589972966,LC17,LC17(lVLPT4)_R,LC17,LC17,3
1497200791,1603645798,LC17,PVLP072_R,LC17,PVLP072,8
1497200791,1630342162,LC17,PVLP036_R,LC17,PVLP036,9
1497200791,1654413566,LC17,LC17,LC17,LC17,2
1497200791,1656153289,LC17,LC17,LC17,LC17,4
1497200791,1659515529,LC17,LC17,LC17,LC17,3
1497200791,1663639752,LC17,NA,LC17,NA,3
1497200791,1689239035,LC17,LC17,LC17,LC17,2
1497200791,1690694192,LC17,PVLP036_R,LC17,PVLP036,5
1497200791,1690698128,LC17,PVLP036_R,LC17,PVLP036,2
1497200791,1695693354,LC17,PVLP072_R,LC17,PVLP072,4
1497200791,1719928105,LC17,LC17,LC17,LC17,2
1497200791,1720105182,LC17,NA,LC17,NA,5
1497200791,1724345210,LC17,NA,LC17,NA,4
1497200791,1750251452,LC17,LC17,LC17,LC17,2
1497200791,1752672460,LC17,LC17,LC17,LC17,2
1497200791,1753670596,LC17,LC17(lVLPT4)_R,LC17,LC17,3
1497200791,1781333405,LC17,LC17,LC17,LC17,2
1497200791,1808241116,LC17,LC17,LC17,LC17,3
1497200791,1814410124,LC17,LC17,LC17,LC17,3
1497200791,1817444670,LC17,LC17(lVLPT7)_R,LC17,LC17,2
1497200791,1817448921,LC17,LC17,LC17,LC17,2
1497200791,1817449116,LC17,LC17(lVLPT4)_R,LC17,LC17,4
1497200791,1817453257,LC17,LC17,LC17,LC17,3
1497200791,1817457987,LC17,LC17,LC17,LC17,2
1497200791,1817458164,LC17,LC17,LC17,LC17,2
1497200791,1817463007,LC17,LC17,LC17,LC17,4
1497200791,1817786077,LC17,LC17,LC17,LC17,2
1497200791,1817790409,LC17,LC17(lVLPT7)_R,LC17,LC17,2
1497200791,1817794820,LC17,LC17(lVLPT7)_R,LC17,LC17,3
1497200791,1844421716,LC17,LC17,LC17,LC17,2
1497200791,1847810811,LC17,LC17(lVLPT7)_R,LC17,LC17,4
1497200791,1848151236,LC17,LC17,LC17,LC17,2
1497200791,1848506334,LC17,NA,LC17,NA,3
1497200791,1848824817,LC17,LC17,LC17,LC17,3
1497200791,1848828925,LC17,LC17(lVLPT7)_R,LC17,LC17,3
1497200791,1848837843,LC17,LC17,LC17,LC17,3
1497200791,1849174879,LC17,LC17(lVLPT7)_R,LC17,LC17,2
1497200791,1849179266,LC17,LC17,LC17,LC17,2
1497200791,1849503142,LC17,LC17,LC17,LC17,2
1497200791,1875124235,LC17,LC17,LC17,LC17,2
1497200791,1878845226,LC17,LC17,LC17,LC17,3
1497200791,1911248864,LC17,NA,LC17,NA,2
1497200791,1911930591,LC17,NA,LC17,NA,2
1497200791,1941955505,LC17,NA,LC17,NA,2
1497200791,1973331212,LC17,NA,LC17,NA,2
1497200791,2003001972,LC17,NA,LC17,NA,2
1497200791,2029624973,LC17,LC17,LC17,LC17,3
1497200791,2036065828,LC17,NA,LC17,NA,2
1497200791,2096801969,LC17,NA,LC17,NA,3
1497200791,2097811845,LC17,NA,LC17,NA,2
1497200791,2245501457,LC17,LC17,LC17,LC17,3
1497200791,5812992468,LC17,LC17,LC17,LC17,2
1497200791,5813017315,LC17,AVLP479_R,LC17,AVLP479,7
1497200791,5813034336,LC17,LC17(lVLPT4)_R,LC17,LC17,4
1497200791,5813039148,LC17,PVLP011_R,LC17,PVLP011,53
1497200791,5813057178,LC17,PVLP136_R,LC17,PVLP136,2
1497200791,5813057579,LC17,AVLP538_R,LC17,AVLP538,13
1497200791,5813068239,LC17,LC17,LC17,LC17,2
1497200791,5813077633,LC17,AVLP479_R,LC17,AVLP479,3
1497200791,5813080260,LC17,AVLP153_R,LC17,AVLP153,5
1497200791,5901214683,LC17,AVLP135_R,LC17,AVLP135,2
1528577476,447228814,LC17,PVLP106_R,LC17,PVLP106,26
1528577476,912601209,LC17,PLP244(SCB010)_L,LC17,PLP244,2
1528577476,1068885266,LC17,PVLP151(SCB004)_R,LC17,PVLP151,3
1528577476,1158877783,LC17,LC17,LC17,LC17,3
1528577476,1219592090,LC17,LC17(lVLPT7)_R,LC17,LC17,2
1528577476,1321305370,LC17,PVLP061_R,LC17,PVLP061,43
1528577476,1354394414,LC17,PVLP120_R,LC17,PVLP120,8
1528577476,1374063129,LC17,PVLP132_R,LC17,PVLP132,5
1528577476,1381997776,LC17,PVLP071_R,LC17,PVLP071,9
1528577476,1382308349,LC17,PVLP071_R,LC17,PVLP071,5
1528577476,1405788552,LC17,LC17,LC17,LC17,3
1528577476,1420172582,LC17,NA,LC17,NA,2
1528577476,1435791739,LC17,PVLP132_R,LC17,PVLP132,10
1528577476,1449486007,LC17,AVLP537_R,LC17,AVLP537,12
1528577476,1471607030,LC17,LC17,LC17,LC17,3
1528577476,1473332777,LC17,LC17(lVLPT7)_R,LC17,LC17,2
1528577476,1479147574,LC17,PVLP072_R,LC17,PVLP072,11
1528577476,1479492693,LC17,PVLP072_R,LC17,PVLP072,5
1528577476,1508123633,LC17,PVLP018_R,LC17,PVLP018,4
1528577476,1512232956,LC17,AVLP135_R,LC17,AVLP135,2
1528577476,1535082316,LC17,PVLP135_R,LC17,PVLP135,10
1528577476,1535086505,LC17,PVLP135_R,LC17,PVLP135,13
1528577476,1539496112,LC17,PVLP073_R,LC17,PVLP073,3
1528577476,1603645798,LC17,PVLP072_R,LC17,PVLP072,4
1528577476,1603957106,LC17,AVLP409_R,LC17,AVLP409,2
1528577476,1629163100,LC17,LC17(lVLPT7)_R,LC17,LC17,3
1528577476,1630342162,LC17,PVLP036_R,LC17,PVLP036,7
1528577476,1663639752,LC17,NA,LC17,NA,4
1528577476,1687831632,LC17,LC17,LC17,LC17,2
1528577476,1690694192,LC17,PVLP036_R,LC17,PVLP036,7
1528577476,1690698128,LC17,PVLP036_R,LC17,PVLP036,4
1528577476,1690917721,LC17,LC17,LC17,LC17,2
1528577476,1695693354,LC17,PVLP072_R,LC17,PVLP072,2
1528577476,1719928105,LC17,LC17,LC17,LC17,3
1528577476,1779567374,LC17,LC17,LC17,LC17,3
1528577476,1783361972,LC17,LC17,LC17,LC17,3
1528577476,1808241116,LC17,LC17,LC17,LC17,2
1528577476,1812363713,LC17,LC17,LC17,LC17,2
1528577476,1814031575,LC17,LC17,LC17,LC17,2
1528577476,1814729223,LC17,LC17(lVLPT7)_R,LC17,LC17,2
1528577476,1814729788,LC17,LC17,LC17,LC17,2
1528577476,1817107934,LC17,LC17,LC17,LC17,2
1528577476,1817448971,LC17,LC17,LC17,LC17,2
1528577476,1817449116,LC17,LC17(lVLPT4)_R,LC17,LC17,2
1528577476,1817449236,LC17,LC17,LC17,LC17,2
1528577476,1817453257,LC17,LC17,LC17,LC17,2
1528577476,1817457984,LC17,LC17,LC17,LC17,2
1528577476,1817457987,LC17,LC17,LC17,LC17,2
1528577476,1817790176,LC17,LC17,LC17,LC17,4
1528577476,1817790222,LC17,LC17,LC17,LC17,2
1528577476,1848156241,LC17,LC17,LC17,LC17,2
1528577476,1848483949,LC17,LC17(lVLPT4)_R,LC17,LC17,2
1528577476,1848492714,LC17,LC17,LC17,LC17,2
1528577476,1848506100,LC17,NA,LC17,NA,2
1528577476,1848820426,LC17,LC17(lVLPT7)_R,LC17,LC17,3
1528577476,1879519066,LC17,LC17,LC17,LC17,2
1528577476,1879877415,LC17,LC17(lVLPT4)_R,LC17,LC17,2
1528577476,1880887003,LC17,LC17,LC17,LC17,2
1528577476,1910912227,LC17,NA,LC17,NA,2
1528577476,1912600163,LC17,LC17,LC17,LC17,2
1528577476,1939904964,LC17,LC17,LC17,LC17,3
1528577476,1941964272,LC17,NA,LC17,NA,2
1528577476,1972662496,LC17,NA,LC17,NA,2
1528577476,2098494223,LC17,NA,LC17,NA,2
1528577476,5812992219,LC17,LC17,LC17,LC17,2
1528577476,5812998833,LC17,LC17,LC17,LC17,3
1528577476,5813017315,LC17,AVLP479_R,LC17,AVLP479,9
1528577476,5813038679,LC17,LC17,LC17,LC17,2
1528577476,5813039148,LC17,PVLP011_R,LC17,PVLP011,37
1528577476,5813039410,LC17,LC17,LC17,LC17,2
1528577476,5813054384,LC17,PPM1203_R,LC17,PPM1203,2
1528577476,5813057178,LC17,PVLP136_R,LC17,PVLP136,3
1528577476,5813057579,LC17,AVLP538_R,LC17,AVLP538,14
1528577476,5813077633,LC17,AVLP479_R,LC17,AVLP479,3
1528577476,5813080260,LC17,AVLP153_R,LC17,AVLP153,2
1530606252,447228814,LC17(lVLPT7)_R,PVLP106_R,LC17,PVLP106,24
1530606252,1068885266,LC17(lVLPT7)_R,PVLP151(SCB004)_R,LC17,PVLP151,7
1530606252,1158877703,LC17(lVLPT7)_R,LC17(lVLPT4)_R,LC17,LC17,2
1530606252,1158877783,LC17(lVLPT7)_R,LC17,LC17,LC17,4
1530606252,1221280490,LC17(lVLPT7)_R,LC17(lVLPT7)_R,LC17,LC17,2
1530606252,1260949492,LC17(lVLPT7)_R,AVLP340_R,LC17,AVLP340,2
1530606252,1321305370,LC17(lVLPT7)_R,PVLP061_R,LC17,PVLP061,63
1530606252,1354394414,LC17(lVLPT7)_R,PVLP120_R,LC17,PVLP120,11
1530606252,1374063129,LC17(lVLPT7)_R,PVLP132_R,LC17,PVLP132,10
1530606252,1375769049,LC17(lVLPT7)_R,LC17,LC17,LC17,2
1530606252,1381997776,LC17(lVLPT7)_R,PVLP071_R,LC17,PVLP071,10
1530606252,1382308349,LC17(lVLPT7)_R,PVLP071_R,LC17,PVLP071,12
1530606252,1435791739,LC17(lVLPT7)_R,PVLP132_R,LC17,PVLP132,5
1530606252,1449486007,LC17(lVLPT7)_R,AVLP537_R,LC17,AVLP537,3
1530606252,1471610338,LC17(lVLPT7)_R,LC17,LC17,LC17,4
1530606252,1474424990,LC17(lVLPT7)_R,PVLP073_R,LC17,PVLP073,2
1530606252,1479147574,LC17(lVLPT7)_R,PVLP072_R,LC17,PVLP072,12
1530606252,1479492693,LC17(lVLPT7)_R,PVLP072_R,LC17,PVLP072,5
1530606252,1508123633,LC17(lVLPT7)_R,PVLP018_R,LC17,PVLP018,3
1530606252,1535082316,LC17(lVLPT7)_R,PVLP135_R,LC17,PVLP135,10
1530606252,1535086505,LC17(lVLPT7)_R,PVLP135_R,LC17,PVLP135,22
1530606252,1539496112,LC17(lVLPT7)_R,PVLP073_R,LC17,PVLP073,2
1530606252,1561301125,LC17(lVLPT7)_R,LC17,LC17,LC17,2
1530606252,1563355501,LC17(lVLPT7)_R,LC17,LC17,LC17,2
1530606252,1565729476,LC17(lVLPT7)_R,LC17,LC17,LC17,2
1530606252,1589972966,LC17(lVLPT7)_R,LC17(lVLPT4)_R,LC17,LC17,2
1530606252,1601227987,LC17(lVLPT7)_R,AVLP552_R,LC17,AVLP552,3
1530606252,1603645798,LC17(lVLPT7)_R,PVLP072_R,LC17,PVLP072,4
1530606252,1625800608,LC17(lVLPT7)_R,LC17,LC17,LC17,2
1530606252,1628528573,LC17(lVLPT7)_R,LC17,LC17,LC17,2
1530606252,1629163100,LC17(lVLPT7)_R,LC17(lVLPT7)_R,LC17,LC17,3
1530606252,1630342162,LC17(lVLPT7)_R,PVLP036_R,LC17,PVLP036,3
1530606252,1658881325,LC17(lVLPT7)_R,LC17,LC17,LC17,6
1530606252,1663639752,LC17(lVLPT7)_R,NA,LC17,NA,2
1530606252,1684443103,LC17(lVLPT7)_R,LC17,LC17,LC17,2
1530606252,1689187126,LC17(lVLPT7)_R,LC17,LC17,LC17,2
1530606252,1690694192,LC17(lVLPT7)_R,PVLP036_R,LC17,PVLP036,9
1530606252,1690698128,LC17(lVLPT7)_R,PVLP036_R,LC17,PVLP036,6
1530606252,1695693354,LC17(lVLPT7)_R,PVLP072_R,LC17,PVLP072,4
1530606252,1714791446,LC17(lVLPT7)_R,LC17,LC17,LC17,2
1530606252,1724345210,LC17(lVLPT7)_R,NA,LC17,NA,2
1530606252,1747518018,LC17(lVLPT7)_R,LC17,LC17,LC17,2
1530606252,1748187330,LC17(lVLPT7)_R,LC17,LC17,LC17,4
1530606252,1754019541,LC17(lVLPT7)_R,LC17,LC17,LC17,4
1530606252,1814055949,LC17(lVLPT7)_R,LC17,LC17,LC17,2
1530606252,1814729788,LC17(lVLPT7)_R,LC17,LC17,LC17,3
1530606252,1817107934,LC17(lVLPT7)_R,LC17,LC17,LC17,6
1530606252,1817112807,LC17(lVLPT7)_R,LC17(lVLPT4)_R,LC17,LC17,2
1530606252,1817112855,LC17(lVLPT7)_R,LC17,LC17,LC17,3
1530606252,1817449116,LC17(lVLPT7)_R,LC17(lVLPT4)_R,LC17,LC17,2
1530606252,1817453115,LC17(lVLPT7)_R,NA,LC17,NA,2
1530606252,1817453257,LC17(lVLPT7)_R,LC17,LC17,LC17,2
1530606252,1817453557,LC17(lVLPT7)_R,LC17(lVLPT4)_R,LC17,LC17,2
1530606252,1817457984,LC17(lVLPT7)_R,LC17,LC17,LC17,2
1530606252,1817785661,LC17(lVLPT7)_R,LC17,LC17,LC17,2
1530606252,1817790176,LC17(lVLPT7)_R,LC17,LC17,LC17,3
1530606252,1817790281,LC17(lVLPT7)_R,LC17(lVLPT4)_R,LC17,LC17,2
1530606252,1817794820,LC17(lVLPT7)_R,LC17(lVLPT7)_R,LC17,LC17,4
1530606252,1818136404,LC17(lVLPT7)_R,LC17,LC17,LC17,2
1530606252,1848138779,LC17(lVLPT7)_R,LC17,LC17,LC17,2
1530606252,1848151571,LC17(lVLPT7)_R,LC17(lVLPT7)_R,LC17,LC17,2
1530606252,1848151877,LC17(lVLPT7)_R,LC17,LC17,LC17,5
1530606252,1848496662,LC17(lVLPT7)_R,LC17,LC17,LC17,3
1530606252,1848837784,LC17(lVLPT7)_R,NA,LC17,NA,2
1530606252,1849174879,LC17(lVLPT7)_R,LC17(lVLPT7)_R,LC17,LC17,2
1530606252,1875460978,LC17(lVLPT7)_R,LC17,LC17,LC17,2
1530606252,1878845226,LC17(lVLPT7)_R,LC17,LC17,LC17,2
1530606252,1879531841,LC17(lVLPT7)_R,NA,LC17,NA,2
1530606252,1910890081,LC17(lVLPT7)_R,NA,LC17,NA,3
1530606252,1910920228,LC17(lVLPT7)_R,NA,LC17,NA,3
1530606252,1912271719,LC17(lVLPT7)_R,NA,LC17,NA,4
1530606252,1912271899,LC17(lVLPT7)_R,NA,LC17,NA,2
1530606252,1974682390,LC17(lVLPT7)_R,LC17(lVLPT7)_R,LC17,LC17,2
1530606252,2034714782,LC17(lVLPT7)_R,NA,LC17,NA,2
1530606252,2245501457,LC17(lVLPT7)_R,LC17,LC17,LC17,5
1530606252,5812993994,LC17(lVLPT7)_R,LC17,LC17,LC17,2
1530606252,5812998833,LC17(lVLPT7)_R,LC17,LC17,LC17,2
1530606252,5813017315,LC17(lVLPT7)_R,AVLP479_R,LC17,AVLP479,5
1530606252,5813034336,LC17(lVLPT7)_R,LC17(lVLPT4)_R,LC17,LC17,2
1530606252,5813038679,LC17(lVLPT7)_R,LC17,LC17,LC17,5
1530606252,5813039148,LC17(lVLPT7)_R,PVLP011_R,LC17,PVLP011,40
1530606252,5813054384,LC17(lVLPT7)_R,PPM1203_R,LC17,PPM1203,2
1530606252,5813057579,LC17(lVLPT7)_R,AVLP538_R,LC17,AVLP538,13
1530606252,5813060163,LC17(lVLPT7)_R,LC17,LC17,LC17,2
1530606252,5813077633,LC17(lVLPT7)_R,AVLP479_R,LC17,AVLP479,7
1530606252,5813080260,LC17(lVLPT7)_R,AVLP153_R,LC17,AVLP153,3
1534694621,447228814,LC17,PVLP106_R,LC17,PVLP106,40
1534694621,912601209,LC17,PLP244(SCB010)_L,LC17,PLP244,2
1534694621,1068885266,LC17,PVLP151(SCB004)_R,LC17,PVLP151,4
1534694621,1158877703,LC17,LC17(lVLPT4)_R,LC17,LC17,3
1534694621,1158877783,LC17,LC17,LC17,LC17,3
1534694621,1189567690,LC17,LC17,LC17,LC17,3
1534694621,1221285175,LC17,LC17,LC17,LC17,2
1534694621,1312061760,LC17,AVLP572_R,LC17,AVLP572,4
1534694621,1321305370,LC17,PVLP061_R,LC17,PVLP061,78
1534694621,1345079276,LC17,LC17,LC17,LC17,2
1534694621,1354394414,LC17,PVLP120_R,LC17,PVLP120,10
1534694621,1374063129,LC17,PVLP132_R,LC17,PVLP132,16
1534694621,1375769049,LC17,LC17,LC17,LC17,2
1534694621,1381997776,LC17,PVLP071_R,LC17,PVLP071,15
1534694621,1382308349,LC17,PVLP071_R,LC17,PVLP071,11
1534694621,1435791739,LC17,PVLP132_R,LC17,PVLP132,10
1534694621,1435822283,LC17,LC17,LC17,LC17,3
1534694621,1437165487,LC17,LC17,LC17,LC17,2
1534694621,1449486007,LC17,AVLP537_R,LC17,AVLP537,5
1534694621,1473332777,LC17,LC17(lVLPT7)_R,LC17,LC17,2
1534694621,1475188631,LC17,AVLP541_R,LC17,AVLP541,2
1534694621,1479147574,LC17,PVLP072_R,LC17,PVLP072,8
1534694621,1479492693,LC17,PVLP072_R,LC17,PVLP072,3
1534694621,1508123633,LC17,PVLP018_R,LC17,PVLP018,9
1534694621,1512232956,LC17,AVLP135_R,LC17,AVLP135,2
1534694621,1535082316,LC17,PVLP135_R,LC17,PVLP135,17
1534694621,1535086505,LC17,PVLP135_R,LC17,PVLP135,18
1534694621,1539496112,LC17,PVLP073_R,LC17,PVLP073,2
1534694621,1563355501,LC17,LC17,LC17,LC17,3
1534694621,1589972966,LC17,LC17(lVLPT4)_R,LC17,LC17,2
1534694621,1603645798,LC17,PVLP072_R,LC17,PVLP072,3
1534694621,1621008677,LC17,LC17,LC17,LC17,4
1534694621,1622360309,LC17,LC17,LC17,LC17,2
1534694621,1625800608,LC17,LC17,LC17,LC17,3
1534694621,1628528573,LC17,LC17,LC17,LC17,2
1534694621,1630342162,LC17,PVLP036_R,LC17,PVLP036,9
1534694621,1656153289,LC17,LC17,LC17,LC17,3
1534694621,1689187126,LC17,LC17,LC17,LC17,2
1534694621,1690694192,LC17,PVLP036_R,LC17,PVLP036,7
1534694621,1720105182,LC17,NA,LC17,NA,4
1534694621,1747181914,LC17,LC17,LC17,LC17,3
1534694621,1747518018,LC17,LC17,LC17,LC17,3
1534694621,1752962124,LC17,LC17,LC17,LC17,2
1534694621,1813382259,LC17,LC17(lVLPT7)_R,LC17,LC17,2
1534694621,1814031575,LC17,LC17,LC17,LC17,2
1534694621,1814055949,LC17,LC17,LC17,LC17,2
1534694621,1817107934,LC17,LC17,LC17,LC17,2
1534694621,1817108009,LC17,LC17,LC17,LC17,2
1534694621,1817112855,LC17,LC17,LC17,LC17,2
1534694621,1817444670,LC17,LC17(lVLPT7)_R,LC17,LC17,2
1534694621,1817448921,LC17,LC17,LC17,LC17,2
1534694621,1817449116,LC17,LC17(lVLPT4)_R,LC17,LC17,2
1534694621,1817449229,LC17,LC17,LC17,LC17,3
1534694621,1817449236,LC17,LC17,LC17,LC17,2
1534694621,1817452948,LC17,LC17,LC17,LC17,2
1534694621,1817453257,LC17,LC17,LC17,LC17,3
1534694621,1817457808,LC17,LC17,LC17,LC17,2
1534694621,1817457984,LC17,LC17,LC17,LC17,3
1534694621,1817457987,LC17,LC17,LC17,LC17,2
1534694621,1817458052,LC17,LC17,LC17,LC17,2
1534694621,1817463007,LC17,LC17,LC17,LC17,4
1534694621,1817785682,LC17,LC17,LC17,LC17,2
1534694621,1817790281,LC17,LC17(lVLPT4)_R,LC17,LC17,2
1534694621,1817790409,LC17,LC17(lVLPT7)_R,LC17,LC17,3
1534694621,1817794820,LC17,LC17(lVLPT7)_R,LC17,LC17,2
1534694621,1818122205,LC17,LC17,LC17,LC17,3
1534694621,1847815147,LC17,LC17(lVLPT7)_R,LC17,LC17,2
1534694621,1848138779,LC17,LC17,LC17,LC17,4
1534694621,1848151236,LC17,LC17,LC17,LC17,2
1534694621,1848151571,LC17,LC17(lVLPT7)_R,LC17,LC17,5
1534694621,1848492714,LC17,LC17,LC17,LC17,2
1534694621,1848824817,LC17,LC17,LC17,LC17,2
1534694621,1849178917,LC17,LC17,LC17,LC17,2
1534694621,1849503142,LC17,LC17,LC17,LC17,4
1534694621,1849520324,LC17,LC17,LC17,LC17,4
1534694621,1875460978,LC17,LC17,LC17,LC17,2
1534694621,1876820783,LC17,LC17,LC17,LC17,4
1534694621,1879519066,LC17,LC17,LC17,LC17,2
1534694621,1879877415,LC17,LC17(lVLPT4)_R,LC17,LC17,2
1534694621,1937193993,LC17,LC17,LC17,LC17,2
1534694621,1941964272,LC17,NA,LC17,NA,2
1534694621,1974682390,LC17,LC17(lVLPT7)_R,LC17,LC17,2
1534694621,2003679847,LC17,NA,LC17,NA,2
1534694621,2035064625,LC17,NA,LC17,NA,3
1534694621,5812998833,LC17,LC17,LC17,LC17,3
1534694621,5813017315,LC17,AVLP479_R,LC17,AVLP479,10
1534694621,5813039148,LC17,PVLP011_R,LC17,PVLP011,57
1534694621,5813057178,LC17,PVLP136_R,LC17,PVLP136,2
1534694621,5813057579,LC17,AVLP538_R,LC17,AVLP538,21
1534694621,5813068239,LC17,LC17,LC17,LC17,2
1534694621,5813077633,LC17,AVLP479_R,LC17,AVLP479,10
1534694621,5813080260,LC17,AVLP153_R,LC17,AVLP153,2
1561301125,447228814,LC17,PVLP106_R,LC17,PVLP106,32
1561301125,1068885266,LC17,PVLP151(SCB004)_R,LC17,PVLP151,11
1561301125,1070950293,LC17,PVLP151(SCB004)_R,LC17,PVLP151,2
1561301125,1221280490,LC17,LC17(lVLPT7)_R,LC17,LC17,2
1561301125,1321305370,LC17,PVLP061_R,LC17,PVLP061,57
1561301125,1347126097,LC17,LC17,LC17,LC17,2
1561301125,1354394414,LC17,PVLP120_R,LC17,PVLP120,5
1561301125,1374063129,LC17,PVLP132_R,LC17,PVLP132,11
1561301125,1381997776,LC17,PVLP071_R,LC17,PVLP071,2
1561301125,1382308349,LC17,PVLP071_R,LC17,PVLP071,14
1561301125,1420172582,LC17,NA,LC17,NA,3
1561301125,1435791739,LC17,PVLP132_R,LC17,PVLP132,11
1561301125,1449486007,LC17,AVLP537_R,LC17,AVLP537,8
1561301125,1474424990,LC17,PVLP073_R,LC17,PVLP073,4
1561301125,1479147574,LC17,PVLP072_R,LC17,PVLP072,7
1561301125,1479492693,LC17,PVLP072_R,LC17,PVLP072,5
1561301125,1497200791,LC17,LC17,LC17,LC17,2
1561301125,1504428248,LC17,PVLP075_R,LC17,PVLP075,2
1561301125,1508123633,LC17,PVLP018_R,LC17,PVLP018,3
1561301125,1535082316,LC17,PVLP135_R,LC17,PVLP135,16
1561301125,1535086505,LC17,PVLP135_R,LC17,PVLP135,14
1561301125,1539193374,LC17,AVLP152_R,LC17,AVLP152,2
1561301125,1539496112,LC17,PVLP073_R,LC17,PVLP073,2
1561301125,1565729476,LC17,LC17,LC17,LC17,3
1561301125,1574980522,LC17,AVLP408_R,LC17,AVLP408,2
1561301125,1599872317,LC17,PVLP080_R,LC17,PVLP080,2
1561301125,1603645798,LC17,PVLP072_R,LC17,PVLP072,4
1561301125,1603957106,LC17,AVLP409_R,LC17,AVLP409,3
1561301125,1630342162,LC17,PVLP036_R,LC17,PVLP036,6
1561301125,1689200671,LC17,LC17,LC17,LC17,2
1561301125,1690694192,LC17,PVLP036_R,LC17,PVLP036,6
1561301125,1690698128,LC17,PVLP036_R,LC17,PVLP036,4
1561301125,1695693354,LC17,PVLP072_R,LC17,PVLP072,2
1561301125,1724345210,LC17,NA,LC17,NA,4
1561301125,1747518018,LC17,LC17,LC17,LC17,2
1561301125,1751666374,LC17,LC17,LC17,LC17,2
1561301125,1752672460,LC17,LC17,LC17,LC17,2
1561301125,1782680353,LC17,LC17,LC17,LC17,2
1561301125,1808241116,LC17,LC17,LC17,LC17,2
1561301125,1814060070,LC17,LC17,LC17,LC17,2
1561301125,1817113079,LC17,LC17,LC17,LC17,2
1561301125,1817444670,LC17,LC17(lVLPT7)_R,LC17,LC17,3
1561301125,1817448971,LC17,LC17,LC17,LC17,3
1561301125,1817452948,LC17,LC17,LC17,LC17,2
1561301125,1817457987,LC17,LC17,LC17,LC17,3
1561301125,1817458030,LC17,NA,LC17,NA,2
1561301125,1817794820,LC17,LC17(lVLPT7)_R,LC17,LC17,3
1561301125,1818473569,LC17,LC17,LC17,LC17,2
1561301125,1848143184,LC17,LC17,LC17,LC17,2
1561301125,1848151571,LC17,LC17(lVLPT7)_R,LC17,LC17,3
1561301125,1848492714,LC17,LC17,LC17,LC17,3
1561301125,1875460978,LC17,LC17,LC17,LC17,2
1561301125,1879226079,LC17,NA,LC17,NA,2
1561301125,1880209425,LC17,LC17(lVLPT7)_R,LC17,LC17,2
1561301125,5812992219,LC17,LC17,LC17,LC17,3
1561301125,5813017315,LC17,AVLP479_R,LC17,AVLP479,4
1561301125,5813027276,LC17,AVLP080_R,LC17,AVLP080,2
1561301125,5813038918,LC17,LC17,LC17,LC17,3
1561301125,5813039148,LC17,PVLP011_R,LC17,PVLP011,33
1561301125,5813057579,LC17,AVLP538_R,LC17,AVLP538,12
1561301125,5813077633,LC17,AVLP479_R,LC17,AVLP479,5
1561301125,5813080260,LC17,AVLP153_R,LC17,AVLP153,2
1562707421,447228814,LC17(lVLPT7)_R,PVLP106_R,LC17,PVLP106,31
1562707421,1068885266,LC17(lVLPT7)_R,PVLP151(SCB004)_R,LC17,PVLP151,5
1562707421,1070950293,LC17(lVLPT7)_R,PVLP151(SCB004)_R,LC17,PVLP151,2
1562707421,1190250299,LC17(lVLPT7)_R,LC17,LC17,LC17,3
1562707421,1312061760,LC17(lVLPT7)_R,AVLP572_R,LC17,AVLP572,2
1562707421,1321305370,LC17(lVLPT7)_R,PVLP061_R,LC17,PVLP061,77
1562707421,1347126097,LC17(lVLPT7)_R,LC17,LC17,LC17,2
1562707421,1347812305,LC17(lVLPT7)_R,LC17(lVLPT7)_R,LC17,LC17,3
1562707421,1348153557,LC17(lVLPT7)_R,LC17,LC17,LC17,3
1562707421,1354394414,LC17(lVLPT7)_R,PVLP120_R,LC17,PVLP120,5
1562707421,1374063129,LC17(lVLPT7)_R,PVLP132_R,LC17,PVLP132,11
1562707421,1381997776,LC17(lVLPT7)_R,PVLP071_R,LC17,PVLP071,18
1562707421,1382308349,LC17(lVLPT7)_R,PVLP071_R,LC17,PVLP071,6
1562707421,1435791739,LC17(lVLPT7)_R,PVLP132_R,LC17,PVLP132,7
1562707421,1449486007,LC17(lVLPT7)_R,AVLP537_R,LC17,AVLP537,6
1562707421,1471607030,LC17(lVLPT7)_R,LC17,LC17,LC17,2
1562707421,1472965897,LC17(lVLPT7)_R,LC17,LC17,LC17,2
1562707421,1473332777,LC17(lVLPT7)_R,LC17(lVLPT7)_R,LC17,LC17,2
1562707421,1479147574,LC17(lVLPT7)_R,PVLP072_R,LC17,PVLP072,11
1562707421,1479492693,LC17(lVLPT7)_R,PVLP072_R,LC17,PVLP072,5
1562707421,1508123633,LC17(lVLPT7)_R,PVLP018_R,LC17,PVLP018,2
1562707421,1535082316,LC17(lVLPT7)_R,PVLP135_R,LC17,PVLP135,13
1562707421,1535086505,LC17(lVLPT7)_R,PVLP135_R,LC17,PVLP135,35
1562707421,1539496112,LC17(lVLPT7)_R,PVLP073_R,LC17,PVLP073,2
1562707421,1601227987,LC17(lVLPT7)_R,AVLP552_R,LC17,AVLP552,2
1562707421,1603645798,LC17(lVLPT7)_R,PVLP072_R,LC17,PVLP072,3
1562707421,1603957106,LC17(lVLPT7)_R,AVLP409_R,LC17,AVLP409,3
1562707421,1625800608,LC17(lVLPT7)_R,LC17,LC17,LC17,3
1562707421,1628528573,LC17(lVLPT7)_R,LC17,LC17,LC17,2
1562707421,1629163100,LC17(lVLPT7)_R,LC17(lVLPT7)_R,LC17,LC17,4
1562707421,1630342162,LC17(lVLPT7)_R,PVLP036_R,LC17,PVLP036,7
1562707421,1654413566,LC17(lVLPT7)_R,LC17,LC17,LC17,4
1562707421,1656834653,LC17(lVLPT7)_R,LC17,LC17,LC17,2
1562707421,1663639752,LC17(lVLPT7)_R,NA,LC17,NA,2
1562707421,1689239035,LC17(lVLPT7)_R,LC17,LC17,LC17,2
1562707421,1690694192,LC17(lVLPT7)_R,PVLP036_R,LC17,PVLP036,3
1562707421,1695693354,LC17(lVLPT7)_R,PVLP072_R,LC17,PVLP072,4
1562707421,1714791446,LC17(lVLPT7)_R,LC17,LC17,LC17,2
1562707421,1719928105,LC17(lVLPT7)_R,LC17,LC17,LC17,5
1562707421,1720105182,LC17(lVLPT7)_R,NA,LC17,NA,3
1562707421,1747518018,LC17(lVLPT7)_R,LC17,LC17,LC17,2
1562707421,1753670596,LC17(lVLPT7)_R,LC17(lVLPT4)_R,LC17,LC17,2
1562707421,1781324410,LC17(lVLPT7)_R,LC17,LC17,LC17,2
1562707421,1781333405,LC17(lVLPT7)_R,LC17,LC17,LC17,2
1562707421,1782680353,LC17(lVLPT7)_R,LC17,LC17,LC17,2
1562707421,1808241116,LC17(lVLPT7)_R,LC17,LC17,LC17,3
1562707421,1812363713,LC17(lVLPT7)_R,LC17,LC17,LC17,3
1562707421,1814031575,LC17(lVLPT7)_R,LC17,LC17,LC17,3
1562707421,1814055949,LC17(lVLPT7)_R,LC17,LC17,LC17,2
1562707421,1814060070,LC17(lVLPT7)_R,LC17,LC17,LC17,3
1562707421,1814729223,LC17(lVLPT7)_R,LC17(lVLPT7)_R,LC17,LC17,2
1562707421,1814729788,LC17(lVLPT7)_R,LC17,LC17,LC17,2
1562707421,1817113079,LC17(lVLPT7)_R,LC17,LC17,LC17,2
1562707421,1817444555,LC17(lVLPT7)_R,LC17,LC17,LC17,3
1562707421,1817449229,LC17(lVLPT7)_R,LC17,LC17,LC17,2
1562707421,1817449236,LC17(lVLPT7)_R,LC17,LC17,LC17,3
1562707421,1817457987,LC17(lVLPT7)_R,LC17,LC17,LC17,2
1562707421,1817458164,LC17(lVLPT7)_R,LC17,LC17,LC17,2
1562707421,1844421716,LC17(lVLPT7)_R,LC17,LC17,LC17,3
1562707421,1845772658,LC17(lVLPT7)_R,LC17(lVLPT7)_R,LC17,LC17,2
1562707421,1848151571,LC17(lVLPT7)_R,LC17(lVLPT7)_R,LC17,LC17,2
1562707421,1848151618,LC17(lVLPT7)_R,NA,LC17,NA,2
1562707421,1848483949,LC17(lVLPT7)_R,LC17(lVLPT4)_R,LC17,LC17,2
1562707421,1848506334,LC17(lVLPT7)_R,NA,LC17,NA,3
1562707421,1849161220,LC17(lVLPT7)_R,LC17,LC17,LC17,5
1562707421,1849166071,LC17(lVLPT7)_R,LC17,LC17,LC17,4
1562707421,1849503142,LC17(lVLPT7)_R,LC17,LC17,LC17,3
1562707421,1849507321,LC17(lVLPT7)_R,LC17,LC17,LC17,4
1562707421,1876820783,LC17(lVLPT7)_R,LC17,LC17,LC17,2
1562707421,1879226079,LC17(lVLPT7)_R,NA,LC17,NA,4
1562707421,1880209425,LC17(lVLPT7)_R,LC17(lVLPT7)_R,LC17,LC17,3
1562707421,1880887003,LC17(lVLPT7)_R,LC17,LC17,LC17,2
1562707421,2005044052,LC17(lVLPT7)_R,NA,LC17,NA,2
1562707421,2035072996,LC17(lVLPT7)_R,NA,LC17,NA,3
1562707421,2096797846,LC17(lVLPT7)_R,NA,LC17,NA,2
1562707421,5812992219,LC17(lVLPT7)_R,LC17,LC17,LC17,2
1562707421,5812992468,LC17(lVLPT7)_R,LC17,LC17,LC17,4
1562707421,5813017315,LC17(lVLPT7)_R,AVLP479_R,LC17,AVLP479,10
1562707421,5813027276,LC17(lVLPT7)_R,AVLP080_R,LC17,AVLP080,2
1562707421,5813034336,LC17(lVLPT7)_R,LC17(lVLPT4)_R,LC17,LC17,2
1562707421,5813038679,LC17(lVLPT7)_R,LC17,LC17,LC17,3
1562707421,5813039148,LC17(lVLPT7)_R,PVLP011_R,LC17,PVLP011,51
1562707421,5813057579,LC17(lVLPT7)_R,AVLP538_R,LC17,AVLP538,16
1562707421,5813076492,LC17(lVLPT7)_R,LC17,LC17,LC17,3
1562707421,5813077633,LC17(lVLPT7)_R,AVLP479_R,LC17,AVLP479,7
1562707421,5813080260,LC17(lVLPT7)_R,AVLP153_R,LC17,AVLP153,5
1563355501,447228814,LC17,PVLP106_R,LC17,PVLP106,32
1563355501,1068885266,LC17,PVLP151(SCB004)_R,LC17,PVLP151,4
1563355501,1158877703,LC17,LC17(lVLPT4)_R,LC17,LC17,3
1563355501,1189567690,LC17,LC17,LC17,LC17,2
1563355501,1221280490,LC17,LC17(lVLPT7)_R,LC17,LC17,3
1563355501,1321305370,LC17,PVLP061_R,LC17,PVLP061,69
1563355501,1347126097,LC17,LC17,LC17,LC17,2
1563355501,1347812305,LC17,LC17(lVLPT7)_R,LC17,LC17,2
1563355501,1354394414,LC17,PVLP120_R,LC17,PVLP120,11
1563355501,1374063129,LC17,PVLP132_R,LC17,PVLP132,10
1563355501,1381997776,LC17,PVLP071_R,LC17,PVLP071,13
1563355501,1382308349,LC17,PVLP071_R,LC17,PVLP071,6
1563355501,1435791739,LC17,PVLP132_R,LC17,PVLP132,11
1563355501,1435822283,LC17,LC17,LC17,LC17,2
1563355501,1449486007,LC17,AVLP537_R,LC17,AVLP537,12
1563355501,1466844031,LC17,LC17,LC17,LC17,2
1563355501,1471610338,LC17,LC17,LC17,LC17,2
1563355501,1472965897,LC17,LC17,LC17,LC17,4
1563355501,1479147574,LC17,PVLP072_R,LC17,PVLP072,9
1563355501,1479492693,LC17,PVLP072_R,LC17,PVLP072,12
1563355501,1504428248,LC17,PVLP075_R,LC17,PVLP075,3
1563355501,1508123633,LC17,PVLP018_R,LC17,PVLP018,4
1563355501,1528577476,LC17,LC17,LC17,LC17,2
1563355501,1530606252,LC17,LC17(lVLPT7)_R,LC17,LC17,3
1563355501,1534694621,LC17,LC17,LC17,LC17,2
1563355501,1535082316,LC17,PVLP135_R,LC17,PVLP135,16
1563355501,1535086505,LC17,PVLP135_R,LC17,PVLP135,13
1563355501,1539496112,LC17,PVLP073_R,LC17,PVLP073,2
1563355501,1574980522,LC17,AVLP408_R,LC17,AVLP408,2
1563355501,1603645798,LC17,PVLP072_R,LC17,PVLP072,4
1563355501,1603957106,LC17,AVLP409_R,LC17,AVLP409,2
1563355501,1630342162,LC17,PVLP036_R,LC17,PVLP036,3
1563355501,1660276772,LC17,PVLP038_R,LC17,PVLP038,2
1563355501,1689200671,LC17,LC17,LC17,LC17,2
1563355501,1690694192,LC17,PVLP036_R,LC17,PVLP036,10
1563355501,1690698128,LC17,PVLP036_R,LC17,PVLP036,4
1563355501,1695693354,LC17,PVLP072_R,LC17,PVLP072,3
1563355501,1720105182,LC17,NA,LC17,NA,6
1563355501,1750251452,LC17,LC17,LC17,LC17,2
1563355501,1782680353,LC17,LC17,LC17,LC17,5
1563355501,1814729223,LC17,LC17(lVLPT7)_R,LC17,LC17,3
1563355501,1817449229,LC17,LC17,LC17,LC17,5
1563355501,1817449236,LC17,LC17,LC17,LC17,4
1563355501,1817452948,LC17,LC17,LC17,LC17,2
1563355501,1817790176,LC17,LC17,LC17,LC17,2
1563355501,1844421716,LC17,LC17,LC17,LC17,3
1563355501,1847815147,LC17,LC17(lVLPT7)_R,LC17,LC17,2
1563355501,1848138779,LC17,LC17,LC17,LC17,3
1563355501,1848151877,LC17,LC17,LC17,LC17,3
1563355501,1848492714,LC17,LC17,LC17,LC17,2
1563355501,1848820426,LC17,LC17(lVLPT7)_R,LC17,LC17,2
1563355501,1849161220,LC17,LC17,LC17,LC17,2
1563355501,1849166071,LC17,LC17,LC17,LC17,4
1563355501,1849183960,LC17,LC17(lVLPT7)_R,LC17,LC17,2
1563355501,1849507321,LC17,LC17,LC17,LC17,2
1563355501,1875124235,LC17,LC17,LC17,LC17,2
1563355501,1875460978,LC17,LC17,LC17,LC17,3
1563355501,1876820783,LC17,LC17,LC17,LC17,2
1563355501,1879519066,LC17,LC17,LC17,LC17,2
1563355501,1912271690,LC17,NA,LC17,NA,2
1563355501,1943634962,LC17,NA,LC17,NA,2
1563355501,2004008055,LC17,NA,LC17,NA,2
1563355501,2004370647,LC17,NA,LC17,NA,2
1563355501,5812989875,LC17,AVLP409_R,LC17,AVLP409,2
1563355501,5812992468,LC17,LC17,LC17,LC17,4
1563355501,5812998833,LC17,LC17,LC17,LC17,2
1563355501,5813017315,LC17,AVLP479_R,LC17,AVLP479,4
1563355501,5813027276,LC17,AVLP080_R,LC17,AVLP080,4
1563355501,5813038679,LC17,LC17,LC17,LC17,3
1563355501,5813039148,LC17,PVLP011_R,LC17,PVLP011,55
1563355501,5813039410,LC17,LC17,LC17,LC17,2
1563355501,5813054384,LC17,PPM1203_R,LC17,PPM1203,2
1563355501,5813057579,LC17,AVLP538_R,LC17,AVLP538,26
1563355501,5813068559,LC17,AVLP396_R,LC17,AVLP396,2
1563355501,5813076492,LC17,LC17,LC17,LC17,2
1563355501,5813077633,LC17,AVLP479_R,LC17,AVLP479,8
1563355501,5813080260,LC17,AVLP153_R,LC17,AVLP153,2
1565729476,447228814,LC17,PVLP106_R,LC17,PVLP106,48
1565729476,912601209,LC17,PLP244(SCB010)_L,LC17,PLP244,3
1565729476,1068885266,LC17,PVLP151(SCB004)_R,LC17,PVLP151,7
1565729476,1070950293,LC17,PVLP151(SCB004)_R,LC17,PVLP151,3
1565729476,1158877783,LC17,LC17,LC17,LC17,2
1565729476,1221280490,LC17,LC17(lVLPT7)_R,LC17,LC17,2
1565729476,1321305370,LC17,PVLP061_R,LC17,PVLP061,80
1565729476,1347126097,LC17,LC17,LC17,LC17,2
1565729476,1354394414,LC17,PVLP120_R,LC17,PVLP120,8
1565729476,1374063129,LC17,PVLP132_R,LC17,PVLP132,9
1565729476,1381997776,LC17,PVLP071_R,LC17,PVLP071,12
1565729476,1382308349,LC17,PVLP071_R,LC17,PVLP071,14
1565729476,1420172582,LC17,NA,LC17,NA,3
1565729476,1435791739,LC17,PVLP132_R,LC17,PVLP132,18
1565729476,1449486007,LC17,AVLP537_R,LC17,AVLP537,13
1565729476,1451562506,LC17,AVLP213_R,LC17,AVLP213,2
1565729476,1466844031,LC17,LC17,LC17,LC17,2
1565729476,1472965897,LC17,LC17,LC17,LC17,3
1565729476,1473332777,LC17,LC17(lVLPT7)_R,LC17,LC17,2
1565729476,1473648518,LC17,LC17,LC17,LC17,3
1565729476,1474424990,LC17,PVLP073_R,LC17,PVLP073,3
1565729476,1479147574,LC17,PVLP072_R,LC17,PVLP072,15
1565729476,1479492693,LC17,PVLP072_R,LC17,PVLP072,8
1565729476,1497200791,LC17,LC17,LC17,LC17,3
1565729476,1508123633,LC17,PVLP018_R,LC17,PVLP018,9
1565729476,1512232956,LC17,AVLP135_R,LC17,AVLP135,3
1565729476,1528577476,LC17,LC17,LC17,LC17,4
1565729476,1535082316,LC17,PVLP135_R,LC17,PVLP135,17
1565729476,1535086505,LC17,PVLP135_R,LC17,PVLP135,27
1565729476,1561301125,LC17,LC17,LC17,LC17,4
1565729476,1593012939,LC17,LC17,LC17,LC17,3
1565729476,1603645798,LC17,PVLP072_R,LC17,PVLP072,7
1565729476,1621008677,LC17,LC17,LC17,LC17,4
1565729476,1628528573,LC17,LC17,LC17,LC17,2
1565729476,1629163100,LC17,LC17(lVLPT7)_R,LC17,LC17,4
1565729476,1630342162,LC17,PVLP036_R,LC17,PVLP036,7
1565729476,1658881325,LC17,LC17,LC17,LC17,3
1565729476,1689187126,LC17,LC17,LC17,LC17,2
1565729476,1689200671,LC17,LC17,LC17,LC17,3
1565729476,1689239035,LC17,LC17,LC17,LC17,3
1565729476,1690694192,LC17,PVLP036_R,LC17,PVLP036,4
1565729476,1695693354,LC17,PVLP072_R,LC17,PVLP072,3
1565729476,1720105182,LC17,NA,LC17,NA,3
1565729476,1722307233,LC17,LC17(lVLPT7)_R,LC17,LC17,2
1565729476,1724345210,LC17,NA,LC17,NA,3
1565729476,1747181914,LC17,LC17,LC17,LC17,2
1565729476,1748187330,LC17,LC17,LC17,LC17,3
1565729476,1750251452,LC17,LC17,LC17,LC17,3
1565729476,1751262627,LC17,LC17,LC17,LC17,2
1565729476,1751666374,LC17,LC17,LC17,LC17,3
1565729476,1752962124,LC17,LC17,LC17,LC17,2
1565729476,1753670596,LC17,LC17(lVLPT4)_R,LC17,LC17,2
1565729476,1782680353,LC17,LC17,LC17,LC17,2
1565729476,1812696567,LC17,LC17,LC17,LC17,3
1565729476,1814031575,LC17,LC17,LC17,LC17,4
1565729476,1814060070,LC17,LC17,LC17,LC17,2
1565729476,1817112855,LC17,LC17,LC17,LC17,3
1565729476,1817444555,LC17,LC17,LC17,LC17,2
1565729476,1817449375,LC17,LC17,LC17,LC17,3
1565729476,1817457808,LC17,LC17,LC17,LC17,2
1565729476,1817457984,LC17,LC17,LC17,LC17,2
1565729476,1817457987,LC17,LC17,LC17,LC17,6
1565729476,1817785682,LC17,LC17,LC17,LC17,3
1565729476,1817799390,LC17,LC17,LC17,LC17,2
1565729476,1818463564,LC17,NA,LC17,NA,2
1565729476,1847815147,LC17,LC17(lVLPT7)_R,LC17,LC17,3
1565729476,1848138779,LC17,LC17,LC17,LC17,4
1565729476,1848483949,LC17,LC17(lVLPT4)_R,LC17,LC17,3
1565729476,1848492714,LC17,LC17,LC17,LC17,3
1565729476,1848506334,LC17,NA,LC17,NA,2
1565729476,1849161220,LC17,LC17,LC17,LC17,2
1565729476,1849166071,LC17,LC17,LC17,LC17,2
1565729476,1849178917,LC17,LC17,LC17,LC17,2
1565729476,1849183960,LC17,LC17(lVLPT7)_R,LC17,LC17,3
1565729476,1849503142,LC17,LC17,LC17,LC17,2
1565729476,1849507321,LC17,LC17,LC17,LC17,2
1565729476,1849520324,LC17,LC17,LC17,LC17,2
1565729476,1876820783,LC17,LC17,LC17,LC17,2
1565729476,1878845226,LC17,LC17,LC17,LC17,5
1565729476,1879226079,LC17,NA,LC17,NA,2
1565729476,1911594119,LC17,NA,LC17,NA,3
1565729476,1941609989,LC17,NA,LC17,NA,2
1565729476,1941955396,LC17,NA,LC17,NA,2
1565729476,1972662496,LC17,NA,LC17,NA,3
1565729476,1974669584,LC17,NA,LC17,NA,4
1565729476,1974682390,LC17,LC17(lVLPT7)_R,LC17,LC17,3
1565729476,2005389920,LC17,NA,LC17,NA,2
1565729476,2065413223,LC17,NA,LC17,NA,2
1565729476,2065762604,LC17,NA,LC17,NA,2
1565729476,5812988086,LC17,LC17,LC17,LC17,3
1565729476,5813017315,LC17,AVLP479_R,LC17,AVLP479,7
1565729476,5813027276,LC17,AVLP080_R,LC17,AVLP080,2
1565729476,5813039148,LC17,PVLP011_R,LC17,PVLP011,41
1565729476,5813057579,LC17,AVLP538_R,LC17,AVLP538,17
1565729476,5813077633,LC17,AVLP479_R,LC17,AVLP479,8
1565729476,5813080260,LC17,AVLP153_R,LC17,AVLP153,7
1589972966,447228814,LC17(lVLPT4)_R,PVLP106_R,LC17,PVLP106,39
1589972966,912601209,LC17(lVLPT4)_R,PLP244(SCB010)_L,LC17,PLP244,6
1589972966,1068885266,LC17(lVLPT4)_R,PVLP151(SCB004)_R,LC17,PVLP151,4
1589972966,1070950293,LC17(lVLPT4)_R,PVLP151(SCB004)_R,LC17,PVLP151,2
1589972966,1158877703,LC17(lVLPT4)_R,LC17(lVLPT4)_R,LC17,LC17,4
1589972966,1250277991,LC17(lVLPT4)_R,LC17,LC17,LC17,3
1589972966,1321305370,LC17(lVLPT4)_R,PVLP061_R,LC17,PVLP061,58
1589972966,1345079276,LC17(lVLPT4)_R,LC17,LC17,LC17,3
1589972966,1354394414,LC17(lVLPT4)_R,PVLP120_R,LC17,PVLP120,22
1589972966,1374063129,LC17(lVLPT4)_R,PVLP132_R,LC17,PVLP132,7
1589972966,1381997776,LC17(lVLPT4)_R,PVLP071_R,LC17,PVLP071,5
1589972966,1382308349,LC17(lVLPT4)_R,PVLP071_R,LC17,PVLP071,4
1589972966,1435791739,LC17(lVLPT4)_R,PVLP132_R,LC17,PVLP132,15
1589972966,1449486007,LC17(lVLPT4)_R,AVLP537_R,LC17,AVLP537,16
1589972966,1473648518,LC17(lVLPT4)_R,LC17,LC17,LC17,3
1589972966,1477148598,LC17(lVLPT4)_R,PVLP075_R,LC17,PVLP075,2
1589972966,1479147574,LC17(lVLPT4)_R,PVLP072_R,LC17,PVLP072,13
1589972966,1479492693,LC17(lVLPT4)_R,PVLP072_R,LC17,PVLP072,5
1589972966,1497200791,LC17(lVLPT4)_R,LC17,LC17,LC17,2
1589972966,1504428248,LC17(lVLPT4)_R,PVLP075_R,LC17,PVLP075,3
1589972966,1508123633,LC17(lVLPT4)_R,PVLP018_R,LC17,PVLP018,3
1589972966,1512232956,LC17(lVLPT4)_R,AVLP135_R,LC17,AVLP135,4
1589972966,1534694621,LC17(lVLPT4)_R,LC17,LC17,LC17,2
1589972966,1535082316,LC17(lVLPT4)_R,PVLP135_R,LC17,PVLP135,16
1589972966,1535086505,LC17(lVLPT4)_R,PVLP135_R,LC17,PVLP135,15
1589972966,1593012939,LC17(lVLPT4)_R,LC17,LC17,LC17,3
1589972966,1603645798,LC17(lVLPT4)_R,PVLP072_R,LC17,PVLP072,3
1589972966,1621008677,LC17(lVLPT4)_R,LC17,LC17,LC17,2
1589972966,1630342162,LC17(lVLPT4)_R,PVLP036_R,LC17,PVLP036,10
1589972966,1687831632,LC17(lVLPT4)_R,LC17,LC17,LC17,2
1589972966,1690694192,LC17(lVLPT4)_R,PVLP036_R,LC17,PVLP036,9
1589972966,1695693354,LC17(lVLPT4)_R,PVLP072_R,LC17,PVLP072,3
1589972966,1720105182,LC17(lVLPT4)_R,NA,LC17,NA,4
1589972966,1747518018,LC17(lVLPT4)_R,LC17,LC17,LC17,2
1589972966,1752962124,LC17(lVLPT4)_R,LC17,LC17,LC17,2
1589972966,1781333405,LC17(lVLPT4)_R,LC17,LC17,LC17,2
1589972966,1783361972,LC17(lVLPT4)_R,LC17,LC17,LC17,2
1589972966,1812696567,LC17(lVLPT4)_R,LC17,LC17,LC17,4
1589972966,1813382259,LC17(lVLPT4)_R,LC17(lVLPT7)_R,LC17,LC17,3
1589972966,1814729223,LC17(lVLPT4)_R,LC17(lVLPT7)_R,LC17,LC17,4
1589972966,1814729788,LC17(lVLPT4)_R,LC17,LC17,LC17,3
1589972966,1817444315,LC17(lVLPT4)_R,LC17(lVLPT7)_R,LC17,LC17,2
1589972966,1817444555,LC17(lVLPT4)_R,LC17,LC17,LC17,3
1589972966,1817444670,LC17(lVLPT4)_R,LC17(lVLPT7)_R,LC17,LC17,2
1589972966,1817448921,LC17(lVLPT4)_R,LC17,LC17,LC17,2
1589972966,1817449236,LC17(lVLPT4)_R,LC17,LC17,LC17,2
1589972966,1817452948,LC17(lVLPT4)_R,LC17,LC17,LC17,3
1589972966,1817453557,LC17(lVLPT4)_R,LC17(lVLPT4)_R,LC17,LC17,2
1589972966,1817457984,LC17(lVLPT4)_R,LC17,LC17,LC17,2
1589972966,1817786077,LC17(lVLPT4)_R,LC17,LC17,LC17,4
1589972966,1818136404,LC17(lVLPT4)_R,LC17,LC17,LC17,2
1589972966,1848151236,LC17(lVLPT4)_R,LC17,LC17,LC17,3
1589972966,1848506334,LC17(lVLPT4)_R,NA,LC17,NA,2
1589972966,1848820426,LC17(lVLPT4)_R,LC17(lVLPT7)_R,LC17,LC17,2
1589972966,1849183960,LC17(lVLPT4)_R,LC17(lVLPT7)_R,LC17,LC17,2
1589972966,1849503142,LC17(lVLPT4)_R,LC17,LC17,LC17,3
1589972966,1849520324,LC17(lVLPT4)_R,LC17,LC17,LC17,3
1589972966,1875460978,LC17(lVLPT4)_R,LC17,LC17,LC17,2
1589972966,1879226079,LC17(lVLPT4)_R,NA,LC17,NA,3
1589972966,1879514663,LC17(lVLPT4)_R,NA,LC17,NA,2
1589972966,1910920228,LC17(lVLPT4)_R,NA,LC17,NA,4
1589972966,1912600163,LC17(lVLPT4)_R,LC17,LC17,LC17,3
1589972966,1939904964,LC17(lVLPT4)_R,LC17,LC17,LC17,2
1589972966,1941273864,LC17(lVLPT4)_R,NA,LC17,NA,4
1589972966,1941955396,LC17(lVLPT4)_R,NA,LC17,NA,3
1589972966,1973663791,LC17(lVLPT4)_R,NA,LC17,NA,3
1589972966,2128519134,LC17(lVLPT4)_R,NA,LC17,NA,2
1589972966,5812991769,LC17(lVLPT4)_R,LC17,LC17,LC17,3
1589972966,5812993994,LC17(lVLPT4)_R,LC17,LC17,LC17,4
1589972966,5812998833,LC17(lVLPT4)_R,LC17,LC17,LC17,3
1589972966,5813017315,LC17(lVLPT4)_R,AVLP479_R,LC17,AVLP479,5
1589972966,5813027276,LC17(lVLPT4)_R,AVLP080_R,LC17,AVLP080,2
1589972966,5813039148,LC17(lVLPT4)_R,PVLP011_R,LC17,PVLP011,37
1589972966,5813054384,LC17(lVLPT4)_R,PPM1203_R,LC17,PPM1203,2
1589972966,5813057579,LC17(lVLPT4)_R,AVLP538_R,LC17,AVLP538,12
1589972966,5813076492,LC17(lVLPT4)_R,LC17,LC17,LC17,2
1589972966,5813077633,LC17(lVLPT4)_R,AVLP479_R,LC17,AVLP479,6
1589972966,5813080260,LC17(lVLPT4)_R,AVLP153_R,LC17,AVLP153,3
1593012939,447228814,LC17,PVLP106_R,LC17,PVLP106,42
1593012939,1068885266,LC17,PVLP151(SCB004)_R,LC17,PVLP151,4
1593012939,1070950293,LC17,PVLP151(SCB004)_R,LC17,PVLP151,2
1593012939,1158877703,LC17,LC17(lVLPT4)_R,LC17,LC17,2
1593012939,1158877783,LC17,LC17,LC17,LC17,3
1593012939,1321305370,LC17,PVLP061_R,LC17,PVLP061,62
1593012939,1345079276,LC17,LC17,LC17,LC17,2
1593012939,1354394414,LC17,PVLP120_R,LC17,PVLP120,8
1593012939,1374063129,LC17,PVLP132_R,LC17,PVLP132,7
1593012939,1381997776,LC17,PVLP071_R,LC17,PVLP071,8
1593012939,1382308349,LC17,PVLP071_R,LC17,PVLP071,9
1593012939,1405788552,LC17,LC17,LC17,LC17,2
1593012939,1420172582,LC17,NA,LC17,NA,2
1593012939,1435791739,LC17,PVLP132_R,LC17,PVLP132,13
1593012939,1449486007,LC17,AVLP537_R,LC17,AVLP537,10
1593012939,1471607030,LC17,LC17,LC17,LC17,3
1593012939,1473332777,LC17,LC17(lVLPT7)_R,LC17,LC17,4
1593012939,1479147574,LC17,PVLP072_R,LC17,PVLP072,10
1593012939,1479492693,LC17,PVLP072_R,LC17,PVLP072,6
1593012939,1504428248,LC17,PVLP075_R,LC17,PVLP075,3
1593012939,1508123633,LC17,PVLP018_R,LC17,PVLP018,2
1593012939,1535082316,LC17,PVLP135_R,LC17,PVLP135,16
1593012939,1535086505,LC17,PVLP135_R,LC17,PVLP135,17
1593012939,1565729476,LC17,LC17,LC17,LC17,2
1593012939,1589972966,LC17,LC17(lVLPT4)_R,LC17,LC17,3
1593012939,1603645798,LC17,PVLP072_R,LC17,PVLP072,6
1593012939,1628528573,LC17,LC17,LC17,LC17,2
1593012939,1630342162,LC17,PVLP036_R,LC17,PVLP036,9
1593012939,1656153289,LC17,LC17,LC17,LC17,3
1593012939,1656834653,LC17,LC17,LC17,LC17,2
1593012939,1687831632,LC17,LC17,LC17,LC17,2
1593012939,1689239035,LC17,LC17,LC17,LC17,2
1593012939,1690694192,LC17,PVLP036_R,LC17,PVLP036,10
1593012939,1690698128,LC17,PVLP036_R,LC17,PVLP036,2
1593012939,1695693354,LC17,PVLP072_R,LC17,PVLP072,3
1593012939,1720105182,LC17,NA,LC17,NA,2
1593012939,1722307233,LC17,LC17(lVLPT7)_R,LC17,LC17,2
1593012939,1751666374,LC17,LC17,LC17,LC17,2
1593012939,1752962124,LC17,LC17,LC17,LC17,4
1593012939,1753670596,LC17,LC17(lVLPT4)_R,LC17,LC17,3
1593012939,1776865370,LC17,LC17,LC17,LC17,2
1593012939,1783690466,LC17,LC17,LC17,LC17,3
1593012939,1808241116,LC17,LC17,LC17,LC17,2
1593012939,1814060070,LC17,LC17,LC17,LC17,5
1593012939,1814729788,LC17,LC17,LC17,LC17,2
1593012939,1817107934,LC17,LC17,LC17,LC17,2
1593012939,1817112807,LC17,LC17(lVLPT4)_R,LC17,LC17,2
1593012939,1817444555,LC17,LC17,LC17,LC17,3
1593012939,1817448659,LC17,LC17,LC17,LC17,2
1593012939,1817448921,LC17,LC17,LC17,LC17,2
1593012939,1817448971,LC17,LC17,LC17,LC17,2
1593012939,1817449116,LC17,LC17(lVLPT4)_R,LC17,LC17,2
1593012939,1817449229,LC17,LC17,LC17,LC17,2
1593012939,1817449236,LC17,LC17,LC17,LC17,2
1593012939,1817453065,LC17,LC17,LC17,LC17,4
1593012939,1817453557,LC17,LC17(lVLPT4)_R,LC17,LC17,3
1593012939,1817458052,LC17,LC17,LC17,LC17,2
1593012939,1817463007,LC17,LC17,LC17,LC17,2
1593012939,1817790409,LC17,LC17(lVLPT7)_R,LC17,LC17,2
1593012939,1845772658,LC17,LC17(lVLPT7)_R,LC17,LC17,2
1593012939,1848143184,LC17,LC17,LC17,LC17,2
1593012939,1848151236,LC17,LC17,LC17,LC17,2
1593012939,1848151618,LC17,NA,LC17,NA,2
1593012939,1848156241,LC17,LC17,LC17,LC17,3
1593012939,1848492258,LC17,LC17,LC17,LC17,3
1593012939,1848837843,LC17,LC17,LC17,LC17,3
1593012939,1876820783,LC17,LC17,LC17,LC17,2
1593012939,1879877415,LC17,LC17(lVLPT4)_R,LC17,LC17,2
1593012939,1880887003,LC17,LC17,LC17,LC17,2
1593012939,1941614500,LC17,NA,LC17,NA,3
1593012939,2035405481,LC17,NA,LC17,NA,2
1593012939,2065413223,LC17,NA,LC17,NA,2
1593012939,2066773102,LC17,NA,LC17,NA,3
1593012939,2096797919,LC17,NA,LC17,NA,2
1593012939,2245501457,LC17,LC17,LC17,LC17,2
1593012939,5812998833,LC17,LC17,LC17,LC17,2
1593012939,5813017315,LC17,AVLP479_R,LC17,AVLP479,5
1593012939,5813039148,LC17,PVLP011_R,LC17,PVLP011,42
1593012939,5813039410,LC17,LC17,LC17,LC17,2
1593012939,5813057579,LC17,AVLP538_R,LC17,AVLP538,13
1593012939,5813068239,LC17,LC17,LC17,LC17,2
1593012939,5813077633,LC17,AVLP479_R,LC17,AVLP479,4
1593012939,5813080260,LC17,AVLP153_R,LC17,AVLP153,2
1621008677,447228814,LC17,PVLP106_R,LC17,PVLP106,57
1621008677,912601209,LC17,PLP244(SCB010)_L,LC17,PLP244,2
1621008677,1068885266,LC17,PVLP151(SCB004)_R,LC17,PVLP151,6
1621008677,1070950293,LC17,PVLP151(SCB004)_R,LC17,PVLP151,4
1621008677,1158877703,LC17,LC17(lVLPT4)_R,LC17,LC17,2
1621008677,1158877783,LC17,LC17,LC17,LC17,2
1621008677,1189567690,LC17,LC17,LC17,LC17,2
1621008677,1313702895,LC17,LC17,LC17,LC17,3
1621008677,1321305370,LC17,PVLP061_R,LC17,PVLP061,92
1621008677,1347126097,LC17,LC17,LC17,LC17,4
1621008677,1354394414,LC17,PVLP120_R,LC17,PVLP120,14
1621008677,1374063129,LC17,PVLP132_R,LC17,PVLP132,14
1621008677,1375769049,LC17,LC17,LC17,LC17,2
1621008677,1381997776,LC17,PVLP071_R,LC17,PVLP071,14
1621008677,1382308349,LC17,PVLP071_R,LC17,PVLP071,9
1621008677,1435791739,LC17,PVLP132_R,LC17,PVLP132,16
1621008677,1435822283,LC17,LC17,LC17,LC17,2
1621008677,1449486007,LC17,AVLP537_R,LC17,AVLP537,2
1621008677,1466844031,LC17,LC17,LC17,LC17,2
1621008677,1472965897,LC17,LC17,LC17,LC17,2
1621008677,1473332777,LC17,LC17(lVLPT7)_R,LC17,LC17,3
1621008677,1475188631,LC17,AVLP541_R,LC17,AVLP541,2
1621008677,1477148598,LC17,PVLP075_R,LC17,PVLP075,2
1621008677,1479147574,LC17,PVLP072_R,LC17,PVLP072,16
1621008677,1479492693,LC17,PVLP072_R,LC17,PVLP072,3
1621008677,1504428248,LC17,PVLP075_R,LC17,PVLP075,3
1621008677,1508123633,LC17,PVLP018_R,LC17,PVLP018,8
1621008677,1512232956,LC17,AVLP135_R,LC17,AVLP135,2
1621008677,1528577476,LC17,LC17,LC17,LC17,3
1621008677,1534694621,LC17,LC17,LC17,LC17,2
1621008677,1535082316,LC17,PVLP135_R,LC17,PVLP135,32
1621008677,1535086505,LC17,PVLP135_R,LC17,PVLP135,25
1621008677,1565729476,LC17,LC17,LC17,LC17,3
1621008677,1603645798,LC17,PVLP072_R,LC17,PVLP072,4
1621008677,1603957106,LC17,AVLP409_R,LC17,AVLP409,4
1621008677,1628528573,LC17,LC17,LC17,LC17,3
1621008677,1629163100,LC17,LC17(lVLPT7)_R,LC17,LC17,3
1621008677,1630342162,LC17,PVLP036_R,LC17,PVLP036,3
1621008677,1663639752,LC17,NA,LC17,NA,5
1621008677,1687831632,LC17,LC17,LC17,LC17,4
1621008677,1689239035,LC17,LC17,LC17,LC17,3
1621008677,1690694192,LC17,PVLP036_R,LC17,PVLP036,11
1621008677,1690698128,LC17,PVLP036_R,LC17,PVLP036,5
1621008677,1695693354,LC17,PVLP072_R,LC17,PVLP072,7
1621008677,1714808591,LC17,NA,LC17,NA,2
1621008677,1720105182,LC17,NA,LC17,NA,2
1621008677,1748187330,LC17,LC17,LC17,LC17,2
1621008677,1751262627,LC17,LC17,LC17,LC17,2
1621008677,1751666374,LC17,LC17,LC17,LC17,3
1621008677,1752962124,LC17,LC17,LC17,LC17,3
1621008677,1781333405,LC17,LC17,LC17,LC17,4
1621008677,1783690466,LC17,LC17,LC17,LC17,2
1621008677,1807572051,LC17,LC17,LC17,LC17,3
1621008677,1812363713,LC17,LC17,LC17,LC17,2
1621008677,1817108009,LC17,LC17,LC17,LC17,2
1621008677,1817112807,LC17,LC17(lVLPT4)_R,LC17,LC17,2
1621008677,1817444670,LC17,LC17(lVLPT7)_R,LC17,LC17,2
1621008677,1817448659,LC17,LC17,LC17,LC17,3
1621008677,1817448921,LC17,LC17,LC17,LC17,2
1621008677,1817448971,LC17,LC17,LC17,LC17,2
1621008677,1817449229,LC17,LC17,LC17,LC17,2
1621008677,1817452948,LC17,LC17,LC17,LC17,2
1621008677,1817453557,LC17,LC17(lVLPT4)_R,LC17,LC17,3
1621008677,1817457847,LC17,LC17,LC17,LC17,3
1621008677,1817457987,LC17,LC17,LC17,LC17,4
1621008677,1817786077,LC17,LC17,LC17,LC17,2
1621008677,1817790222,LC17,LC17,LC17,LC17,3
1621008677,1817790281,LC17,LC17(lVLPT4)_R,LC17,LC17,2
1621008677,1817790409,LC17,LC17(lVLPT7)_R,LC17,LC17,4
1621008677,1817794820,LC17,LC17(lVLPT7)_R,LC17,LC17,2
1621008677,1818473569,LC17,LC17,LC17,LC17,3
1621008677,1844421716,LC17,LC17,LC17,LC17,2
1621008677,1845772658,LC17,LC17(lVLPT7)_R,LC17,LC17,4
1621008677,1847810811,LC17,LC17(lVLPT7)_R,LC17,LC17,3
1621008677,1848156241,LC17,LC17,LC17,LC17,4
1621008677,1848483949,LC17,LC17(lVLPT4)_R,LC17,LC17,2
1621008677,1848492714,LC17,LC17,LC17,LC17,2
1621008677,1848496662,LC17,LC17,LC17,LC17,3
1621008677,1848820426,LC17,LC17(lVLPT7)_R,LC17,LC17,2
1621008677,1848824817,LC17,LC17,LC17,LC17,3
1621008677,1849179266,LC17,LC17,LC17,LC17,3
1621008677,1849503142,LC17,LC17,LC17,LC17,2
1621008677,1849507321,LC17,LC17,LC17,LC17,3
1621008677,1849520324,LC17,LC17,LC17,LC17,5
1621008677,1875460978,LC17,LC17,LC17,LC17,2
1621008677,1876820783,LC17,LC17,LC17,LC17,2
1621008677,1878845629,LC17,LC17,LC17,LC17,2
1621008677,1879226079,LC17,NA,LC17,NA,3
1621008677,1879519066,LC17,LC17,LC17,LC17,2
1621008677,1879877415,LC17,LC17(lVLPT4)_R,LC17,LC17,3
1621008677,1908865507,LC17,LC17,LC17,LC17,2
1621008677,1912600163,LC17,LC17,LC17,LC17,3
1621008677,1939904964,LC17,LC17,LC17,LC17,2
1621008677,1942633283,LC17,NA,LC17,NA,2
1621008677,2035064625,LC17,NA,LC17,NA,2
1621008677,2065758388,LC17,NA,LC17,NA,2
1621008677,2066781727,LC17,NA,LC17,NA,2
1621008677,5812988086,LC17,LC17,LC17,LC17,4
1621008677,5812992468,LC17,LC17,LC17,LC17,2
1621008677,5812999009,LC17,LC17(lVLPT4)_R,LC17,LC17,3
1621008677,5813017315,LC17,AVLP479_R,LC17,AVLP479,7
1621008677,5813034336,LC17,LC17(lVLPT4)_R,LC17,LC17,2
1621008677,5813039148,LC17,PVLP011_R,LC17,PVLP011,64
1621008677,5813039410,LC17,LC17,LC17,LC17,2
1621008677,5813040277,LC17,PVLP115_R,LC17,PVLP115,2
1621008677,5813057178,LC17,PVLP136_R,LC17,PVLP136,2
1621008677,5813057579,LC17,AVLP538_R,LC17,AVLP538,15
1621008677,5813060163,LC17,LC17,LC17,LC17,2
1621008677,5813076492,LC17,LC17,LC17,LC17,2
1621008677,5813077633,LC17,AVLP479_R,LC17,AVLP479,11
1622360309,447228814,LC17,PVLP106_R,LC17,PVLP106,29
1622360309,1068885266,LC17,PVLP151(SCB004)_R,LC17,PVLP151,3
1622360309,1189567690,LC17,LC17,LC17,LC17,3
1622360309,1190250299,LC17,LC17,LC17,LC17,2
1622360309,1219592090,LC17,LC17(lVLPT7)_R,LC17,LC17,5
1622360309,1250277991,LC17,LC17,LC17,LC17,3
1622360309,1321305370,LC17,PVLP061_R,LC17,PVLP061,59
1622360309,1348153557,LC17,LC17,LC17,LC17,3
1622360309,1354394414,LC17,PVLP120_R,LC17,PVLP120,13
1622360309,1374063129,LC17,PVLP132_R,LC17,PVLP132,14
1622360309,1381997776,LC17,PVLP071_R,LC17,PVLP071,7
1622360309,1382308349,LC17,PVLP071_R,LC17,PVLP071,9
1622360309,1405788552,LC17,LC17,LC17,LC17,2
1622360309,1435791739,LC17,PVLP132_R,LC17,PVLP132,8
1622360309,1449486007,LC17,AVLP537_R,LC17,AVLP537,6
1622360309,1467859487,LC17,LC17,LC17,LC17,2
1622360309,1472965897,LC17,LC17,LC17,LC17,2
1622360309,1479147574,LC17,PVLP072_R,LC17,PVLP072,7
1622360309,1479492693,LC17,PVLP072_R,LC17,PVLP072,2
1622360309,1508123633,LC17,PVLP018_R,LC17,PVLP018,11
1622360309,1534694621,LC17,LC17,LC17,LC17,2
1622360309,1535082316,LC17,PVLP135_R,LC17,PVLP135,12
1622360309,1535086505,LC17,PVLP135_R,LC17,PVLP135,20
1622360309,1561301125,LC17,LC17,LC17,LC17,2
1622360309,1599285725,LC17,(PVL05)_L?,LC17,NA,3
1622360309,1603645798,LC17,PVLP072_R,LC17,PVLP072,10
1622360309,1630342162,LC17,PVLP036_R,LC17,PVLP036,6
1622360309,1654413566,LC17,LC17,LC17,LC17,3
1622360309,1655474822,LC17,LC17,LC17,LC17,2
1622360309,1663639752,LC17,NA,LC17,NA,2
1622360309,1690694192,LC17,PVLP036_R,LC17,PVLP036,8
1622360309,1690698128,LC17,PVLP036_R,LC17,PVLP036,3
1622360309,1695693354,LC17,PVLP072_R,LC17,PVLP072,4
1622360309,1720105182,LC17,NA,LC17,NA,3
1622360309,1722307233,LC17,LC17(lVLPT7)_R,LC17,LC17,5
1622360309,1724345210,LC17,NA,LC17,NA,4
1622360309,1751666374,LC17,LC17,LC17,LC17,5
1622360309,1783361972,LC17,LC17,LC17,LC17,2
1622360309,1807572051,LC17,LC17,LC17,LC17,2
1622360309,1814055949,LC17,LC17,LC17,LC17,2
1622360309,1817444555,LC17,LC17,LC17,LC17,2
1622360309,1817453065,LC17,LC17,LC17,LC17,5
1622360309,1817453557,LC17,LC17(lVLPT4)_R,LC17,LC17,3
1622360309,1817457847,LC17,LC17,LC17,LC17,2
1622360309,1817457984,LC17,LC17,LC17,LC17,2
1622360309,1817463007,LC17,LC17,LC17,LC17,4
1622360309,1817785661,LC17,LC17,LC17,LC17,2
1622360309,1817790281,LC17,LC17(lVLPT4)_R,LC17,LC17,3
1622360309,1817794820,LC17,LC17(lVLPT7)_R,LC17,LC17,2
1622360309,1817799390,LC17,LC17,LC17,LC17,2
1622360309,1847810811,LC17,LC17(lVLPT7)_R,LC17,LC17,2
1622360309,1848488366,LC17,NA,LC17,NA,3
1622360309,1848506334,LC17,NA,LC17,NA,2
1622360309,1848828925,LC17,LC17(lVLPT7)_R,LC17,LC17,4
1622360309,1848837843,LC17,LC17,LC17,LC17,6
1622360309,1849161220,LC17,LC17,LC17,LC17,4
1622360309,1849503142,LC17,LC17,LC17,LC17,2
1622360309,1939904964,LC17,LC17,LC17,LC17,4
1622360309,1941273864,LC17,NA,LC17,NA,2
1622360309,1941610247,LC17,NA,LC17,NA,2
1622360309,1974004779,LC17,NA,LC17,NA,2
1622360309,2004681343,LC17,NA,LC17,NA,2
1622360309,5812991769,LC17,LC17,LC17,LC17,2
1622360309,5812992219,LC17,LC17,LC17,LC17,2
1622360309,5812992468,LC17,LC17,LC17,LC17,3
1622360309,5812998833,LC17,LC17,LC17,LC17,2
1622360309,5813017315,LC17,AVLP479_R,LC17,AVLP479,6
1622360309,5813039148,LC17,PVLP011_R,LC17,PVLP011,45
1622360309,5813057178,LC17,PVLP136_R,LC17,PVLP136,3
1622360309,5813057579,LC17,AVLP538_R,LC17,AVLP538,10
1622360309,5813060163,LC17,LC17,LC17,LC17,2
1622360309,5813077633,LC17,AVLP479_R,LC17,AVLP479,10
1625800608,447228814,LC17,PVLP106_R,LC17,PVLP106,35
1625800608,1068885266,LC17,PVLP151(SCB004)_R,LC17,PVLP151,6
1625800608,1189567690,LC17,LC17,LC17,LC17,5
1625800608,1190250299,LC17,LC17,LC17,LC17,2
1625800608,1321305370,LC17,PVLP061_R,LC17,PVLP061,95
1625800608,1347126097,LC17,LC17,LC17,LC17,2
1625800608,1347812305,LC17,LC17(lVLPT7)_R,LC17,LC17,3
1625800608,1354394414,LC17,PVLP120_R,LC17,PVLP120,8
1625800608,1374063129,LC17,PVLP132_R,LC17,PVLP132,13
1625800608,1381997776,LC17,PVLP071_R,LC17,PVLP071,14
1625800608,1382308349,LC17,PVLP071_R,LC17,PVLP071,14
1625800608,1435791739,LC17,PVLP132_R,LC17,PVLP132,15
1625800608,1449486007,LC17,AVLP537_R,LC17,AVLP537,16
1625800608,1467859487,LC17,LC17,LC17,LC17,2
1625800608,1472965897,LC17,LC17,LC17,LC17,5
1625800608,1475188631,LC17,AVLP541_R,LC17,AVLP541,3
1625800608,1479147574,LC17,PVLP072_R,LC17,PVLP072,14
1625800608,1479492693,LC17,PVLP072_R,LC17,PVLP072,11
1625800608,1497200791,LC17,LC17,LC17,LC17,2
1625800608,1508123633,LC17,PVLP018_R,LC17,PVLP018,2
1625800608,1512232956,LC17,AVLP135_R,LC17,AVLP135,2
1625800608,1535082316,LC17,PVLP135_R,LC17,PVLP135,18
1625800608,1535086505,LC17,PVLP135_R,LC17,PVLP135,20
1625800608,1589972966,LC17,LC17(lVLPT4)_R,LC17,LC17,2
1625800608,1593012939,LC17,LC17,LC17,LC17,4
1625800608,1603645798,LC17,PVLP072_R,LC17,PVLP072,2
1625800608,1654413566,LC17,LC17,LC17,LC17,4
1625800608,1655474822,LC17,LC17,LC17,LC17,2
1625800608,1656834653,LC17,LC17,LC17,LC17,2
1625800608,1659515529,LC17,LC17,LC17,LC17,3
1625800608,1690694192,LC17,PVLP036_R,LC17,PVLP036,15
1625800608,1690698128,LC17,PVLP036_R,LC17,PVLP036,8
1625800608,1690917721,LC17,LC17,LC17,LC17,3
1625800608,1695693354,LC17,PVLP072_R,LC17,PVLP072,4
1625800608,1714791446,LC17,LC17,LC17,LC17,2
1625800608,1720105182,LC17,NA,LC17,NA,2
1625800608,1720454234,LC17,NA,LC17,NA,2
1625800608,1747518018,LC17,LC17,LC17,LC17,5
1625800608,1748187330,LC17,LC17,LC17,LC17,5
1625800608,1750251452,LC17,LC17,LC17,LC17,3
1625800608,1751262627,LC17,LC17,LC17,LC17,2
1625800608,1783361972,LC17,LC17,LC17,LC17,2
1625800608,1783690466,LC17,LC17,LC17,LC17,2
1625800608,1812363713,LC17,LC17,LC17,LC17,3
1625800608,1814055949,LC17,LC17,LC17,LC17,3
1625800608,1817107934,LC17,LC17,LC17,LC17,2
1625800608,1817112855,LC17,LC17,LC17,LC17,4
1625800608,1817449375,LC17,LC17,LC17,LC17,3
1625800608,1817453257,LC17,LC17,LC17,LC17,5
1625800608,1817457847,LC17,LC17,LC17,LC17,4
1625800608,1817457984,LC17,LC17,LC17,LC17,3
1625800608,1817785661,LC17,LC17,LC17,LC17,2
1625800608,1817785682,LC17,LC17,LC17,LC17,2
1625800608,1817790222,LC17,LC17,LC17,LC17,2
1625800608,1817794820,LC17,LC17(lVLPT7)_R,LC17,LC17,4
1625800608,1818473569,LC17,LC17,LC17,LC17,2
1625800608,1845772658,LC17,LC17(lVLPT7)_R,LC17,LC17,2
1625800608,1847806203,LC17,LC17,LC17,LC17,2
1625800608,1848156241,LC17,LC17,LC17,LC17,2
1625800608,1848496662,LC17,LC17,LC17,LC17,2
1625800608,1848506334,LC17,NA,LC17,NA,3
1625800608,1848820426,LC17,LC17(lVLPT7)_R,LC17,LC17,2
1625800608,1848837843,LC17,LC17,LC17,LC17,3
1625800608,1849157449,LC17,NA,LC17,NA,2
1625800608,1849161220,LC17,LC17,LC17,LC17,2
1625800608,1849503093,LC17,NA,LC17,NA,2
1625800608,1849520324,LC17,LC17,LC17,LC17,4
1625800608,1879514899,LC17,NA,LC17,NA,2
1625800608,1879877415,LC17,LC17(lVLPT4)_R,LC17,LC17,2
1625800608,1911585521,LC17,NA,LC17,NA,4
1625800608,1912600163,LC17,LC17,LC17,LC17,2
1625800608,1941264873,LC17,NA,LC17,NA,2
1625800608,2003343229,LC17,NA,LC17,NA,3
1625800608,2034378615,LC17,NA,LC17,NA,2
1625800608,2035064632,LC17,NA,LC17,NA,2
1625800608,5812992219,LC17,LC17,LC17,LC17,3
1625800608,5812998833,LC17,LC17,LC17,LC17,2
1625800608,5812999009,LC17,LC17(lVLPT4)_R,LC17,LC17,2
1625800608,5813017315,LC17,AVLP479_R,LC17,AVLP479,12
1625800608,5813027276,LC17,AVLP080_R,LC17,AVLP080,4
1625800608,5813039148,LC17,PVLP011_R,LC17,PVLP011,48
1625800608,5813054384,LC17,PPM1203_R,LC17,PPM1203,4
1625800608,5813057178,LC17,PVLP136_R,LC17,PVLP136,2
1625800608,5813057579,LC17,AVLP538_R,LC17,AVLP538,21
1625800608,5813077633,LC17,AVLP479_R,LC17,AVLP479,10
1625800608,5813080260,LC17,AVLP153_R,LC17,AVLP153,6
1628528573,447228814,LC17,PVLP106_R,LC17,PVLP106,45
1628528573,1068885266,LC17,PVLP151(SCB004)_R,LC17,PVLP151,6
1628528573,1070950293,LC17,PVLP151(SCB004)_R,LC17,PVLP151,3
1628528573,1158877703,LC17,LC17(lVLPT4)_R,LC17,LC17,2
1628528573,1158877783,LC17,LC17,LC17,LC17,3
1628528573,1189567690,LC17,LC17,LC17,LC17,2
1628528573,1221280490,LC17,LC17(lVLPT7)_R,LC17,LC17,3
1628528573,1221285175,LC17,LC17,LC17,LC17,2
1628528573,1321305370,LC17,PVLP061_R,LC17,PVLP061,68
1628528573,1345079276,LC17,LC17,LC17,LC17,2
1628528573,1347126097,LC17,LC17,LC17,LC17,2
1628528573,1354394414,LC17,PVLP120_R,LC17,PVLP120,16
1628528573,1374063129,LC17,PVLP132_R,LC17,PVLP132,12
1628528573,1381997776,LC17,PVLP071_R,LC17,PVLP071,14
1628528573,1382308349,LC17,PVLP071_R,LC17,PVLP071,7
1628528573,1435791739,LC17,PVLP132_R,LC17,PVLP132,15
1628528573,1435822283,LC17,LC17,LC17,LC17,2
1628528573,1449486007,LC17,AVLP537_R,LC17,AVLP537,14
1628528573,1467859487,LC17,LC17,LC17,LC17,4
1628528573,1471610338,LC17,LC17,LC17,LC17,3
1628528573,1474424990,LC17,PVLP073_R,LC17,PVLP073,2
1628528573,1479147574,LC17,PVLP072_R,LC17,PVLP072,10
1628528573,1479492693,LC17,PVLP072_R,LC17,PVLP072,3
1628528573,1508123633,LC17,PVLP018_R,LC17,PVLP018,9
1628528573,1512232956,LC17,AVLP135_R,LC17,AVLP135,3
1628528573,1535082316,LC17,PVLP135_R,LC17,PVLP135,25
1628528573,1535086505,LC17,PVLP135_R,LC17,PVLP135,17
1628528573,1539496112,LC17,PVLP073_R,LC17,PVLP073,3
1628528573,1562707421,LC17,LC17(lVLPT7)_R,LC17,LC17,4
1628528573,1589972966,LC17,LC17(lVLPT4)_R,LC17,LC17,3
1628528573,1603645798,LC17,PVLP072_R,LC17,PVLP072,8
1628528573,1603957106,LC17,AVLP409_R,LC17,AVLP409,3
1628528573,1621008677,LC17,LC17,LC17,LC17,2
1628528573,1630342162,LC17,PVLP036_R,LC17,PVLP036,3
1628528573,1656153289,LC17,LC17,LC17,LC17,2
1628528573,1658881325,LC17,LC17,LC17,LC17,2
1628528573,1689915765,LC17,LC17,LC17,LC17,2
1628528573,1690694192,LC17,PVLP036_R,LC17,PVLP036,9
1628528573,1690698128,LC17,PVLP036_R,LC17,PVLP036,2
1628528573,1695693354,LC17,PVLP072_R,LC17,PVLP072,3
1628528573,1714791446,LC17,LC17,LC17,LC17,3
1628528573,1720105182,LC17,NA,LC17,NA,3
1628528573,1722307233,LC17,LC17(lVLPT7)_R,LC17,LC17,4
1628528573,1724345210,LC17,NA,LC17,NA,2
1628528573,1747518018,LC17,LC17,LC17,LC17,2
1628528573,1751666374,LC17,LC17,LC17,LC17,2
1628528573,1753670596,LC17,LC17(lVLPT4)_R,LC17,LC17,3
1628528573,1776865370,LC17,LC17,LC17,LC17,4
1628528573,1781333405,LC17,LC17,LC17,LC17,2
1628528573,1807572051,LC17,LC17,LC17,LC17,2
1628528573,1813382259,LC17,LC17(lVLPT7)_R,LC17,LC17,3
1628528573,1814729788,LC17,LC17,LC17,LC17,2
1628528573,1817112807,LC17,LC17(lVLPT4)_R,LC17,LC17,2
1628528573,1817453065,LC17,LC17,LC17,LC17,2
1628528573,1817453557,LC17,LC17(lVLPT4)_R,LC17,LC17,2
1628528573,1817785661,LC17,LC17,LC17,LC17,2
1628528573,1817790176,LC17,LC17,LC17,LC17,2
1628528573,1817794820,LC17,LC17(lVLPT7)_R,LC17,LC17,2
1628528573,1818136404,LC17,LC17,LC17,LC17,4
1628528573,1844421716,LC17,LC17,LC17,LC17,2
1628528573,1847810811,LC17,LC17(lVLPT7)_R,LC17,LC17,2
1628528573,1848151571,LC17,LC17(lVLPT7)_R,LC17,LC17,2
1628528573,1848151877,LC17,LC17,LC17,LC17,2
1628528573,1848483949,LC17,LC17(lVLPT4)_R,LC17,LC17,4
1628528573,1848492258,LC17,LC17,LC17,LC17,4
1628528573,1848496662,LC17,LC17,LC17,LC17,3
1628528573,1848820426,LC17,LC17(lVLPT7)_R,LC17,LC17,2
1628528573,1848837843,LC17,LC17,LC17,LC17,5
1628528573,1849161407,LC17,LC17,LC17,LC17,2
1628528573,1849178917,LC17,LC17,LC17,LC17,2
1628528573,1849520324,LC17,LC17,LC17,LC17,2
1628528573,1876820783,LC17,LC17,LC17,LC17,2
1628528573,1878845629,LC17,LC17,LC17,LC17,3
1628528573,1879226079,LC17,NA,LC17,NA,5
1628528573,1879877415,LC17,LC17(lVLPT4)_R,LC17,LC17,3
1628528573,1939904964,LC17,LC17,LC17,LC17,2
1628528573,1941265025,LC17,NA,LC17,NA,2
1628528573,1972299327,LC17,NA,LC17,NA,3
1628528573,1974337187,LC17,NA,LC17,NA,2
1628528573,1974678308,LC17,NA,LC17,NA,2
1628528573,2003338680,LC17,NA,LC17,NA,3
1628528573,2003338757,LC17,NA,LC17,NA,2
1628528573,2003339035,LC17,NA,LC17,NA,2
1628528573,2003684409,LC17,NA,LC17,NA,2
1628528573,2004686149,LC17,NA,LC17,NA,2
1628528573,2098153433,LC17,NA,LC17,NA,2
1628528573,5812988086,LC17,LC17,LC17,LC17,2
1628528573,5812989875,LC17,AVLP409_R,LC17,AVLP409,2
1628528573,5812992219,LC17,LC17,LC17,LC17,3
1628528573,5812993994,LC17,LC17,LC17,LC17,2
1628528573,5812999009,LC17,LC17(lVLPT4)_R,LC17,LC17,2
1628528573,5813017315,LC17,AVLP479_R,LC17,AVLP479,9
1628528573,5813034336,LC17,LC17(lVLPT4)_R,LC17,LC17,2
1628528573,5813038918,LC17,LC17,LC17,LC17,4
1628528573,5813039148,LC17,PVLP011_R,LC17,PVLP011,53
1628528573,5813054384,LC17,PPM1203_R,LC17,PPM1203,3
1628528573,5813057178,LC17,PVLP136_R,LC17,PVLP136,2
1628528573,5813057579,LC17,AVLP538_R,LC17,AVLP538,11
1628528573,5813077633,LC17,AVLP479_R,LC17,AVLP479,6
1628528573,5813080260,LC17,AVLP153_R,LC17,AVLP153,2
1629163100,447228814,LC17(lVLPT7)_R,PVLP106_R,LC17,PVLP106,47
1629163100,1068885266,LC17(lVLPT7)_R,PVLP151(SCB004)_R,LC17,PVLP151,5
1629163100,1070950293,LC17(lVLPT7)_R,PVLP151(SCB004)_R,LC17,PVLP151,2
1629163100,1189567690,LC17(lVLPT7)_R,LC17,LC17,LC17,3
1629163100,1221280490,LC17(lVLPT7)_R,LC17(lVLPT7)_R,LC17,LC17,3
1629163100,1221285175,LC17(lVLPT7)_R,LC17,LC17,LC17,8
1629163100,1250277991,LC17(lVLPT7)_R,LC17,LC17,LC17,2
1629163100,1321305370,LC17(lVLPT7)_R,PVLP061_R,LC17,PVLP061,71
1629163100,1347126097,LC17(lVLPT7)_R,LC17,LC17,LC17,3
1629163100,1347812305,LC17(lVLPT7)_R,LC17(lVLPT7)_R,LC17,LC17,2
1629163100,1354394414,LC17(lVLPT7)_R,PVLP120_R,LC17,PVLP120,11
1629163100,1374063129,LC17(lVLPT7)_R,PVLP132_R,LC17,PVLP132,15
1629163100,1381997776,LC17(lVLPT7)_R,PVLP071_R,LC17,PVLP071,3
1629163100,1382308349,LC17(lVLPT7)_R,PVLP071_R,LC17,PVLP071,5
1629163100,1435791739,LC17(lVLPT7)_R,PVLP132_R,LC17,PVLP132,8
1629163100,1435822283,LC17(lVLPT7)_R,LC17,LC17,LC17,2
1629163100,1449486007,LC17(lVLPT7)_R,AVLP537_R,LC17,AVLP537,8
1629163100,1467859487,LC17(lVLPT7)_R,LC17,LC17,LC17,3
1629163100,1472965897,LC17(lVLPT7)_R,LC17,LC17,LC17,3
1629163100,1473648518,LC17(lVLPT7)_R,LC17,LC17,LC17,2
1629163100,1477148598,LC17(lVLPT7)_R,PVLP075_R,LC17,PVLP075,2
1629163100,1479147574,LC17(lVLPT7)_R,PVLP072_R,LC17,PVLP072,16
1629163100,1479492693,LC17(lVLPT7)_R,PVLP072_R,LC17,PVLP072,9
1629163100,1497200791,LC17(lVLPT7)_R,LC17,LC17,LC17,2
1629163100,1504428248,LC17(lVLPT7)_R,PVLP075_R,LC17,PVLP075,2
1629163100,1508123633,LC17(lVLPT7)_R,PVLP018_R,LC17,PVLP018,12
1629163100,1530606252,LC17(lVLPT7)_R,LC17(lVLPT7)_R,LC17,LC17,3
1629163100,1535082316,LC17(lVLPT7)_R,PVLP135_R,LC17,PVLP135,22
1629163100,1535086505,LC17(lVLPT7)_R,PVLP135_R,LC17,PVLP135,24
1629163100,1562707421,LC17(lVLPT7)_R,LC17(lVLPT7)_R,LC17,LC17,3
1629163100,1565729476,LC17(lVLPT7)_R,LC17,LC17,LC17,3
1629163100,1603645798,LC17(lVLPT7)_R,PVLP072_R,LC17,PVLP072,6
1629163100,1621008677,LC17(lVLPT7)_R,LC17,LC17,LC17,2
1629163100,1630342162,LC17(lVLPT7)_R,PVLP036_R,LC17,PVLP036,8
1629163100,1659515529,LC17(lVLPT7)_R,LC17,LC17,LC17,2
1629163100,1663639752,LC17(lVLPT7)_R,NA,LC17,NA,4
1629163100,1684443103,LC17(lVLPT7)_R,LC17,LC17,LC17,4
1629163100,1687831632,LC17(lVLPT7)_R,LC17,LC17,LC17,2
1629163100,1689187126,LC17(lVLPT7)_R,LC17,LC17,LC17,2
1629163100,1689200671,LC17(lVLPT7)_R,LC17,LC17,LC17,2
1629163100,1690694192,LC17(lVLPT7)_R,PVLP036_R,LC17,PVLP036,6
1629163100,1690698128,LC17(lVLPT7)_R,PVLP036_R,LC17,PVLP036,2
1629163100,1695693354,LC17(lVLPT7)_R,PVLP072_R,LC17,PVLP072,13
1629163100,1720105182,LC17(lVLPT7)_R,NA,LC17,NA,4
1629163100,1753670596,LC17(lVLPT7)_R,LC17(lVLPT4)_R,LC17,LC17,6
1629163100,1776865370,LC17(lVLPT7)_R,LC17,LC17,LC17,2
1629163100,1782318275,LC17(lVLPT7)_R,LC17,LC17,LC17,2
1629163100,1782680353,LC17(lVLPT7)_R,LC17,LC17,LC17,2
1629163100,1807572051,LC17(lVLPT7)_R,LC17,LC17,LC17,2
1629163100,1808241116,LC17(lVLPT7)_R,LC17,LC17,LC17,3
1629163100,1814031575,LC17(lVLPT7)_R,LC17,LC17,LC17,2
1629163100,1814729223,LC17(lVLPT7)_R,LC17(lVLPT7)_R,LC17,LC17,2
1629163100,1814729788,LC17(lVLPT7)_R,LC17,LC17,LC17,2
1629163100,1817112855,LC17(lVLPT7)_R,LC17,LC17,LC17,3
1629163100,1817444315,LC17(lVLPT7)_R,LC17(lVLPT7)_R,LC17,LC17,2
1629163100,1817448659,LC17(lVLPT7)_R,LC17,LC17,LC17,2
1629163100,1817449059,LC17(lVLPT7)_R,LC17,LC17,LC17,2
1629163100,1817449229,LC17(lVLPT7)_R,LC17,LC17,LC17,3
1629163100,1817453065,LC17(lVLPT7)_R,LC17,LC17,LC17,2
1629163100,1817453257,LC17(lVLPT7)_R,LC17,LC17,LC17,2
1629163100,1817453557,LC17(lVLPT7)_R,LC17(lVLPT4)_R,LC17,LC17,2
1629163100,1817458052,LC17(lVLPT7)_R,LC17,LC17,LC17,3
1629163100,1817785661,LC17(lVLPT7)_R,LC17,LC17,LC17,3
1629163100,1817794820,LC17(lVLPT7)_R,LC17(lVLPT7)_R,LC17,LC17,3
1629163100,1845772658,LC17(lVLPT7)_R,LC17(lVLPT7)_R,LC17,LC17,2
1629163100,1847806203,LC17(lVLPT7)_R,LC17,LC17,LC17,2
1629163100,1848138779,LC17(lVLPT7)_R,LC17,LC17,LC17,4
1629163100,1848151877,LC17(lVLPT7)_R,LC17,LC17,LC17,2
1629163100,1848506334,LC17(lVLPT7)_R,NA,LC17,NA,3
1629163100,1848837843,LC17(lVLPT7)_R,LC17,LC17,LC17,2
1629163100,1849179266,LC17(lVLPT7)_R,LC17,LC17,LC17,3
1629163100,1849520324,LC17(lVLPT7)_R,LC17,LC17,LC17,3
1629163100,1875460978,LC17(lVLPT7)_R,LC17,LC17,LC17,3
1629163100,1878845226,LC17(lVLPT7)_R,LC17,LC17,LC17,2
1629163100,1879226079,LC17(lVLPT7)_R,NA,LC17,NA,2
1629163100,1879518936,LC17(lVLPT7)_R,NA,LC17,NA,2
1629163100,1879519066,LC17(lVLPT7)_R,LC17,LC17,LC17,2
1629163100,1879877415,LC17(lVLPT7)_R,LC17(lVLPT4)_R,LC17,LC17,3
1629163100,1880887003,LC17(lVLPT7)_R,LC17,LC17,LC17,3
1629163100,1911917800,LC17(lVLPT7)_R,NA,LC17,NA,3
1629163100,1912600163,LC17(lVLPT7)_R,LC17,LC17,LC17,3
1629163100,1941273559,LC17(lVLPT7)_R,NA,LC17,NA,3
1629163100,1942615576,LC17(lVLPT7)_R,NA,LC17,NA,2
1629163100,1973676854,LC17(lVLPT7)_R,NA,LC17,NA,3
1629163100,2003679947,LC17(lVLPT7)_R,NA,LC17,NA,2
1629163100,2245501457,LC17(lVLPT7)_R,LC17,LC17,LC17,2
1629163100,5812992219,LC17(lVLPT7)_R,LC17,LC17,LC17,3
1629163100,5812993994,LC17(lVLPT7)_R,LC17,LC17,LC17,4
1629163100,5813017315,LC17(lVLPT7)_R,AVLP479_R,LC17,AVLP479,9
1629163100,5813027276,LC17(lVLPT7)_R,AVLP080_R,LC17,AVLP080,2
1629163100,5813039148,LC17(lVLPT7)_R,PVLP011_R,LC17,PVLP011,57
1629163100,5813054384,LC17(lVLPT7)_R,PPM1203_R,LC17,PPM1203,2
1629163100,5813057178,LC17(lVLPT7)_R,PVLP136_R,LC17,PVLP136,2
1629163100,5813057579,LC17(lVLPT7)_R,AVLP538_R,LC17,AVLP538,23
1629163100,5813060163,LC17(lVLPT7)_R,LC17,LC17,LC17,3
1629163100,5813068239,LC17(lVLPT7)_R,LC17,LC17,LC17,2
1629163100,5813077633,LC17(lVLPT7)_R,AVLP479_R,LC17,AVLP479,7
1654413566,447228814,LC17,PVLP106_R,LC17,PVLP106,44
1654413566,1070950293,LC17,PVLP151(SCB004)_R,LC17,PVLP151,3
1654413566,1158877703,LC17,LC17(lVLPT4)_R,LC17,LC17,3
1654413566,1158877783,LC17,LC17,LC17,LC17,3
1654413566,1189567690,LC17,LC17,LC17,LC17,2
1654413566,1221280490,LC17,LC17(lVLPT7)_R,LC17,LC17,2
1654413566,1221285175,LC17,LC17,LC17,LC17,2
1654413566,1321305370,LC17,PVLP061_R,LC17,PVLP061,71
1654413566,1345079276,LC17,LC17,LC17,LC17,2
1654413566,1354394414,LC17,PVLP120_R,LC17,PVLP120,8
1654413566,1374063129,LC17,PVLP132_R,LC17,PVLP132,12
1654413566,1381997776,LC17,PVLP071_R,LC17,PVLP071,5
1654413566,1382308349,LC17,PVLP071_R,LC17,PVLP071,14
1654413566,1435791739,LC17,PVLP132_R,LC17,PVLP132,12
1654413566,1449486007,LC17,AVLP537_R,LC17,AVLP537,11
1654413566,1466844031,LC17,LC17,LC17,LC17,2
1654413566,1471610338,LC17,LC17,LC17,LC17,2
1654413566,1479147574,LC17,PVLP072_R,LC17,PVLP072,6
1654413566,1479492693,LC17,PVLP072_R,LC17,PVLP072,3
1654413566,1497200791,LC17,LC17,LC17,LC17,2
1654413566,1508123633,LC17,PVLP018_R,LC17,PVLP018,3
1654413566,1535082316,LC17,PVLP135_R,LC17,PVLP135,15
1654413566,1535086505,LC17,PVLP135_R,LC17,PVLP135,12
1654413566,1562707421,LC17,LC17(lVLPT7)_R,LC17,LC17,3
1654413566,1603645798,LC17,PVLP072_R,LC17,PVLP072,5
1654413566,1603957106,LC17,AVLP409_R,LC17,AVLP409,5
1654413566,1622360309,LC17,LC17,LC17,LC17,4
1654413566,1625800608,LC17,LC17,LC17,LC17,3
1654413566,1630342162,LC17,PVLP036_R,LC17,PVLP036,5
1654413566,1687831632,LC17,LC17,LC17,LC17,2
1654413566,1689187126,LC17,LC17,LC17,LC17,3
1654413566,1689239035,LC17,LC17,LC17,LC17,2
1654413566,1689915765,LC17,LC17,LC17,LC17,2
1654413566,1690694192,LC17,PVLP036_R,LC17,PVLP036,2
1654413566,1690698128,LC17,PVLP036_R,LC17,PVLP036,4
1654413566,1695693354,LC17,PVLP072_R,LC17,PVLP072,2
1654413566,1747181914,LC17,LC17,LC17,LC17,2
1654413566,1751666374,LC17,LC17,LC17,LC17,3
1654413566,1754019541,LC17,LC17,LC17,LC17,2
1654413566,1781333405,LC17,LC17,LC17,LC17,3
1654413566,1782318275,LC17,LC17,LC17,LC17,2
1654413566,1783361972,LC17,LC17,LC17,LC17,4
1654413566,1783690466,LC17,LC17,LC17,LC17,2
1654413566,1814031575,LC17,LC17,LC17,LC17,2
1654413566,1814055949,LC17,LC17,LC17,LC17,2
1654413566,1814410124,LC17,LC17,LC17,LC17,2
1654413566,1817112855,LC17,LC17,LC17,LC17,2
1654413566,1817448921,LC17,LC17,LC17,LC17,3
1654413566,1817449229,LC17,LC17,LC17,LC17,4
1654413566,1817457808,LC17,LC17,LC17,LC17,4
1654413566,1817457847,LC17,LC17,LC17,LC17,2
1654413566,1817457984,LC17,LC17,LC17,LC17,3
1654413566,1817458052,LC17,LC17,LC17,LC17,2
1654413566,1817458164,LC17,LC17,LC17,LC17,3
1654413566,1817790176,LC17,LC17,LC17,LC17,3
1654413566,1847810811,LC17,LC17(lVLPT7)_R,LC17,LC17,2
1654413566,1848151618,LC17,NA,LC17,NA,2
1654413566,1848151877,LC17,LC17,LC17,LC17,3
1654413566,1848483949,LC17,LC17(lVLPT4)_R,LC17,LC17,2
1654413566,1848496662,LC17,LC17,LC17,LC17,2
1654413566,1849174879,LC17,LC17(lVLPT7)_R,LC17,LC17,2
1654413566,1875460978,LC17,LC17,LC17,LC17,3
1654413566,1876820783,LC17,LC17,LC17,LC17,4
1654413566,1879226079,LC17,NA,LC17,NA,3
1654413566,1879519066,LC17,LC17,LC17,LC17,2
1654413566,1879877415,LC17,LC17(lVLPT4)_R,LC17,LC17,3
1654413566,1880209425,LC17,LC17(lVLPT7)_R,LC17,LC17,2
1654413566,1880887467,LC17,NA,LC17,NA,2
1654413566,1910920228,LC17,NA,LC17,NA,2
1654413566,1911235514,LC17,NA,LC17,NA,2
1654413566,1937193993,LC17,LC17,LC17,LC17,2
1654413566,1939904964,LC17,LC17,LC17,LC17,3
1654413566,1941959533,LC17,NA,LC17,NA,2
1654413566,1943634962,LC17,NA,LC17,NA,2
1654413566,2029624973,LC17,LC17,LC17,LC17,3
1654413566,2066773102,LC17,NA,LC17,NA,2
1654413566,2066773186,LC17,NA,LC17,NA,4
1654413566,2097130141,LC17,NA,LC17,NA,3
1654413566,2245501457,LC17,LC17,LC17,LC17,2
1654413566,5812992468,LC17,LC17,LC17,LC17,2
1654413566,5812993994,LC17,LC17,LC17,LC17,3
1654413566,5813017315,LC17,AVLP479_R,LC17,AVLP479,10
1654413566,5813038918,LC17,LC17,LC17,LC17,3
1654413566,5813039148,LC17,PVLP011_R,LC17,PVLP011,40
1654413566,5813039410,LC17,LC17,LC17,LC17,2
1654413566,5813054384,LC17,PPM1203_R,LC17,PPM1203,2
1654413566,5813057579,LC17,AVLP538_R,LC17,AVLP538,12
1654413566,5813060163,LC17,LC17,LC17,LC17,2
1654413566,5813077633,LC17,AVLP479_R,LC17,AVLP479,6
1654413566,5813080260,LC17,AVLP153_R,LC17,AVLP153,2
1654413566,5901214683,LC17,AVLP135_R,LC17,AVLP135,2
1655474822,447228814,LC17,PVLP106_R,LC17,PVLP106,37
1655474822,1068885266,LC17,PVLP151(SCB004)_R,LC17,PVLP151,4
1655474822,1070950293,LC17,PVLP151(SCB004)_R,LC17,PVLP151,3
1655474822,1158877703,LC17,LC17(lVLPT4)_R,LC17,LC17,2
1655474822,1221285175,LC17,LC17,LC17,LC17,5
1655474822,1250277991,LC17,LC17,LC17,LC17,2
1655474822,1321305370,LC17,PVLP061_R,LC17,PVLP061,68
1655474822,1354394414,LC17,PVLP120_R,LC17,PVLP120,7
1655474822,1374063129,LC17,PVLP132_R,LC17,PVLP132,6
1655474822,1381997776,LC17,PVLP071_R,LC17,PVLP071,8
1655474822,1382308349,LC17,PVLP071_R,LC17,PVLP071,9
1655474822,1435791739,LC17,PVLP132_R,LC17,PVLP132,13
1655474822,1435822283,LC17,LC17,LC17,LC17,2
1655474822,1449486007,LC17,AVLP537_R,LC17,AVLP537,13
1655474822,1466844031,LC17,LC17,LC17,LC17,2
1655474822,1467859487,LC17,LC17,LC17,LC17,2
1655474822,1471607030,LC17,LC17,LC17,LC17,4
1655474822,1471610338,LC17,LC17,LC17,LC17,4
1655474822,1479147574,LC17,PVLP072_R,LC17,PVLP072,8
1655474822,1508123633,LC17,PVLP018_R,LC17,PVLP018,7
1655474822,1535082316,LC17,PVLP135_R,LC17,PVLP135,18
1655474822,1535086505,LC17,PVLP135_R,LC17,PVLP135,9
1655474822,1603645798,LC17,PVLP072_R,LC17,PVLP072,5
1655474822,1625800608,LC17,LC17,LC17,LC17,2
1655474822,1630342162,LC17,PVLP036_R,LC17,PVLP036,4
1655474822,1656834653,LC17,LC17,LC17,LC17,2
1655474822,1684443103,LC17,LC17,LC17,LC17,2
1655474822,1690694192,LC17,PVLP036_R,LC17,PVLP036,7
1655474822,1690698128,LC17,PVLP036_R,LC17,PVLP036,3
1655474822,1695693354,LC17,PVLP072_R,LC17,PVLP072,4
1655474822,1720105182,LC17,NA,LC17,NA,2
1655474822,1720454234,LC17,NA,LC17,NA,2
1655474822,1747181914,LC17,LC17,LC17,LC17,3
1655474822,1747518018,LC17,LC17,LC17,LC17,3
1655474822,1748187330,LC17,LC17,LC17,LC17,2
1655474822,1753670596,LC17,LC17(lVLPT4)_R,LC17,LC17,3
1655474822,1754019541,LC17,LC17,LC17,LC17,2
1655474822,1807572051,LC17,LC17,LC17,LC17,2
1655474822,1812696567,LC17,LC17,LC17,LC17,4
1655474822,1814055949,LC17,LC17,LC17,LC17,2
1655474822,1814729223,LC17,LC17(lVLPT7)_R,LC17,LC17,3
1655474822,1817112855,LC17,LC17,LC17,LC17,2
1655474822,1817444670,LC17,LC17(lVLPT7)_R,LC17,LC17,5
1655474822,1817448659,LC17,LC17,LC17,LC17,2
1655474822,1817457808,LC17,LC17,LC17,LC17,2
1655474822,1817786077,LC17,LC17,LC17,LC17,2
1655474822,1817799390,LC17,LC17,LC17,LC17,2
1655474822,1818122205,LC17,LC17,LC17,LC17,2
1655474822,1844421716,LC17,LC17,LC17,LC17,5
1655474822,1848138779,LC17,LC17,LC17,LC17,2
1655474822,1848143184,LC17,LC17,LC17,LC17,3
1655474822,1848151877,LC17,LC17,LC17,LC17,2
1655474822,1848824817,LC17,LC17,LC17,LC17,3
1655474822,1848837843,LC17,LC17,LC17,LC17,2
1655474822,1876820783,LC17,LC17,LC17,LC17,3
1655474822,1973676854,LC17,NA,LC17,NA,2
1655474822,1974682390,LC17,LC17(lVLPT7)_R,LC17,LC17,2
1655474822,2035392989,LC17,NA,LC17,NA,2
1655474822,2245501457,LC17,LC17,LC17,LC17,3
1655474822,5812991769,LC17,LC17,LC17,LC17,3
1655474822,5812992219,LC17,LC17,LC17,LC17,3
1655474822,5813017315,LC17,AVLP479_R,LC17,AVLP479,5
1655474822,5813034336,LC17,LC17(lVLPT4)_R,LC17,LC17,3
1655474822,5813039148,LC17,PVLP011_R,LC17,PVLP011,36
1655474822,5813057579,LC17,AVLP538_R,LC17,AVLP538,4
1655474822,5813076492,LC17,LC17,LC17,LC17,2
1655474822,5813077633,LC17,AVLP479_R,LC17,AVLP479,5
1655474822,5813080260,LC17,AVLP153_R,LC17,AVLP153,2
1656153289,447228814,LC17,PVLP106_R,LC17,PVLP106,31
1656153289,1070950293,LC17,PVLP151(SCB004)_R,LC17,PVLP151,3
1656153289,1219592090,LC17,LC17(lVLPT7)_R,LC17,LC17,2
1656153289,1221280490,LC17,LC17(lVLPT7)_R,LC17,LC17,3
1656153289,1221285175,LC17,LC17,LC17,LC17,4
1656153289,1250277991,LC17,LC17,LC17,LC17,4
1656153289,1312061760,LC17,AVLP572_R,LC17,AVLP572,2
1656153289,1321305370,LC17,PVLP061_R,LC17,PVLP061,54
1656153289,1345079276,LC17,LC17,LC17,LC17,2
1656153289,1348153557,LC17,LC17,LC17,LC17,3
1656153289,1354394414,LC17,PVLP120_R,LC17,PVLP120,8
1656153289,1374063129,LC17,PVLP132_R,LC17,PVLP132,8
1656153289,1381997776,LC17,PVLP071_R,LC17,PVLP071,4
1656153289,1382308349,LC17,PVLP071_R,LC17,PVLP071,4
1656153289,1420172582,LC17,NA,LC17,NA,3
1656153289,1435791739,LC17,PVLP132_R,LC17,PVLP132,7
1656153289,1435822283,LC17,LC17,LC17,LC17,3
1656153289,1449486007,LC17,AVLP537_R,LC17,AVLP537,6
1656153289,1471610338,LC17,LC17,LC17,LC17,6
1656153289,1473332777,LC17,LC17(lVLPT7)_R,LC17,LC17,3
1656153289,1479147574,LC17,PVLP072_R,LC17,PVLP072,13
1656153289,1479492693,LC17,PVLP072_R,LC17,PVLP072,8
1656153289,1508123633,LC17,PVLP018_R,LC17,PVLP018,7
1656153289,1528577476,LC17,LC17,LC17,LC17,2
1656153289,1535082316,LC17,PVLP135_R,LC17,PVLP135,16
1656153289,1535086505,LC17,PVLP135_R,LC17,PVLP135,19
1656153289,1603645798,LC17,PVLP072_R,LC17,PVLP072,7
1656153289,1630342162,LC17,PVLP036_R,LC17,PVLP036,6
1656153289,1655474822,LC17,LC17,LC17,LC17,3
1656153289,1663639752,LC17,NA,LC17,NA,2
1656153289,1689187126,LC17,LC17,LC17,LC17,3
1656153289,1690694192,LC17,PVLP036_R,LC17,PVLP036,9
1656153289,1695693354,LC17,PVLP072_R,LC17,PVLP072,2
1656153289,1722307233,LC17,LC17(lVLPT7)_R,LC17,LC17,5
1656153289,1724345210,LC17,NA,LC17,NA,5
1656153289,1747181914,LC17,LC17,LC17,LC17,4
1656153289,1751666374,LC17,LC17,LC17,LC17,2
1656153289,1779567374,LC17,LC17,LC17,LC17,4
1656153289,1812696567,LC17,LC17,LC17,LC17,2
1656153289,1813382259,LC17,LC17(lVLPT7)_R,LC17,LC17,4
1656153289,1814729788,LC17,LC17,LC17,LC17,2
1656153289,1817444670,LC17,LC17(lVLPT7)_R,LC17,LC17,3
1656153289,1817453065,LC17,LC17,LC17,LC17,2
1656153289,1817457847,LC17,LC17,LC17,LC17,2
1656153289,1817458052,LC17,LC17,LC17,LC17,2
1656153289,1817785682,LC17,LC17,LC17,LC17,2
1656153289,1817799390,LC17,LC17,LC17,LC17,2
1656153289,1818473569,LC17,LC17,LC17,LC17,3
1656153289,1845772658,LC17,LC17(lVLPT7)_R,LC17,LC17,3
1656153289,1847806203,LC17,LC17,LC17,LC17,3
1656153289,1848151236,LC17,LC17,LC17,LC17,2
1656153289,1848151618,LC17,NA,LC17,NA,3
1656153289,1848483949,LC17,LC17(lVLPT4)_R,LC17,LC17,2
1656153289,1848492258,LC17,LC17,LC17,LC17,2
1656153289,1848833776,LC17,NA,LC17,NA,2
1656153289,1849507321,LC17,LC17,LC17,LC17,2
1656153289,1879877415,LC17,LC17(lVLPT4)_R,LC17,LC17,8
1656153289,1880555046,LC17,NA,LC17,NA,2
1656153289,1911231216,LC17,NA,LC17,NA,2
1656153289,1912600163,LC17,LC17,LC17,LC17,2
1656153289,1939904964,LC17,LC17,LC17,LC17,2
1656153289,2003343289,LC17,NA,LC17,NA,2
1656153289,2029624973,LC17,LC17,LC17,LC17,2
1656153289,2034714782,LC17,NA,LC17,NA,3
1656153289,5812999009,LC17,LC17(lVLPT4)_R,LC17,LC17,5
1656153289,5813017315,LC17,AVLP479_R,LC17,AVLP479,6
1656153289,5813038679,LC17,LC17,LC17,LC17,2
1656153289,5813038918,LC17,LC17,LC17,LC17,2
1656153289,5813039148,LC17,PVLP011_R,LC17,PVLP011,55
1656153289,5813057178,LC17,PVLP136_R,LC17,PVLP136,2
1656153289,5813057579,LC17,AVLP538_R,LC17,AVLP538,16
1656153289,5813077633,LC17,AVLP479_R,LC17,AVLP479,8
1656153289,5813080260,LC17,AVLP153_R,LC17,AVLP153,2
1656834653,447228814,LC17,PVLP106_R,LC17,PVLP106,35
1656834653,1068885266,LC17,PVLP151(SCB004)_R,LC17,PVLP151,9
1656834653,1158877783,LC17,LC17,LC17,LC17,3
1656834653,1219592090,LC17,LC17(lVLPT7)_R,LC17,LC17,6
1656834653,1221280490,LC17,LC17(lVLPT7)_R,LC17,LC17,3
1656834653,1221285175,LC17,LC17,LC17,LC17,3
1656834653,1312061760,LC17,AVLP572_R,LC17,AVLP572,5
1656834653,1321305370,LC17,PVLP061_R,LC17,PVLP061,76
1656834653,1345079276,LC17,LC17,LC17,LC17,2
1656834653,1347126097,LC17,LC17,LC17,LC17,2
1656834653,1354394414,LC17,PVLP120_R,LC17,PVLP120,15
1656834653,1374063129,LC17,PVLP132_R,LC17,PVLP132,8
1656834653,1381997776,LC17,PVLP071_R,LC17,PVLP071,15
1656834653,1382308349,LC17,PVLP071_R,LC17,PVLP071,7
1656834653,1435791739,LC17,PVLP132_R,LC17,PVLP132,15
1656834653,1435822283,LC17,LC17,LC17,LC17,3
1656834653,1449486007,LC17,AVLP537_R,LC17,AVLP537,11
1656834653,1471610338,LC17,LC17,LC17,LC17,2
1656834653,1473648518,LC17,LC17,LC17,LC17,3
1656834653,1479147574,LC17,PVLP072_R,LC17,PVLP072,13
1656834653,1479492693,LC17,PVLP072_R,LC17,PVLP072,3
1656834653,1508123633,LC17,PVLP018_R,LC17,PVLP018,6
1656834653,1535082316,LC17,PVLP135_R,LC17,PVLP135,25
1656834653,1535086505,LC17,PVLP135_R,LC17,PVLP135,23
1656834653,1593012939,LC17,LC17,LC17,LC17,2
1656834653,1601227987,LC17,AVLP552_R,LC17,AVLP552,3
1656834653,1603645798,LC17,PVLP072_R,LC17,PVLP072,5
1656834653,1603957106,LC17,AVLP409_R,LC17,AVLP409,3
1656834653,1625800608,LC17,LC17,LC17,LC17,2
1656834653,1629163100,LC17,LC17(lVLPT7)_R,LC17,LC17,2
1656834653,1630342162,LC17,PVLP036_R,LC17,PVLP036,6
1656834653,1654413566,LC17,LC17,LC17,LC17,4
1656834653,1655474822,LC17,LC17,LC17,LC17,2
1656834653,1663639752,LC17,NA,LC17,NA,6
1656834653,1689200671,LC17,LC17,LC17,LC17,2
1656834653,1690694192,LC17,PVLP036_R,LC17,PVLP036,11
1656834653,1690698128,LC17,PVLP036_R,LC17,PVLP036,4
1656834653,1695693354,LC17,PVLP072_R,LC17,PVLP072,5
1656834653,1714791446,LC17,LC17,LC17,LC17,3
1656834653,1724345210,LC17,NA,LC17,NA,3
1656834653,1750251452,LC17,LC17,LC17,LC17,2
1656834653,1781324410,LC17,LC17,LC17,LC17,2
1656834653,1812363713,LC17,LC17,LC17,LC17,2
1656834653,1813382259,LC17,LC17(lVLPT7)_R,LC17,LC17,2
1656834653,1814031575,LC17,LC17,LC17,LC17,2
1656834653,1814060070,LC17,LC17,LC17,LC17,4
1656834653,1817112807,LC17,LC17(lVLPT4)_R,LC17,LC17,3
1656834653,1817112855,LC17,LC17,LC17,LC17,2
1656834653,1817448659,LC17,LC17,LC17,LC17,2
1656834653,1817449059,LC17,LC17,LC17,LC17,2
1656834653,1817449375,LC17,LC17,LC17,LC17,2
1656834653,1817457984,LC17,LC17,LC17,LC17,2
1656834653,1817458052,LC17,LC17,LC17,LC17,6
1656834653,1817463007,LC17,LC17,LC17,LC17,2
1656834653,1817786077,LC17,LC17,LC17,LC17,4
1656834653,1817794771,LC17,NA,LC17,NA,2
1656834653,1817794820,LC17,LC17(lVLPT7)_R,LC17,LC17,4
1656834653,1844421716,LC17,LC17,LC17,LC17,3
1656834653,1847806275,LC17,LC17,LC17,LC17,2
1656834653,1847810811,LC17,LC17(lVLPT7)_R,LC17,LC17,4
1656834653,1847815147,LC17,LC17(lVLPT7)_R,LC17,LC17,2
1656834653,1848151571,LC17,LC17(lVLPT7)_R,LC17,LC17,2
1656834653,1848506334,LC17,NA,LC17,NA,2
1656834653,1848837843,LC17,LC17,LC17,LC17,3
1656834653,1849503142,LC17,LC17,LC17,LC17,3
1656834653,1878845226,LC17,LC17,LC17,LC17,2
1656834653,1878845629,LC17,LC17,LC17,LC17,2
1656834653,1879226079,LC17,NA,LC17,NA,2
1656834653,1879519066,LC17,LC17,LC17,LC17,3
1656834653,1880887003,LC17,LC17,LC17,LC17,2
1656834653,1911585571,LC17,NA,LC17,NA,2
1656834653,1939904964,LC17,LC17,LC17,LC17,6
1656834653,1941955396,LC17,NA,LC17,NA,4
1656834653,1974669759,LC17,NA,LC17,NA,2
1656834653,2003684409,LC17,NA,LC17,NA,2
1656834653,2005053084,LC17,NA,LC17,NA,2
1656834653,2098830722,LC17,NA,LC17,NA,2
1656834653,2098831119,LC17,NA,LC17,NA,2
1656834653,5812991769,LC17,LC17,LC17,LC17,2
1656834653,5812998833,LC17,LC17,LC17,LC17,2
1656834653,5812999009,LC17,LC17(lVLPT4)_R,LC17,LC17,2
1656834653,5813017315,LC17,AVLP479_R,LC17,AVLP479,12
1656834653,5813039148,LC17,PVLP011_R,LC17,PVLP011,40
1656834653,5813057178,LC17,PVLP136_R,LC17,PVLP136,3
1656834653,5813057579,LC17,AVLP538_R,LC17,AVLP538,23
1656834653,5813068239,LC17,LC17,LC17,LC17,3
1656834653,5813076492,LC17,LC17,LC17,LC17,2
1656834653,5813077633,LC17,AVLP479_R,LC17,AVLP479,8
1656834653,5813080260,LC17,AVLP153_R,LC17,AVLP153,3
1658881325,447228814,LC17,PVLP106_R,LC17,PVLP106,26
1658881325,1068885266,LC17,PVLP151(SCB004)_R,LC17,PVLP151,2
1658881325,1070950293,LC17,PVLP151(SCB004)_R,LC17,PVLP151,2
1658881325,1158877783,LC17,LC17,LC17,LC17,2
1658881325,1219592090,LC17,LC17(lVLPT7)_R,LC17,LC17,6
1658881325,1313702895,LC17,LC17,LC17,LC17,2
1658881325,1321305370,LC17,PVLP061_R,LC17,PVLP061,75
1658881325,1354394414,LC17,PVLP120_R,LC17,PVLP120,7
1658881325,1374063129,LC17,PVLP132_R,LC17,PVLP132,18
1658881325,1381997776,LC17,PVLP071_R,LC17,PVLP071,5
1658881325,1382308349,LC17,PVLP071_R,LC17,PVLP071,14
1658881325,1405788552,LC17,LC17,LC17,LC17,2
1658881325,1435791739,LC17,PVLP132_R,LC17,PVLP132,10
1658881325,1449486007,LC17,AVLP537_R,LC17,AVLP537,14
1658881325,1467859487,LC17,LC17,LC17,LC17,5
1658881325,1471607030,LC17,LC17,LC17,LC17,2
1658881325,1473332777,LC17,LC17(lVLPT7)_R,LC17,LC17,4
1658881325,1473648518,LC17,LC17,LC17,LC17,4
1658881325,1479147574,LC17,PVLP072_R,LC17,PVLP072,13
1658881325,1479492693,LC17,PVLP072_R,LC17,PVLP072,3
1658881325,1508123633,LC17,PVLP018_R,LC17,PVLP018,4
1658881325,1528577476,LC17,LC17,LC17,LC17,4
1658881325,1530606252,LC17,LC17(lVLPT7)_R,LC17,LC17,2
1658881325,1535082316,LC17,PVLP135_R,LC17,PVLP135,17
1658881325,1535086505,LC17,PVLP135_R,LC17,PVLP135,27
1658881325,1565729476,LC17,LC17,LC17,LC17,2
1658881325,1593012939,LC17,LC17,LC17,LC17,2
1658881325,1601227987,LC17,AVLP552_R,LC17,AVLP552,4
1658881325,1602237544,LC17,AVLP410_R,LC17,AVLP410,2
1658881325,1603645798,LC17,PVLP072_R,LC17,PVLP072,3
1658881325,1628528573,LC17,LC17,LC17,LC17,2
1658881325,1630342162,LC17,PVLP036_R,LC17,PVLP036,7
1658881325,1656153289,LC17,LC17,LC17,LC17,2
1658881325,1659515529,LC17,LC17,LC17,LC17,3
1658881325,1689239035,LC17,LC17,LC17,LC17,2
1658881325,1690694192,LC17,PVLP036_R,LC17,PVLP036,11
1658881325,1690698128,LC17,PVLP036_R,LC17,PVLP036,2
1658881325,1695693354,LC17,PVLP072_R,LC17,PVLP072,4
1658881325,1720105182,LC17,NA,LC17,NA,5
1658881325,1724345210,LC17,NA,LC17,NA,6
1658881325,1748187330,LC17,LC17,LC17,LC17,2
1658881325,1781324410,LC17,LC17,LC17,LC17,2
1658881325,1807572051,LC17,LC17,LC17,LC17,3
1658881325,1813028777,LC17,LC17,LC17,LC17,2
1658881325,1814055949,LC17,LC17,LC17,LC17,3
1658881325,1817107934,LC17,LC17,LC17,LC17,2
1658881325,1817444555,LC17,LC17,LC17,LC17,2
1658881325,1817444670,LC17,LC17(lVLPT7)_R,LC17,LC17,2
1658881325,1817448659,LC17,LC17,LC17,LC17,4
1658881325,1817448921,LC17,LC17,LC17,LC17,2
1658881325,1817449116,LC17,LC17(lVLPT4)_R,LC17,LC17,2
1658881325,1817449229,LC17,LC17,LC17,LC17,3
1658881325,1817452948,LC17,LC17,LC17,LC17,4
1658881325,1817453065,LC17,LC17,LC17,LC17,2
1658881325,1817453257,LC17,LC17,LC17,LC17,4
1658881325,1817457808,LC17,LC17,LC17,LC17,4
1658881325,1817457847,LC17,LC17,LC17,LC17,6
1658881325,1817457984,LC17,LC17,LC17,LC17,3
1658881325,1817457987,LC17,LC17,LC17,LC17,2
1658881325,1817458052,LC17,LC17,LC17,LC17,2
1658881325,1817786077,LC17,LC17,LC17,LC17,2
1658881325,1817790409,LC17,LC17(lVLPT7)_R,LC17,LC17,2
1658881325,1817799390,LC17,LC17,LC17,LC17,2
1658881325,1818122205,LC17,LC17,LC17,LC17,2
1658881325,1847810811,LC17,LC17(lVLPT7)_R,LC17,LC17,2
1658881325,1848151236,LC17,LC17,LC17,LC17,3
1658881325,1848151877,LC17,LC17,LC17,LC17,2
1658881325,1848496662,LC17,LC17,LC17,LC17,2
1658881325,1848506334,LC17,NA,LC17,NA,3
1658881325,1849507321,LC17,LC17,LC17,LC17,2
1658881325,1849520324,LC17,LC17,LC17,LC17,2
1658881325,1875124235,LC17,LC17,LC17,LC17,2
1658881325,1876820783,LC17,LC17,LC17,LC17,3
1658881325,1910920228,LC17,NA,LC17,NA,2
1658881325,1911594119,LC17,NA,LC17,NA,2
1658881325,1942961527,LC17,NA,LC17,NA,2
1658881325,1974332707,LC17,NA,LC17,NA,2
1658881325,2004711533,LC17,NA,LC17,NA,2
1658881325,2029624973,LC17,LC17,LC17,LC17,5
1658881325,5812988086,LC17,LC17,LC17,LC17,2
1658881325,5813017315,LC17,AVLP479_R,LC17,AVLP479,6
1658881325,5813038679,LC17,LC17,LC17,LC17,2
1658881325,5813039148,LC17,PVLP011_R,LC17,PVLP011,40
1658881325,5813054384,LC17,PPM1203_R,LC17,PPM1203,2
1658881325,5813057579,LC17,AVLP538_R,LC17,AVLP538,14
1658881325,5813077633,LC17,AVLP479_R,LC17,AVLP479,7
1658881325,5813080260,LC17,AVLP153_R,LC17,AVLP153,4
1658881325,5901214683,LC17,AVLP135_R,LC17,AVLP135,2
1659515529,447228814,LC17,PVLP106_R,LC17,PVLP106,33
1659515529,1068885266,LC17,PVLP151(SCB004)_R,LC17,PVLP151,5
1659515529,1189567690,LC17,LC17,LC17,LC17,2
1659515529,1219592090,LC17,LC17(lVLPT7)_R,LC17,LC17,2
1659515529,1321305370,LC17,PVLP061_R,LC17,PVLP061,66
1659515529,1347126097,LC17,LC17,LC17,LC17,2
1659515529,1348153557,LC17,LC17,LC17,LC17,2
1659515529,1354394414,LC17,PVLP120_R,LC17,PVLP120,13
1659515529,1374063129,LC17,PVLP132_R,LC17,PVLP132,13
1659515529,1381997776,LC17,PVLP071_R,LC17,PVLP071,9
1659515529,1382308349,LC17,PVLP071_R,LC17,PVLP071,11
1659515529,1435791739,LC17,PVLP132_R,LC17,PVLP132,5
1659515529,1449486007,LC17,AVLP537_R,LC17,AVLP537,8
1659515529,1472965897,LC17,LC17,LC17,LC17,2
1659515529,1473648518,LC17,LC17,LC17,LC17,2
1659515529,1479147574,LC17,PVLP072_R,LC17,PVLP072,4
1659515529,1479492693,LC17,PVLP072_R,LC17,PVLP072,2
1659515529,1497200791,LC17,LC17,LC17,LC17,3
1659515529,1508123633,LC17,PVLP018_R,LC17,PVLP018,7
1659515529,1535082316,LC17,PVLP135_R,LC17,PVLP135,13
1659515529,1535086505,LC17,PVLP135_R,LC17,PVLP135,12
1659515529,1603645798,LC17,PVLP072_R,LC17,PVLP072,9
1659515529,1603957106,LC17,AVLP409_R,LC17,AVLP409,2
1659515529,1621008677,LC17,LC17,LC17,LC17,4
1659515529,1629163100,LC17,LC17(lVLPT7)_R,LC17,LC17,3
1659515529,1630342162,LC17,PVLP036_R,LC17,PVLP036,7
1659515529,1658881325,LC17,LC17,LC17,LC17,2
1659515529,1689187126,LC17,LC17,LC17,LC17,2
1659515529,1689915765,LC17,LC17,LC17,LC17,2
1659515529,1690694192,LC17,PVLP036_R,LC17,PVLP036,12
1659515529,1690698128,LC17,PVLP036_R,LC17,PVLP036,3
1659515529,1690917721,LC17,LC17,LC17,LC17,2
1659515529,1695693354,LC17,PVLP072_R,LC17,PVLP072,3
1659515529,1720105182,LC17,NA,LC17,NA,5
1659515529,1747181914,LC17,LC17,LC17,LC17,2
1659515529,1751666374,LC17,LC17,LC17,LC17,3
1659515529,1752962124,LC17,LC17,LC17,LC17,3
1659515529,1783690466,LC17,LC17,LC17,LC17,2
1659515529,1807572051,LC17,LC17,LC17,LC17,3
1659515529,1812696567,LC17,LC17,LC17,LC17,2
1659515529,1813028777,LC17,LC17,LC17,LC17,2
1659515529,1813382259,LC17,LC17(lVLPT7)_R,LC17,LC17,3
1659515529,1814031575,LC17,LC17,LC17,LC17,2
1659515529,1814410124,LC17,LC17,LC17,LC17,2
1659515529,1814729788,LC17,LC17,LC17,LC17,3
1659515529,1817112855,LC17,LC17,LC17,LC17,2
1659515529,1817444670,LC17,LC17(lVLPT7)_R,LC17,LC17,2
1659515529,1817448971,LC17,LC17,LC17,LC17,3
1659515529,1817449059,LC17,LC17,LC17,LC17,3
1659515529,1817449375,LC17,LC17,LC17,LC17,2
1659515529,1817457579,LC17,NA,LC17,NA,2
1659515529,1817457987,LC17,LC17,LC17,LC17,3
1659515529,1817458164,LC17,LC17,LC17,LC17,2
1659515529,1817463007,LC17,LC17,LC17,LC17,2
1659515529,1818473569,LC17,LC17,LC17,LC17,2
1659515529,1845772658,LC17,LC17(lVLPT7)_R,LC17,LC17,3
1659515529,1848156241,LC17,LC17,LC17,LC17,2
1659515529,1876820783,LC17,LC17,LC17,LC17,3
1659515529,1942633283,LC17,NA,LC17,NA,2
1659515529,1974004779,LC17,NA,LC17,NA,2
1659515529,5813017315,LC17,AVLP479_R,LC17,AVLP479,8
1659515529,5813034336,LC17,LC17(lVLPT4)_R,LC17,LC17,2
1659515529,5813039148,LC17,PVLP011_R,LC17,PVLP011,38
1659515529,5813054384,LC17,PPM1203_R,LC17,PPM1203,2
1659515529,5813057579,LC17,AVLP538_R,LC17,AVLP538,14
1659515529,5813077633,LC17,AVLP479_R,LC17,AVLP479,2
1659515529,5813080260,LC17,AVLP153_R,LC17,AVLP153,7
1684443103,447228814,LC17,PVLP106_R,LC17,PVLP106,40
1684443103,912601209,LC17,PLP244(SCB010)_L,LC17,PLP244,3
1684443103,1068885266,LC17,PVLP151(SCB004)_R,LC17,PVLP151,4
1684443103,1070950293,LC17,PVLP151(SCB004)_R,LC17,PVLP151,3
1684443103,1250277991,LC17,LC17,LC17,LC17,2
1684443103,1321305370,LC17,PVLP061_R,LC17,PVLP061,64
1684443103,1345079276,LC17,LC17,LC17,LC17,3
1684443103,1354394414,LC17,PVLP120_R,LC17,PVLP120,8
1684443103,1374063129,LC17,PVLP132_R,LC17,PVLP132,7
1684443103,1381997776,LC17,PVLP071_R,LC17,PVLP071,9
1684443103,1382308349,LC17,PVLP071_R,LC17,PVLP071,4
1684443103,1420172582,LC17,NA,LC17,NA,2
1684443103,1435791739,LC17,PVLP132_R,LC17,PVLP132,16
1684443103,1435822283,LC17,LC17,LC17,LC17,2
1684443103,1449486007,LC17,AVLP537_R,LC17,AVLP537,9
1684443103,1467859487,LC17,LC17,LC17,LC17,3
1684443103,1473648518,LC17,LC17,LC17,LC17,2
1684443103,1477148598,LC17,PVLP075_R,LC17,PVLP075,2
1684443103,1479147574,LC17,PVLP072_R,LC17,PVLP072,16
1684443103,1479492693,LC17,PVLP072_R,LC17,PVLP072,2
1684443103,1508123633,LC17,PVLP018_R,LC17,PVLP018,4
1684443103,1535082316,LC17,PVLP135_R,LC17,PVLP135,14
1684443103,1535086505,LC17,PVLP135_R,LC17,PVLP135,32
1684443103,1566528972,LC17,LC11,LC17,LC11,2
1684443103,1603645798,LC17,PVLP072_R,LC17,PVLP072,3
1684443103,1628528573,LC17,LC17,LC17,LC17,2
1684443103,1630342162,LC17,PVLP036_R,LC17,PVLP036,6
1684443103,1655474822,LC17,LC17,LC17,LC17,2
1684443103,1656153289,LC17,LC17,LC17,LC17,2
1684443103,1658881325,LC17,LC17,LC17,LC17,2
1684443103,1663639752,LC17,NA,LC17,NA,3
1684443103,1687831632,LC17,LC17,LC17,LC17,4
1684443103,1689200671,LC17,LC17,LC17,LC17,4
1684443103,1690694192,LC17,PVLP036_R,LC17,PVLP036,8
1684443103,1690706380,LC17,PVLP037_R,LC17,PVLP037,2
1684443103,1695693354,LC17,PVLP072_R,LC17,PVLP072,2
1684443103,1719928105,LC17,LC17,LC17,LC17,3
1684443103,1720105182,LC17,NA,LC17,NA,3
1684443103,1720454234,LC17,NA,LC17,NA,3
1684443103,1750251452,LC17,LC17,LC17,LC17,2
1684443103,1782318275,LC17,LC17,LC17,LC17,2
1684443103,1783690466,LC17,LC17,LC17,LC17,2
1684443103,1808241116,LC17,LC17,LC17,LC17,2
1684443103,1812696567,LC17,LC17,LC17,LC17,2
1684443103,1817107934,LC17,LC17,LC17,LC17,2
1684443103,1817108009,LC17,LC17,LC17,LC17,2
1684443103,1817444670,LC17,LC17(lVLPT7)_R,LC17,LC17,2
1684443103,1817448971,LC17,LC17,LC17,LC17,4
1684443103,1817453257,LC17,LC17,LC17,LC17,3
1684443103,1817457984,LC17,LC17,LC17,LC17,2
1684443103,1817458151,LC17,NA,LC17,NA,3
1684443103,1817785661,LC17,LC17,LC17,LC17,3
1684443103,1817790176,LC17,LC17,LC17,LC17,3
1684443103,1817790222,LC17,LC17,LC17,LC17,2
1684443103,1818122205,LC17,LC17,LC17,LC17,2
1684443103,1848151236,LC17,LC17,LC17,LC17,3
1684443103,1848151571,LC17,LC17(lVLPT7)_R,LC17,LC17,3
1684443103,1848151877,LC17,LC17,LC17,LC17,2
1684443103,1848483949,LC17,LC17(lVLPT4)_R,LC17,LC17,2
1684443103,1848492258,LC17,LC17,LC17,LC17,2
1684443103,1848492345,LC17,NA,LC17,NA,2
1684443103,1848496662,LC17,LC17,LC17,LC17,2
1684443103,1848820426,LC17,LC17(lVLPT7)_R,LC17,LC17,2
1684443103,1848837843,LC17,LC17,LC17,LC17,3
1684443103,1849166071,LC17,LC17,LC17,LC17,2
1684443103,1849178917,LC17,LC17,LC17,LC17,2
1684443103,1849503142,LC17,LC17,LC17,LC17,3
1684443103,1880887003,LC17,LC17,LC17,LC17,2
1684443103,1941929607,LC17,NA,LC17,NA,2
1684443103,1941960033,LC17,NA,LC17,NA,3
1684443103,1942965779,LC17,NA,LC17,NA,2
1684443103,5812992219,LC17,LC17,LC17,LC17,3
1684443103,5813017315,LC17,AVLP479_R,LC17,AVLP479,7
1684443103,5813034336,LC17,LC17(lVLPT4)_R,LC17,LC17,2
1684443103,5813039148,LC17,PVLP011_R,LC17,PVLP011,30
1684443103,5813057178,LC17,PVLP136_R,LC17,PVLP136,2
1684443103,5813057579,LC17,AVLP538_R,LC17,AVLP538,15
1684443103,5813068239,LC17,LC17,LC17,LC17,2
1684443103,5813076492,LC17,LC17,LC17,LC17,2
1684443103,5813077633,LC17,AVLP479_R,LC17,AVLP479,9
1684443103,5813080260,LC17,AVLP153_R,LC17,AVLP153,3
1684443103,5901214683,LC17,AVLP135_R,LC17,AVLP135,3
1687831632,447228814,LC17,PVLP106_R,LC17,PVLP106,26
1687831632,1068885266,LC17,PVLP151(SCB004)_R,LC17,PVLP151,9
1687831632,1070950293,LC17,PVLP151(SCB004)_R,LC17,PVLP151,3
1687831632,1158877703,LC17,LC17(lVLPT4)_R,LC17,LC17,4
1687831632,1190250299,LC17,LC17,LC17,LC17,2
1687831632,1221280490,LC17,LC17(lVLPT7)_R,LC17,LC17,2
1687831632,1313702895,LC17,LC17,LC17,LC17,4
1687831632,1321305370,LC17,PVLP061_R,LC17,PVLP061,51
1687831632,1354394414,LC17,PVLP120_R,LC17,PVLP120,6
1687831632,1374063129,LC17,PVLP132_R,LC17,PVLP132,11
1687831632,1375769049,LC17,LC17,LC17,LC17,3
1687831632,1381997776,LC17,PVLP071_R,LC17,PVLP071,7
1687831632,1382308349,LC17,PVLP071_R,LC17,PVLP071,12
1687831632,1435791739,LC17,PVLP132_R,LC17,PVLP132,9
1687831632,1449486007,LC17,AVLP537_R,LC17,AVLP537,9
1687831632,1472965897,LC17,LC17,LC17,LC17,4
1687831632,1473648518,LC17,LC17,LC17,LC17,2
1687831632,1479147574,LC17,PVLP072_R,LC17,PVLP072,9
1687831632,1479492693,LC17,PVLP072_R,LC17,PVLP072,3
1687831632,1497200791,LC17,LC17,LC17,LC17,2
1687831632,1508123633,LC17,PVLP018_R,LC17,PVLP018,2
1687831632,1528577476,LC17,LC17,LC17,LC17,2
1687831632,1530606252,LC17,LC17(lVLPT7)_R,LC17,LC17,2
1687831632,1535082316,LC17,PVLP135_R,LC17,PVLP135,15
1687831632,1535086505,LC17,PVLP135_R,LC17,PVLP135,18
1687831632,1603645798,LC17,PVLP072_R,LC17,PVLP072,6
1687831632,1621008677,LC17,LC17,LC17,LC17,3
1687831632,1630342162,LC17,PVLP036_R,LC17,PVLP036,3
1687831632,1654413566,LC17,LC17,LC17,LC17,3
1687831632,1658881325,LC17,LC17,LC17,LC17,2
1687831632,1684443103,LC17,LC17,LC17,LC17,2
1687831632,1690694192,LC17,PVLP036_R,LC17,PVLP036,6
1687831632,1695693354,LC17,PVLP072_R,LC17,PVLP072,2
1687831632,1720105182,LC17,NA,LC17,NA,4
1687831632,1724345210,LC17,NA,LC17,NA,2
1687831632,1750251452,LC17,LC17,LC17,LC17,3
1687831632,1754019541,LC17,LC17,LC17,LC17,2
1687831632,1781333405,LC17,LC17,LC17,LC17,2
1687831632,1783690466,LC17,LC17,LC17,LC17,2
1687831632,1817107934,LC17,LC17,LC17,LC17,2
1687831632,1817112807,LC17,LC17(lVLPT4)_R,LC17,LC17,2
1687831632,1817444555,LC17,LC17,LC17,LC17,2
1687831632,1817453257,LC17,LC17,LC17,LC17,3
1687831632,1817790176,LC17,LC17,LC17,LC17,3
1687831632,1817790222,LC17,LC17,LC17,LC17,2
1687831632,1847806203,LC17,LC17,LC17,LC17,4
1687831632,1848151571,LC17,LC17(lVLPT7)_R,LC17,LC17,3
1687831632,1848824817,LC17,LC17,LC17,LC17,2
1687831632,1848837843,LC17,LC17,LC17,LC17,3
1687831632,1849161407,LC17,LC17,LC17,LC17,2
1687831632,1878845226,LC17,LC17,LC17,LC17,2
1687831632,1878845629,LC17,LC17,LC17,LC17,4
1687831632,1879877415,LC17,LC17(lVLPT4)_R,LC17,LC17,2
1687831632,1908865507,LC17,LC17,LC17,LC17,2
1687831632,1910898819,LC17,NA,LC17,NA,2
1687831632,1912600163,LC17,LC17,LC17,LC17,2
1687831632,1974669759,LC17,NA,LC17,NA,2
1687831632,2029624973,LC17,LC17,LC17,LC17,2
1687831632,2096456551,LC17,NA,LC17,NA,3
1687831632,2129192127,LC17,NA,LC17,NA,2
1687831632,5813017315,LC17,AVLP479_R,LC17,AVLP479,6
1687831632,5813039148,LC17,PVLP011_R,LC17,PVLP011,41
1687831632,5813057579,LC17,AVLP538_R,LC17,AVLP538,12
1687831632,5813077633,LC17,AVLP479_R,LC17,AVLP479,6
1689187126,447228814,LC17,PVLP106_R,LC17,PVLP106,38
1689187126,1068885266,LC17,PVLP151(SCB004)_R,LC17,PVLP151,5
1689187126,1190250299,LC17,LC17,LC17,LC17,2
1689187126,1219592090,LC17,LC17(lVLPT7)_R,LC17,LC17,3
1689187126,1313702895,LC17,LC17,LC17,LC17,4
1689187126,1321305370,LC17,PVLP061_R,LC17,PVLP061,63
1689187126,1347812305,LC17,LC17(lVLPT7)_R,LC17,LC17,2
1689187126,1354394414,LC17,PVLP120_R,LC17,PVLP120,14
1689187126,1374063129,LC17,PVLP132_R,LC17,PVLP132,7
1689187126,1381997776,LC17,PVLP071_R,LC17,PVLP071,9
1689187126,1382308349,LC17,PVLP071_R,LC17,PVLP071,3
1689187126,1405788552,LC17,LC17,LC17,LC17,2
1689187126,1420172582,LC17,NA,LC17,NA,2
1689187126,1435791739,LC17,PVLP132_R,LC17,PVLP132,5
1689187126,1449486007,LC17,AVLP537_R,LC17,AVLP537,13
1689187126,1479147574,LC17,PVLP072_R,LC17,PVLP072,10
1689187126,1508123633,LC17,PVLP018_R,LC17,PVLP018,6
1689187126,1512232956,LC17,AVLP135_R,LC17,AVLP135,2
1689187126,1535082316,LC17,PVLP135_R,LC17,PVLP135,20
1689187126,1535086505,LC17,PVLP135_R,LC17,PVLP135,20
1689187126,1562707421,LC17,LC17(lVLPT7)_R,LC17,LC17,3
1689187126,1565729476,LC17,LC17,LC17,LC17,2
1689187126,1603645798,LC17,PVLP072_R,LC17,PVLP072,6
1689187126,1630342162,LC17,PVLP036_R,LC17,PVLP036,4
1689187126,1654413566,LC17,LC17,LC17,LC17,2
1689187126,1656153289,LC17,LC17,LC17,LC17,4
1689187126,1656834653,LC17,LC17,LC17,LC17,3
1689187126,1659515529,LC17,LC17,LC17,LC17,3
1689187126,1663639752,LC17,NA,LC17,NA,4
1689187126,1689915765,LC17,LC17,LC17,LC17,5
1689187126,1690694192,LC17,PVLP036_R,LC17,PVLP036,8
1689187126,1695693354,LC17,PVLP072_R,LC17,PVLP072,8
1689187126,1720105182,LC17,NA,LC17,NA,9
1689187126,1722307233,LC17,LC17(lVLPT7)_R,LC17,LC17,8
1689187126,1724345210,LC17,NA,LC17,NA,2
1689187126,1747181914,LC17,LC17,LC17,LC17,2
1689187126,1751262627,LC17,LC17,LC17,LC17,2
1689187126,1752672460,LC17,LC17,LC17,LC17,2
1689187126,1754019541,LC17,LC17,LC17,LC17,2
1689187126,1776865370,LC17,LC17,LC17,LC17,5
1689187126,1781324410,LC17,LC17,LC17,LC17,3
1689187126,1813382259,LC17,LC17(lVLPT7)_R,LC17,LC17,3
1689187126,1814729788,LC17,LC17,LC17,LC17,2
1689187126,1817108009,LC17,LC17,LC17,LC17,2
1689187126,1817444315,LC17,LC17(lVLPT7)_R,LC17,LC17,4
1689187126,1817444670,LC17,LC17(lVLPT7)_R,LC17,LC17,2
1689187126,1817449229,LC17,LC17,LC17,LC17,2
1689187126,1817449236,LC17,LC17,LC17,LC17,2
1689187126,1817453115,LC17,NA,LC17,NA,2
1689187126,1817453469,LC17,NA,LC17,NA,2
1689187126,1817453557,LC17,LC17(lVLPT4)_R,LC17,LC17,2
1689187126,1817458052,LC17,LC17,LC17,LC17,2
1689187126,1817458164,LC17,LC17,LC17,LC17,2
1689187126,1817799390,LC17,LC17,LC17,LC17,3
1689187126,1818473569,LC17,LC17,LC17,LC17,3
1689187126,1844421716,LC17,LC17,LC17,LC17,3
1689187126,1845772658,LC17,LC17(lVLPT7)_R,LC17,LC17,2
1689187126,1847806275,LC17,LC17,LC17,LC17,2
1689187126,1847810811,LC17,LC17(lVLPT7)_R,LC17,LC17,3
1689187126,1847815147,LC17,LC17(lVLPT7)_R,LC17,LC17,4
1689187126,1848138779,LC17,LC17,LC17,LC17,2
1689187126,1848151236,LC17,LC17,LC17,LC17,2
1689187126,1848151877,LC17,LC17,LC17,LC17,3
1689187126,1848156241,LC17,LC17,LC17,LC17,2
1689187126,1848506334,LC17,NA,LC17,NA,3
1689187126,1849179266,LC17,LC17,LC17,LC17,2
1689187126,1849503142,LC17,LC17,LC17,LC17,3
1689187126,1941934133,LC17,NA,LC17,NA,2
1689187126,1974682390,LC17,LC17(lVLPT7)_R,LC17,LC17,3
1689187126,2036078792,LC17,NA,LC17,NA,3
1689187126,2245501457,LC17,LC17,LC17,LC17,2
1689187126,5812998833,LC17,LC17,LC17,LC17,2
1689187126,5812999009,LC17,LC17(lVLPT4)_R,LC17,LC17,2
1689187126,5813017315,LC17,AVLP479_R,LC17,AVLP479,11
1689187126,5813039148,LC17,PVLP011_R,LC17,PVLP011,41
1689187126,5813057579,LC17,AVLP538_R,LC17,AVLP538,15
1689187126,5813068239,LC17,LC17,LC17,LC17,4
1689187126,5813076492,LC17,LC17,LC17,LC17,2
1689187126,5813077633,LC17,AVLP479_R,LC17,AVLP479,8
1689187126,5813080260,LC17,AVLP153_R,LC17,AVLP153,4
1689200671,447228814,LC17,PVLP106_R,LC17,PVLP106,30
1689200671,1068885266,LC17,PVLP151(SCB004)_R,LC17,PVLP151,9
1689200671,1190250299,LC17,LC17,LC17,LC17,2
1689200671,1221285175,LC17,LC17,LC17,LC17,2
1689200671,1250277991,LC17,LC17,LC17,LC17,2
1689200671,1312061760,LC17,AVLP572_R,LC17,AVLP572,4
1689200671,1313702895,LC17,LC17,LC17,LC17,2
1689200671,1321305370,LC17,PVLP061_R,LC17,PVLP061,57
1689200671,1347126097,LC17,LC17,LC17,LC17,2
1689200671,1348153557,LC17,LC17,LC17,LC17,2
1689200671,1354394414,LC17,PVLP120_R,LC17,PVLP120,10
1689200671,1374063129,LC17,PVLP132_R,LC17,PVLP132,11
1689200671,1381997776,LC17,PVLP071_R,LC17,PVLP071,5
1689200671,1382308349,LC17,PVLP071_R,LC17,PVLP071,12
1689200671,1435791739,LC17,PVLP132_R,LC17,PVLP132,13
1689200671,1437165487,LC17,LC17,LC17,LC17,2
1689200671,1449486007,LC17,AVLP537_R,LC17,AVLP537,8
1689200671,1471610338,LC17,LC17,LC17,LC17,3
1689200671,1472965897,LC17,LC17,LC17,LC17,4
1689200671,1474424990,LC17,PVLP073_R,LC17,PVLP073,2
1689200671,1479147574,LC17,PVLP072_R,LC17,PVLP072,3
1689200671,1479492693,LC17,PVLP072_R,LC17,PVLP072,6
1689200671,1508123633,LC17,PVLP018_R,LC17,PVLP018,4
1689200671,1530606252,LC17,LC17(lVLPT7)_R,LC17,LC17,2
1689200671,1535082316,LC17,PVLP135_R,LC17,PVLP135,19
1689200671,1535086505,LC17,PVLP135_R,LC17,PVLP135,16
1689200671,1539496112,LC17,PVLP073_R,LC17,PVLP073,2
1689200671,1565729476,LC17,LC17,LC17,LC17,3
1689200671,1601227987,LC17,AVLP552_R,LC17,AVLP552,2
1689200671,1603645798,LC17,PVLP072_R,LC17,PVLP072,4
1689200671,1625800608,LC17,LC17,LC17,LC17,3
1689200671,1630342162,LC17,PVLP036_R,LC17,PVLP036,6
1689200671,1663639752,LC17,NA,LC17,NA,2
1689200671,1684443103,LC17,LC17,LC17,LC17,2
1689200671,1689239035,LC17,LC17,LC17,LC17,3
1689200671,1690694192,LC17,PVLP036_R,LC17,PVLP036,9
1689200671,1690698128,LC17,PVLP036_R,LC17,PVLP036,5
1689200671,1690917721,LC17,LC17,LC17,LC17,3
1689200671,1695693354,LC17,PVLP072_R,LC17,PVLP072,4
1689200671,1714791446,LC17,LC17,LC17,LC17,4
1689200671,1720105182,LC17,NA,LC17,NA,3
1689200671,1722307233,LC17,LC17(lVLPT7)_R,LC17,LC17,3
1689200671,1724345210,LC17,NA,LC17,NA,3
1689200671,1747518018,LC17,LC17,LC17,LC17,2
1689200671,1748187330,LC17,LC17,LC17,LC17,2
1689200671,1751262627,LC17,LC17,LC17,LC17,3
1689200671,1751666374,LC17,LC17,LC17,LC17,2
1689200671,1752672460,LC17,LC17,LC17,LC17,2
1689200671,1781324410,LC17,LC17,LC17,LC17,2
1689200671,1781333405,LC17,LC17,LC17,LC17,2
1689200671,1812363713,LC17,LC17,LC17,LC17,3
1689200671,1812696567,LC17,LC17,LC17,LC17,2
1689200671,1814060070,LC17,LC17,LC17,LC17,2
1689200671,1817108009,LC17,LC17,LC17,LC17,2
1689200671,1817112855,LC17,LC17,LC17,LC17,2
1689200671,1817444315,LC17,LC17(lVLPT7)_R,LC17,LC17,2
1689200671,1817448921,LC17,LC17,LC17,LC17,2
1689200671,1817449236,LC17,LC17,LC17,LC17,2
1689200671,1817449375,LC17,LC17,LC17,LC17,2
1689200671,1817452948,LC17,LC17,LC17,LC17,4
1689200671,1817453065,LC17,LC17,LC17,LC17,3
1689200671,1817453257,LC17,LC17,LC17,LC17,3
1689200671,1817453557,LC17,LC17(lVLPT4)_R,LC17,LC17,2
1689200671,1817457808,LC17,LC17,LC17,LC17,2
1689200671,1817457847,LC17,LC17,LC17,LC17,3
1689200671,1817457987,LC17,LC17,LC17,LC17,5
1689200671,1818473569,LC17,LC17,LC17,LC17,2
1689200671,1847806203,LC17,LC17,LC17,LC17,2
1689200671,1847815147,LC17,LC17(lVLPT7)_R,LC17,LC17,2
1689200671,1848138779,LC17,LC17,LC17,LC17,2
1689200671,1848492714,LC17,LC17,LC17,LC17,2
1689200671,1849161407,LC17,LC17,LC17,LC17,2
1689200671,1849178917,LC17,LC17,LC17,LC17,2
1689200671,1849520324,LC17,LC17,LC17,LC17,2
1689200671,1875124235,LC17,LC17,LC17,LC17,2
1689200671,1878845629,LC17,LC17,LC17,LC17,2
1689200671,1880209425,LC17,LC17(lVLPT7)_R,LC17,LC17,2
1689200671,1942957166,LC17,NA,LC17,NA,2
1689200671,1974682390,LC17,LC17(lVLPT7)_R,LC17,LC17,2
1689200671,2036765330,LC17,NA,LC17,NA,2
1689200671,5812991769,LC17,LC17,LC17,LC17,2
1689200671,5812998833,LC17,LC17,LC17,LC17,2
1689200671,5812999009,LC17,LC17(lVLPT4)_R,LC17,LC17,4
1689200671,5813017315,LC17,AVLP479_R,LC17,AVLP479,11
1689200671,5813038679,LC17,LC17,LC17,LC17,3
1689200671,5813038918,LC17,LC17,LC17,LC17,2
1689200671,5813039148,LC17,PVLP011_R,LC17,PVLP011,38
1689200671,5813039410,LC17,LC17,LC17,LC17,2
1689200671,5813057178,LC17,PVLP136_R,LC17,PVLP136,2
1689200671,5813057579,LC17,AVLP538_R,LC17,AVLP538,21
1689200671,5813068239,LC17,LC17,LC17,LC17,3
1689200671,5813077633,LC17,AVLP479_R,LC17,AVLP479,3
1689200671,5813080260,LC17,AVLP153_R,LC17,AVLP153,4
1689239035,447228814,LC17,PVLP106_R,LC17,PVLP106,37
1689239035,1068885266,LC17,PVLP151(SCB004)_R,LC17,PVLP151,5
1689239035,1070950293,LC17,PVLP151(SCB004)_R,LC17,PVLP151,2
1689239035,1158877783,LC17,LC17,LC17,LC17,2
1689239035,1221285175,LC17,LC17,LC17,LC17,5
1689239035,1250277991,LC17,LC17,LC17,LC17,2
1689239035,1321305370,LC17,PVLP061_R,LC17,PVLP061,71
1689239035,1348153557,LC17,LC17,LC17,LC17,3
1689239035,1354394414,LC17,PVLP120_R,LC17,PVLP120,13
1689239035,1374063129,LC17,PVLP132_R,LC17,PVLP132,11
1689239035,1381997776,LC17,PVLP071_R,LC17,PVLP071,10
1689239035,1382308349,LC17,PVLP071_R,LC17,PVLP071,6
1689239035,1420172582,LC17,NA,LC17,NA,2
1689239035,1435791739,LC17,PVLP132_R,LC17,PVLP132,10
1689239035,1449486007,LC17,AVLP537_R,LC17,AVLP537,5
1689239035,1479147574,LC17,PVLP072_R,LC17,PVLP072,10
1689239035,1504428248,LC17,PVLP075_R,LC17,PVLP075,3
1689239035,1535082316,LC17,PVLP135_R,LC17,PVLP135,15
1689239035,1535086505,LC17,PVLP135_R,LC17,PVLP135,19
1689239035,1562707421,LC17,LC17(lVLPT7)_R,LC17,LC17,4
1689239035,1593012939,LC17,LC17,LC17,LC17,2
1689239035,1603645798,LC17,PVLP072_R,LC17,PVLP072,2
1689239035,1603957106,LC17,AVLP409_R,LC17,AVLP409,4
1689239035,1621008677,LC17,LC17,LC17,LC17,2
1689239035,1625800608,LC17,LC17,LC17,LC17,2
1689239035,1630342162,LC17,PVLP036_R,LC17,PVLP036,6
1689239035,1656153289,LC17,LC17,LC17,LC17,2
1689239035,1687831632,LC17,LC17,LC17,LC17,2
1689239035,1690694192,LC17,PVLP036_R,LC17,PVLP036,4
1689239035,1690698128,LC17,PVLP036_R,LC17,PVLP036,2
1689239035,1695693354,LC17,PVLP072_R,LC17,PVLP072,4
1689239035,1720105182,LC17,NA,LC17,NA,3
1689239035,1751262627,LC17,LC17,LC17,LC17,2
1689239035,1752672460,LC17,LC17,LC17,LC17,3
1689239035,1753670596,LC17,LC17(lVLPT4)_R,LC17,LC17,3
1689239035,1776865370,LC17,LC17,LC17,LC17,2
1689239035,1781333405,LC17,LC17,LC17,LC17,2
1689239035,1812696567,LC17,LC17,LC17,LC17,2
1689239035,1817112855,LC17,LC17,LC17,LC17,3
1689239035,1817448971,LC17,LC17,LC17,LC17,2
1689239035,1817453257,LC17,LC17,LC17,LC17,3
1689239035,1817457987,LC17,LC17,LC17,LC17,2
1689239035,1817463007,LC17,LC17,LC17,LC17,2
1689239035,1817790281,LC17,LC17(lVLPT4)_R,LC17,LC17,3
1689239035,1817794820,LC17,LC17(lVLPT7)_R,LC17,LC17,2
1689239035,1817799390,LC17,LC17,LC17,LC17,2
1689239035,1847815147,LC17,LC17(lVLPT7)_R,LC17,LC17,2
1689239035,1848143184,LC17,LC17,LC17,LC17,2
1689239035,1848151236,LC17,LC17,LC17,LC17,3
1689239035,1848156241,LC17,LC17,LC17,LC17,2
1689239035,1848496662,LC17,LC17,LC17,LC17,3
1689239035,1848506100,LC17,NA,LC17,NA,2
1689239035,1848820426,LC17,LC17(lVLPT7)_R,LC17,LC17,2
1689239035,1848837843,LC17,LC17,LC17,LC17,4
1689239035,1849161220,LC17,LC17,LC17,LC17,3
1689239035,1849174879,LC17,LC17(lVLPT7)_R,LC17,LC17,2
1689239035,1849178917,LC17,LC17,LC17,LC17,3
1689239035,1849179266,LC17,LC17,LC17,LC17,3
1689239035,1849520324,LC17,LC17,LC17,LC17,2
1689239035,1879519066,LC17,LC17,LC17,LC17,3
1689239035,1908865507,LC17,LC17,LC17,LC17,2
1689239035,1911585571,LC17,NA,LC17,NA,2
1689239035,1912600163,LC17,LC17,LC17,LC17,3
1689239035,1939904964,LC17,LC17,LC17,LC17,4
1689239035,1941610388,LC17,NA,LC17,NA,2
1689239035,1941955396,LC17,NA,LC17,NA,2
1689239035,2004033886,LC17,NA,LC17,NA,2
1689239035,2004038224,LC17,NA,LC17,NA,2
1689239035,2029624973,LC17,LC17,LC17,LC17,3
1689239035,2066777207,LC17,NA,LC17,NA,2
1689239035,2098161599,LC17,NA,LC17,NA,2
1689239035,5812989875,LC17,AVLP409_R,LC17,AVLP409,2
1689239035,5812991769,LC17,LC17,LC17,LC17,3
1689239035,5812992468,LC17,LC17,LC17,LC17,4
1689239035,5813017315,LC17,AVLP479_R,LC17,AVLP479,7
1689239035,5813038679,LC17,LC17,LC17,LC17,2
1689239035,5813039148,LC17,PVLP011_R,LC17,PVLP011,38
1689239035,5813057178,LC17,PVLP136_R,LC17,PVLP136,2
1689239035,5813057579,LC17,AVLP538_R,LC17,AVLP538,15
1689239035,5813077633,LC17,AVLP479_R,LC17,AVLP479,8
1689239035,5813080260,LC17,AVLP153_R,LC17,AVLP153,3
1689915765,447228814,LC17,PVLP106_R,LC17,PVLP106,33
1689915765,1068885266,LC17,PVLP151(SCB004)_R,LC17,PVLP151,6
1689915765,1070950293,LC17,PVLP151(SCB004)_R,LC17,PVLP151,3
1689915765,1221280490,LC17,LC17(lVLPT7)_R,LC17,LC17,5
1689915765,1321305370,LC17,PVLP061_R,LC17,PVLP061,64
1689915765,1347126097,LC17,LC17,LC17,LC17,3
1689915765,1354394414,LC17,PVLP120_R,LC17,PVLP120,5
1689915765,1374063129,LC17,PVLP132_R,LC17,PVLP132,11
1689915765,1375769049,LC17,LC17,LC17,LC17,5
1689915765,1381997776,LC17,PVLP071_R,LC17,PVLP071,9
1689915765,1382308349,LC17,PVLP071_R,LC17,PVLP071,11
1689915765,1405788552,LC17,LC17,LC17,LC17,3
1689915765,1435791739,LC17,PVLP132_R,LC17,PVLP132,9
1689915765,1449486007,LC17,AVLP537_R,LC17,AVLP537,17
1689915765,1471607030,LC17,LC17,LC17,LC17,2
1689915765,1474424990,LC17,PVLP073_R,LC17,PVLP073,2
1689915765,1479147574,LC17,PVLP072_R,LC17,PVLP072,6
1689915765,1479492693,LC17,PVLP072_R,LC17,PVLP072,9
1689915765,1508123633,LC17,PVLP018_R,LC17,PVLP018,6
1689915765,1530606252,LC17,LC17(lVLPT7)_R,LC17,LC17,3
1689915765,1535082316,LC17,PVLP135_R,LC17,PVLP135,18
1689915765,1535086505,LC17,PVLP135_R,LC17,PVLP135,24
1689915765,1563355501,LC17,LC17,LC17,LC17,3
1689915765,1565729476,LC17,LC17,LC17,LC17,2
1689915765,1574980522,LC17,AVLP408_R,LC17,AVLP408,3
1689915765,1593012939,LC17,LC17,LC17,LC17,2
1689915765,1599285725,LC17,(PVL05)_L?,LC17,NA,2
1689915765,1603645798,LC17,PVLP072_R,LC17,PVLP072,6
1689915765,1603957106,LC17,AVLP409_R,LC17,AVLP409,3
1689915765,1630342162,LC17,PVLP036_R,LC17,PVLP036,7
1689915765,1654413566,LC17,LC17,LC17,LC17,3
1689915765,1663639752,LC17,NA,LC17,NA,2
1689915765,1690694192,LC17,PVLP036_R,LC17,PVLP036,6
1689915765,1690698128,LC17,PVLP036_R,LC17,PVLP036,3
1689915765,1695693354,LC17,PVLP072_R,LC17,PVLP072,2
1689915765,1720105182,LC17,NA,LC17,NA,5
1689915765,1720454234,LC17,NA,LC17,NA,2
1689915765,1750251452,LC17,LC17,LC17,LC17,4
1689915765,1779567374,LC17,LC17,LC17,LC17,2
1689915765,1781324410,LC17,LC17,LC17,LC17,2
1689915765,1807572051,LC17,LC17,LC17,LC17,7
1689915765,1814031575,LC17,LC17,LC17,LC17,2
1689915765,1814410124,LC17,LC17,LC17,LC17,2
1689915765,1817112807,LC17,LC17(lVLPT4)_R,LC17,LC17,3
1689915765,1817444315,LC17,LC17(lVLPT7)_R,LC17,LC17,3
1689915765,1817448971,LC17,LC17,LC17,LC17,2
1689915765,1817452948,LC17,LC17,LC17,LC17,2
1689915765,1817453065,LC17,LC17,LC17,LC17,2
1689915765,1817453257,LC17,LC17,LC17,LC17,2
1689915765,1817457987,LC17,LC17,LC17,LC17,5
1689915765,1817463007,LC17,LC17,LC17,LC17,2
1689915765,1817785682,LC17,LC17,LC17,LC17,2
1689915765,1817790409,LC17,LC17(lVLPT7)_R,LC17,LC17,2
1689915765,1847810811,LC17,LC17(lVLPT7)_R,LC17,LC17,2
1689915765,1848151571,LC17,LC17(lVLPT7)_R,LC17,LC17,3
1689915765,1848151618,LC17,NA,LC17,NA,2
1689915765,1848492714,LC17,LC17,LC17,LC17,2
1689915765,1848837843,LC17,LC17,LC17,LC17,2
1689915765,1849161407,LC17,LC17,LC17,LC17,5
1689915765,1849507321,LC17,LC17,LC17,LC17,2
1689915765,1849520324,LC17,LC17,LC17,LC17,2
1689915765,1876820783,LC17,LC17,LC17,LC17,3
1689915765,1879877415,LC17,LC17(lVLPT4)_R,LC17,LC17,2
1689915765,1908865507,LC17,LC17,LC17,LC17,2
1689915765,1910898819,LC17,NA,LC17,NA,2
1689915765,1937193993,LC17,LC17,LC17,LC17,2
1689915765,1974682390,LC17,LC17(lVLPT7)_R,LC17,LC17,2
1689915765,2036092461,LC17,NA,LC17,NA,2
1689915765,2037097519,LC17,NA,LC17,NA,2
1689915765,2128164842,LC17,NA,LC17,NA,2
1689915765,5812988086,LC17,LC17,LC17,LC17,2
1689915765,5812993994,LC17,LC17,LC17,LC17,2
1689915765,5813017315,LC17,AVLP479_R,LC17,AVLP479,6
1689915765,5813039148,LC17,PVLP011_R,LC17,PVLP011,37
1689915765,5813057178,LC17,PVLP136_R,LC17,PVLP136,2
1689915765,5813057579,LC17,AVLP538_R,LC17,AVLP538,12
1689915765,5813068559,LC17,AVLP396_R,LC17,AVLP396,2
1689915765,5813077633,LC17,AVLP479_R,LC17,AVLP479,8
1689915765,5813080260,LC17,AVLP153_R,LC17,AVLP153,2
1690917721,447228814,LC17,PVLP106_R,LC17,PVLP106,37
1690917721,1068885266,LC17,PVLP151(SCB004)_R,LC17,PVLP151,7
1690917721,1070950293,LC17,PVLP151(SCB004)_R,LC17,PVLP151,3
1690917721,1190250299,LC17,LC17,LC17,LC17,3
1690917721,1221280490,LC17,LC17(lVLPT7)_R,LC17,LC17,2
1690917721,1321305370,LC17,PVLP061_R,LC17,PVLP061,60
1690917721,1348153557,LC17,LC17,LC17,LC17,4
1690917721,1354394414,LC17,PVLP120_R,LC17,PVLP120,5
1690917721,1374063129,LC17,PVLP132_R,LC17,PVLP132,17
1690917721,1375769049,LC17,LC17,LC17,LC17,2
1690917721,1381997776,LC17,PVLP071_R,LC17,PVLP071,9
1690917721,1382308349,LC17,PVLP071_R,LC17,PVLP071,5
1690917721,1435791739,LC17,PVLP132_R,LC17,PVLP132,12
1690917721,1437165487,LC17,LC17,LC17,LC17,2
1690917721,1449486007,LC17,AVLP537_R,LC17,AVLP537,7
1690917721,1477148598,LC17,PVLP075_R,LC17,PVLP075,4
1690917721,1479147574,LC17,PVLP072_R,LC17,PVLP072,13
1690917721,1479492693,LC17,PVLP072_R,LC17,PVLP072,3
1690917721,1508123633,LC17,PVLP018_R,LC17,PVLP018,5
1690917721,1528577476,LC17,LC17,LC17,LC17,2
1690917721,1534694621,LC17,LC17,LC17,LC17,2
1690917721,1535082316,LC17,PVLP135_R,LC17,PVLP135,16
1690917721,1535086505,LC17,PVLP135_R,LC17,PVLP135,13
1690917721,1597204590,LC17,PVLP041_R,LC17,PVLP041,2
1690917721,1601227987,LC17,AVLP552_R,LC17,AVLP552,4
1690917721,1603645798,LC17,PVLP072_R,LC17,PVLP072,6
1690917721,1629163100,LC17,LC17(lVLPT7)_R,LC17,LC17,2
1690917721,1630342162,LC17,PVLP036_R,LC17,PVLP036,16
1690917721,1656153289,LC17,LC17,LC17,LC17,2
1690917721,1659515529,LC17,LC17,LC17,LC17,4
1690917721,1663639752,LC17,NA,LC17,NA,2
1690917721,1687831632,LC17,LC17,LC17,LC17,2
1690917721,1689200671,LC17,LC17,LC17,LC17,2
1690917721,1690694192,LC17,PVLP036_R,LC17,PVLP036,2
1690917721,1690698128,LC17,PVLP036_R,LC17,PVLP036,5
1690917721,1695693354,LC17,PVLP072_R,LC17,PVLP072,2
1690917721,1720105182,LC17,NA,LC17,NA,6
1690917721,1724345210,LC17,NA,LC17,NA,2
1690917721,1750251452,LC17,LC17,LC17,LC17,2
1690917721,1752672460,LC17,LC17,LC17,LC17,3
1690917721,1752962124,LC17,LC17,LC17,LC17,3
1690917721,1781324410,LC17,LC17,LC17,LC17,2
1690917721,1782680353,LC17,LC17,LC17,LC17,2
1690917721,1783690466,LC17,LC17,LC17,LC17,4
1690917721,1812363713,LC17,LC17,LC17,LC17,2
1690917721,1813382259,LC17,LC17(lVLPT7)_R,LC17,LC17,3
1690917721,1814729788,LC17,LC17,LC17,LC17,5
1690917721,1817112807,LC17,LC17(lVLPT4)_R,LC17,LC17,2
1690917721,1817113079,LC17,LC17,LC17,LC17,2
1690917721,1817448921,LC17,LC17,LC17,LC17,2
1690917721,1817448971,LC17,LC17,LC17,LC17,2
1690917721,1817453065,LC17,LC17,LC17,LC17,2
1690917721,1817453257,LC17,LC17,LC17,LC17,2
1690917721,1817457808,LC17,LC17,LC17,LC17,2
1690917721,1817457984,LC17,LC17,LC17,LC17,2
1690917721,1817458052,LC17,LC17,LC17,LC17,3
1690917721,1817785682,LC17,LC17,LC17,LC17,2
1690917721,1817790176,LC17,LC17,LC17,LC17,3
1690917721,1817790222,LC17,LC17,LC17,LC17,2
1690917721,1817790409,LC17,LC17(lVLPT7)_R,LC17,LC17,2
1690917721,1848151877,LC17,LC17,LC17,LC17,2
1690917721,1848496662,LC17,LC17,LC17,LC17,2
1690917721,1848506334,LC17,NA,LC17,NA,2
1690917721,1848820426,LC17,LC17(lVLPT7)_R,LC17,LC17,4
1690917721,1849174879,LC17,LC17(lVLPT7)_R,LC17,LC17,2
1690917721,1849179266,LC17,LC17,LC17,LC17,2
1690917721,1849520324,LC17,LC17,LC17,LC17,2
1690917721,1875460978,LC17,LC17,LC17,LC17,3
1690917721,1909884804,LC17,NA,LC17,NA,3
1690917721,1910558016,LC17,NA,LC17,NA,2
1690917721,1910579787,LC17,NA,LC17,NA,2
1690917721,1911248554,LC17,NA,LC17,NA,2
1690917721,2036407124,LC17,NA,LC17,NA,2
1690917721,2066095436,LC17,NA,LC17,NA,2
1690917721,2097129896,LC17,NA,LC17,NA,3
1690917721,5812989875,LC17,AVLP409_R,LC17,AVLP409,3
1690917721,5812998833,LC17,LC17,LC17,LC17,2
1690917721,5812999009,LC17,LC17(lVLPT4)_R,LC17,LC17,2
1690917721,5813017315,LC17,AVLP479_R,LC17,AVLP479,10
1690917721,5813034336,LC17,LC17(lVLPT4)_R,LC17,LC17,3
1690917721,5813039148,LC17,PVLP011_R,LC17,PVLP011,49
1690917721,5813039410,LC17,LC17,LC17,LC17,4
1690917721,5813057178,LC17,PVLP136_R,LC17,PVLP136,4
1690917721,5813057579,LC17,AVLP538_R,LC17,AVLP538,12
1690917721,5813068239,LC17,LC17,LC17,LC17,2
1690917721,5813077633,LC17,AVLP479_R,LC17,AVLP479,7
1690917721,5813080260,LC17,AVLP153_R,LC17,AVLP153,6
1714113234,1014344148,LC17,AVLP151_R,LC17,AVLP151,4
1714113234,1189606166,LC17,PVLP097_b_R,LC17,PVLP097_b,8
1714113234,1189606310,LC17,PVLP097_a_R,LC17,PVLP097_a,16
1714113234,1344469589,LC17,PVLP097_b_R,LC17,PVLP097_b,6
1714113234,1374063129,LC17,PVLP132_R,LC17,PVLP132,2
1714113234,1375504361,LC17,PVLP097_b_R,LC17,PVLP097_b,10
1714113234,1435791739,LC17,PVLP132_R,LC17,PVLP132,8
1714113234,1449486007,LC17,AVLP537_R,LC17,AVLP537,6
1714113234,1480525262,LC17,AVLP536_R,LC17,AVLP536,5
1714113234,1503733177,LC17,PVLP094_R,LC17,PVLP094,9
1714113234,1504437450,LC17,PVLP013_R,LC17,PVLP013,22
1714113234,1529928359,LC17,LC12,LC17,LC12,3
1714113234,1539193374,LC17,AVLP152_R,LC17,AVLP152,2
1714113234,1573612290,LC17,PVLP085_R,LC17,PVLP085,8
1714113234,1574980522,LC17,AVLP408_R,LC17,AVLP408,3
1714113234,1603260613,LC17,PVLP079_R,LC17,PVLP079,3
1714113234,1653390223,LC17,LC12,LC17,LC12,3
1714113234,1659226661,LC17,LC12,LC17,LC12,2
1714113234,1660690370,LC17,PVLP037_R,LC17,PVLP037,5
1714113234,1661273656,LC17,PVLP085_R,LC17,PVLP085,5
1714113234,1663639752,LC17,NA,LC17,NA,2
1714113234,1663652072,LC17,PVLP025_R,LC17,PVLP025,23
1714113234,1690698128,LC17,PVLP036_R,LC17,PVLP036,3
1714113234,1690706380,LC17,PVLP037_R,LC17,PVLP037,10
1714113234,1691630995,LC17,PVLP078_R,LC17,PVLP078,5
1714113234,1691972267,LC17,PVLP025_R,LC17,PVLP025,30
1714113234,1692299350,LC17,PVLP077_R,LC17,PVLP077,2
1714113234,1692304756,LC17,PVLP086_R,LC17,PVLP086,2
1714113234,1717153009,LC17,LC12(lVLPT7)_R,LC17,LC12,2
1714113234,1720105182,LC17,NA,LC17,NA,3
1714113234,1721395841,LC17,PVLP037_R,LC17,PVLP037,5
1714113234,1723010562,LC17,PVLP085_R,LC17,PVLP085,5
1714113234,1751994423,LC17,LC12(lVLPT7)_R,LC17,LC12,3
1714113234,1753410659,LC17,NA,LC17,NA,5
1714113234,1753695198,LC17,LC12,LC17,LC12,2
1714113234,1753695554,LC17,LC12(lVLPT7)_R,LC17,LC12,3
1714113234,1753695569,LC17,LC12,LC17,LC12,3
1714113234,1753695941,LC17,LC12(lVLPT7)_R,LC17,LC12,2
1714113234,1784389603,LC17,LC12,LC17,LC12,2
1714113234,1784398229,LC17,LC12,LC17,LC12,3
1714113234,1784441060,LC17,LC12,LC17,LC12,3
1714113234,1784734375,LC17,LC12,LC17,LC12,3
1714113234,1785740974,LC17,LC12,LC17,LC12,3
1714113234,1785745638,LC17,LC12,LC17,LC12,2
1714113234,1815769521,LC17,LC12(lVLPT7)_R,LC17,LC12,2
1714113234,1815783189,LC17,NA,LC17,NA,4
1714113234,1846476579,LC17,NA,LC17,NA,2
1714113234,1846480875,LC17,NA,LC17,NA,2
1714113234,1848506334,LC17,NA,LC17,NA,4
1714113234,1877511312,LC17,NA,LC17,NA,2
1714113234,1879226079,LC17,NA,LC17,NA,3
1714113234,1934470099,LC17,LC12,LC17,LC12,2
1714113234,2003015236,LC17,NA,LC17,NA,2
1714113234,2003351676,LC17,NA,LC17,NA,2
1714113234,2064747973,LC17,NA,LC17,NA,3
1714113234,5812985952,LC17,PVLP097_a_R,LC17,PVLP097_a,13
1714113234,5812990958,LC17,PVLP097_b_R,LC17,PVLP097_b,5
1714113234,5812993220,LC17,LC12,LC17,LC12,2
1714113234,5812993355,LC17,NA,LC17,NA,6
1714113234,5813045465,LC17,PVLP087_R,LC17,PVLP087,4
1714791446,447228814,LC17,PVLP106_R,LC17,PVLP106,39
1714791446,1068885266,LC17,PVLP151(SCB004)_R,LC17,PVLP151,9
1714791446,1070950293,LC17,PVLP151(SCB004)_R,LC17,PVLP151,3
1714791446,1219592090,LC17,LC17(lVLPT7)_R,LC17,LC17,2
1714791446,1221280490,LC17,LC17(lVLPT7)_R,LC17,LC17,2
1714791446,1221285175,LC17,LC17,LC17,LC17,2
1714791446,1321305370,LC17,PVLP061_R,LC17,PVLP061,73
1714791446,1347812305,LC17,LC17(lVLPT7)_R,LC17,LC17,8
1714791446,1354394414,LC17,PVLP120_R,LC17,PVLP120,15
1714791446,1374063129,LC17,PVLP132_R,LC17,PVLP132,13
1714791446,1375769049,LC17,LC17,LC17,LC17,3
1714791446,1381997776,LC17,PVLP071_R,LC17,PVLP071,7
1714791446,1382308349,LC17,PVLP071_R,LC17,PVLP071,3
1714791446,1405788552,LC17,LC17,LC17,LC17,2
1714791446,1420172582,LC17,NA,LC17,NA,2
1714791446,1435791739,LC17,PVLP132_R,LC17,PVLP132,16
1714791446,1435822283,LC17,LC17,LC17,LC17,2
1714791446,1437165487,LC17,LC17,LC17,LC17,2
1714791446,1449486007,LC17,AVLP537_R,LC17,AVLP537,12
1714791446,1471607030,LC17,LC17,LC17,LC17,2
1714791446,1477148598,LC17,PVLP075_R,LC17,PVLP075,3
1714791446,1479147574,LC17,PVLP072_R,LC17,PVLP072,12
1714791446,1479492693,LC17,PVLP072_R,LC17,PVLP072,6
1714791446,1508123633,LC17,PVLP018_R,LC17,PVLP018,11
1714791446,1530606252,LC17,LC17(lVLPT7)_R,LC17,LC17,2
1714791446,1534694621,LC17,LC17,LC17,LC17,3
1714791446,1535082316,LC17,PVLP135_R,LC17,PVLP135,15
1714791446,1535086505,LC17,PVLP135_R,LC17,PVLP135,18
1714791446,1539496112,LC17,PVLP073_R,LC17,PVLP073,5
1714791446,1562707421,LC17,LC17(lVLPT7)_R,LC17,LC17,2
1714791446,1601227987,LC17,AVLP552_R,LC17,AVLP552,3
1714791446,1621008677,LC17,LC17,LC17,LC17,2
1714791446,1628528573,LC17,LC17,LC17,LC17,7
1714791446,1630342162,LC17,PVLP036_R,LC17,PVLP036,9
1714791446,1656834653,LC17,LC17,LC17,LC17,4
1714791446,1659515529,LC17,LC17,LC17,LC17,3
1714791446,1663639752,LC17,NA,LC17,NA,2
1714791446,1689239035,LC17,LC17,LC17,LC17,2
1714791446,1689915765,LC17,LC17,LC17,LC17,2
1714791446,1690694192,LC17,PVLP036_R,LC17,PVLP036,9
1714791446,1690698128,LC17,PVLP036_R,LC17,PVLP036,2
1714791446,1695693354,LC17,PVLP072_R,LC17,PVLP072,4
1714791446,1719928105,LC17,LC17,LC17,LC17,2
1714791446,1720105182,LC17,NA,LC17,NA,2
1714791446,1750251452,LC17,LC17,LC17,LC17,3
1714791446,1753670596,LC17,LC17(lVLPT4)_R,LC17,LC17,3
1714791446,1776865370,LC17,LC17,LC17,LC17,3
1714791446,1779567374,LC17,LC17,LC17,LC17,2
1714791446,1781333405,LC17,LC17,LC17,LC17,3
1714791446,1782680353,LC17,LC17,LC17,LC17,2
1714791446,1783361972,LC17,LC17,LC17,LC17,2
1714791446,1812696567,LC17,LC17,LC17,LC17,2
1714791446,1814060070,LC17,LC17,LC17,LC17,2
1714791446,1814410124,LC17,LC17,LC17,LC17,2
1714791446,1817112807,LC17,LC17(lVLPT4)_R,LC17,LC17,2
1714791446,1817449236,LC17,LC17,LC17,LC17,2
1714791446,1817453065,LC17,LC17,LC17,LC17,3
1714791446,1817453557,LC17,LC17(lVLPT4)_R,LC17,LC17,2
1714791446,1817457984,LC17,LC17,LC17,LC17,2
1714791446,1817457987,LC17,LC17,LC17,LC17,3
1714791446,1817463007,LC17,LC17,LC17,LC17,3
1714791446,1817785682,LC17,LC17,LC17,LC17,4
1714791446,1817786077,LC17,LC17,LC17,LC17,2
1714791446,1817790409,LC17,LC17(lVLPT7)_R,LC17,LC17,2
1714791446,1848143184,LC17,LC17,LC17,LC17,2
1714791446,1848506100,LC17,NA,LC17,NA,3
1714791446,1848824817,LC17,LC17,LC17,LC17,2
1714791446,1848837843,LC17,LC17,LC17,LC17,2
1714791446,1849503142,LC17,LC17,LC17,LC17,4
1714791446,1876820783,LC17,LC17,LC17,LC17,2
1714791446,1878845629,LC17,LC17,LC17,LC17,2
1714791446,1879531841,LC17,NA,LC17,NA,2
1714791446,1879872446,LC17,NA,LC17,NA,2
1714791446,1908865507,LC17,LC17,LC17,LC17,5
1714791446,2098148780,LC17,NA,LC17,NA,2
1714791446,2098493913,LC17,NA,LC17,NA,2
1714791446,2098493970,LC17,NA,LC17,NA,2
1714791446,5812992219,LC17,LC17,LC17,LC17,2
1714791446,5813017315,LC17,AVLP479_R,LC17,AVLP479,10
1714791446,5813034336,LC17,LC17(lVLPT4)_R,LC17,LC17,3
1714791446,5813039148,LC17,PVLP011_R,LC17,PVLP011,48
1714791446,5813054384,LC17,PPM1203_R,LC17,PPM1203,2
1714791446,5813057178,LC17,PVLP136_R,LC17,PVLP136,5
1714791446,5813057579,LC17,AVLP538_R,LC17,AVLP538,13
1714791446,5813077633,LC17,AVLP479_R,LC17,AVLP479,11
1719928105,447228814,LC17,PVLP106_R,LC17,PVLP106,25
1719928105,1068885266,LC17,PVLP151(SCB004)_R,LC17,PVLP151,6
1719928105,1189567690,LC17,LC17,LC17,LC17,2
1719928105,1221280490,LC17,LC17(lVLPT7)_R,LC17,LC17,3
1719928105,1313702895,LC17,LC17,LC17,LC17,2
1719928105,1321305370,LC17,PVLP061_R,LC17,PVLP061,55
1719928105,1347126097,LC17,LC17,LC17,LC17,3
1719928105,1354394414,LC17,PVLP120_R,LC17,PVLP120,9
1719928105,1374063129,LC17,PVLP132_R,LC17,PVLP132,13
1719928105,1381997776,LC17,PVLP071_R,LC17,PVLP071,11
1719928105,1382308349,LC17,PVLP071_R,LC17,PVLP071,6
1719928105,1435791739,LC17,PVLP132_R,LC17,PVLP132,10
1719928105,1437165487,LC17,LC17,LC17,LC17,2
1719928105,1449486007,LC17,AVLP537_R,LC17,AVLP537,8
1719928105,1472965897,LC17,LC17,LC17,LC17,3
1719928105,1473648518,LC17,LC17,LC17,LC17,2
1719928105,1479147574,LC17,PVLP072_R,LC17,PVLP072,9
1719928105,1479492693,LC17,PVLP072_R,LC17,PVLP072,4
1719928105,1508123633,LC17,PVLP018_R,LC17,PVLP018,8
1719928105,1528577476,LC17,LC17,LC17,LC17,4
1719928105,1535082316,LC17,PVLP135_R,LC17,PVLP135,12
1719928105,1535086505,LC17,PVLP135_R,LC17,PVLP135,23
1719928105,1539496112,LC17,PVLP073_R,LC17,PVLP073,3
1719928105,1562707421,LC17,LC17(lVLPT7)_R,LC17,LC17,4
1719928105,1565729476,LC17,LC17,LC17,LC17,2
1719928105,1601227987,LC17,AVLP552_R,LC17,AVLP552,2
1719928105,1603645798,LC17,PVLP072_R,LC17,PVLP072,3
1719928105,1625800608,LC17,LC17,LC17,LC17,2
1719928105,1630342162,LC17,PVLP036_R,LC17,PVLP036,2
1719928105,1659515529,LC17,LC17,LC17,LC17,2
1719928105,1684443103,LC17,LC17,LC17,LC17,3
1719928105,1690694192,LC17,PVLP036_R,LC17,PVLP036,5
1719928105,1695693354,LC17,PVLP072_R,LC17,PVLP072,3
1719928105,1714791446,LC17,LC17,LC17,LC17,3
1719928105,1720105182,LC17,NA,LC17,NA,4
1719928105,1722307233,LC17,LC17(lVLPT7)_R,LC17,LC17,4
1719928105,1751666374,LC17,LC17,LC17,LC17,2
1719928105,1783690466,LC17,LC17,LC17,LC17,4
1719928105,1808241116,LC17,LC17,LC17,LC17,5
1719928105,1812363713,LC17,LC17,LC17,LC17,4
1719928105,1812696567,LC17,LC17,LC17,LC17,3
1719928105,1813382259,LC17,LC17(lVLPT7)_R,LC17,LC17,2
1719928105,1814031575,LC17,LC17,LC17,LC17,2
1719928105,1817449059,LC17,LC17,LC17,LC17,4
1719928105,1817453065,LC17,LC17,LC17,LC17,2
1719928105,1817457808,LC17,LC17,LC17,LC17,2
1719928105,1817785661,LC17,LC17,LC17,LC17,2
1719928105,1817790281,LC17,LC17(lVLPT4)_R,LC17,LC17,2
1719928105,1817794820,LC17,LC17(lVLPT7)_R,LC17,LC17,5
1719928105,1845772658,LC17,LC17(lVLPT7)_R,LC17,LC17,2
1719928105,1847815147,LC17,LC17(lVLPT7)_R,LC17,LC17,3
1719928105,1848138779,LC17,LC17,LC17,LC17,4
1719928105,1848151877,LC17,LC17,LC17,LC17,2
1719928105,1848496662,LC17,LC17,LC17,LC17,3
1719928105,1848506334,LC17,NA,LC17,NA,2
1719928105,1848816253,LC17,NA,LC17,NA,2
1719928105,1848837843,LC17,LC17,LC17,LC17,4
1719928105,1849161220,LC17,LC17,LC17,LC17,3
1719928105,1849178917,LC17,LC17,LC17,LC17,6
1719928105,1879514899,LC17,NA,LC17,NA,2
1719928105,1972653359,LC17,NA,LC17,NA,2
1719928105,1972653681,LC17,NA,LC17,NA,4
1719928105,1972973354,LC17,NA,LC17,NA,2
1719928105,1974004779,LC17,NA,LC17,NA,2
1719928105,2003688330,LC17,NA,LC17,NA,2
1719928105,2035068662,LC17,NA,LC17,NA,3
1719928105,2067113702,LC17,NA,LC17,NA,3
1719928105,2067450736,LC17,NA,LC17,NA,2
1719928105,2098485419,LC17,NA,LC17,NA,2
1719928105,5812993994,LC17,LC17,LC17,LC17,2
1719928105,5813017315,LC17,AVLP479_R,LC17,AVLP479,8
1719928105,5813034336,LC17,LC17(lVLPT4)_R,LC17,LC17,2
1719928105,5813038679,LC17,LC17,LC17,LC17,5
1719928105,5813039148,LC17,PVLP011_R,LC17,PVLP011,37
1719928105,5813057178,LC17,PVLP136_R,LC17,PVLP136,2
1719928105,5813057579,LC17,AVLP538_R,LC17,AVLP538,12
1719928105,5813068239,LC17,LC17,LC17,LC17,2
1719928105,5813077633,LC17,AVLP479_R,LC17,AVLP479,6
1719928105,5813080260,LC17,AVLP153_R,LC17,AVLP153,5
1722307233,447228814,LC17(lVLPT7)_R,PVLP106_R,LC17,PVLP106,45
1722307233,1068885266,LC17(lVLPT7)_R,PVLP151(SCB004)_R,LC17,PVLP151,5
1722307233,1070950293,LC17(lVLPT7)_R,PVLP151(SCB004)_R,LC17,PVLP151,2
1722307233,1158877703,LC17(lVLPT7)_R,LC17(lVLPT4)_R,LC17,LC17,2
1722307233,1158877783,LC17(lVLPT7)_R,LC17,LC17,LC17,8
1722307233,1321305370,LC17(lVLPT7)_R,PVLP061_R,LC17,PVLP061,88
1722307233,1345079276,LC17(lVLPT7)_R,LC17,LC17,LC17,4
1722307233,1347812305,LC17(lVLPT7)_R,LC17(lVLPT7)_R,LC17,LC17,2
1722307233,1354394414,LC17(lVLPT7)_R,PVLP120_R,LC17,PVLP120,10
1722307233,1374063129,LC17(lVLPT7)_R,PVLP132_R,LC17,PVLP132,12
1722307233,1381997776,LC17(lVLPT7)_R,PVLP071_R,LC17,PVLP071,3
1722307233,1382308349,LC17(lVLPT7)_R,PVLP071_R,LC17,PVLP071,7
1722307233,1435791739,LC17(lVLPT7)_R,PVLP132_R,LC17,PVLP132,19
1722307233,1437165487,LC17(lVLPT7)_R,LC17,LC17,LC17,2
1722307233,1449486007,LC17(lVLPT7)_R,AVLP537_R,LC17,AVLP537,11
1722307233,1467859487,LC17(lVLPT7)_R,LC17,LC17,LC17,8
1722307233,1471610338,LC17(lVLPT7)_R,LC17,LC17,LC17,3
1722307233,1473332777,LC17(lVLPT7)_R,LC17(lVLPT7)_R,LC17,LC17,2
1722307233,1473648518,LC17(lVLPT7)_R,LC17,LC17,LC17,2
1722307233,1479147574,LC17(lVLPT7)_R,PVLP072_R,LC17,PVLP072,14
1722307233,1479492693,LC17(lVLPT7)_R,PVLP072_R,LC17,PVLP072,3
1722307233,1508123633,LC17(lVLPT7)_R,PVLP018_R,LC17,PVLP018,3
1722307233,1530606252,LC17(lVLPT7)_R,LC17(lVLPT7)_R,LC17,LC17,3
1722307233,1535082316,LC17(lVLPT7)_R,PVLP135_R,LC17,PVLP135,21
1722307233,1535086505,LC17(lVLPT7)_R,PVLP135_R,LC17,PVLP135,23
1722307233,1565729476,LC17(lVLPT7)_R,LC17,LC17,LC17,2
1722307233,1603645798,LC17(lVLPT7)_R,PVLP072_R,LC17,PVLP072,10
1722307233,1622360309,LC17(lVLPT7)_R,LC17,LC17,LC17,4
1722307233,1628528573,LC17(lVLPT7)_R,LC17,LC17,LC17,3
1722307233,1629163100,LC17(lVLPT7)_R,LC17(lVLPT7)_R,LC17,LC17,2
1722307233,1630342162,LC17(lVLPT7)_R,PVLP036_R,LC17,PVLP036,4
1722307233,1689187126,LC17(lVLPT7)_R,LC17,LC17,LC17,3
1722307233,1689915765,LC17(lVLPT7)_R,LC17,LC17,LC17,3
1722307233,1690694192,LC17(lVLPT7)_R,PVLP036_R,LC17,PVLP036,11
1722307233,1690698128,LC17(lVLPT7)_R,PVLP036_R,LC17,PVLP036,2
1722307233,1690917721,LC17(lVLPT7)_R,LC17,LC17,LC17,3
1722307233,1695693354,LC17(lVLPT7)_R,PVLP072_R,LC17,PVLP072,3
1722307233,1719928105,LC17(lVLPT7)_R,LC17,LC17,LC17,4
1722307233,1720105182,LC17(lVLPT7)_R,NA,LC17,NA,2
1722307233,1748187330,LC17(lVLPT7)_R,LC17,LC17,LC17,3
1722307233,1750251452,LC17(lVLPT7)_R,LC17,LC17,LC17,2
1722307233,1751262627,LC17(lVLPT7)_R,LC17,LC17,LC17,3
1722307233,1752962124,LC17(lVLPT7)_R,LC17,LC17,LC17,2
1722307233,1753670596,LC17(lVLPT7)_R,LC17(lVLPT4)_R,LC17,LC17,4
1722307233,1782318275,LC17(lVLPT7)_R,LC17,LC17,LC17,3
1722307233,1783361972,LC17(lVLPT7)_R,LC17,LC17,LC17,4
1722307233,1807572051,LC17(lVLPT7)_R,LC17,LC17,LC17,2
1722307233,1808241116,LC17(lVLPT7)_R,LC17,LC17,LC17,3
1722307233,1813028777,LC17(lVLPT7)_R,LC17,LC17,LC17,2
1722307233,1814055949,LC17(lVLPT7)_R,LC17,LC17,LC17,2
1722307233,1814060070,LC17(lVLPT7)_R,LC17,LC17,LC17,2
1722307233,1817448921,LC17(lVLPT7)_R,LC17,LC17,LC17,2
1722307233,1817449116,LC17(lVLPT7)_R,LC17(lVLPT4)_R,LC17,LC17,2
1722307233,1817449229,LC17(lVLPT7)_R,LC17,LC17,LC17,5
1722307233,1817449375,LC17(lVLPT7)_R,LC17,LC17,LC17,4
1722307233,1817453257,LC17(lVLPT7)_R,LC17,LC17,LC17,2
1722307233,1817453557,LC17(lVLPT7)_R,LC17(lVLPT4)_R,LC17,LC17,3
1722307233,1817457808,LC17(lVLPT7)_R,LC17,LC17,LC17,3
1722307233,1817457847,LC17(lVLPT7)_R,LC17,LC17,LC17,2
1722307233,1817458052,LC17(lVLPT7)_R,LC17,LC17,LC17,4
1722307233,1817790176,LC17(lVLPT7)_R,LC17,LC17,LC17,3
1722307233,1817790409,LC17(lVLPT7)_R,LC17(lVLPT7)_R,LC17,LC17,3
1722307233,1818122205,LC17(lVLPT7)_R,LC17,LC17,LC17,2
1722307233,1818136404,LC17(lVLPT7)_R,LC17,LC17,LC17,3
1722307233,1845772658,LC17(lVLPT7)_R,LC17(lVLPT7)_R,LC17,LC17,2
1722307233,1848151618,LC17(lVLPT7)_R,NA,LC17,NA,2
1722307233,1848492258,LC17(lVLPT7)_R,LC17,LC17,LC17,2
1722307233,1848492714,LC17(lVLPT7)_R,LC17,LC17,LC17,2
1722307233,1848824817,LC17(lVLPT7)_R,LC17,LC17,LC17,2
1722307233,1848837843,LC17(lVLPT7)_R,LC17,LC17,LC17,2
1722307233,1849161220,LC17(lVLPT7)_R,LC17,LC17,LC17,4
1722307233,1849166071,LC17(lVLPT7)_R,LC17,LC17,LC17,2
1722307233,1849179266,LC17(lVLPT7)_R,LC17,LC17,LC17,4
1722307233,1849502810,LC17(lVLPT7)_R,NA,LC17,NA,2
1722307233,1849520324,LC17(lVLPT7)_R,LC17,LC17,LC17,3
1722307233,1879226079,LC17(lVLPT7)_R,NA,LC17,NA,4
1722307233,1879877415,LC17(lVLPT7)_R,LC17(lVLPT4)_R,LC17,LC17,4
1722307233,1881215402,LC17(lVLPT7)_R,NA,LC17,NA,2
1722307233,1911266206,LC17(lVLPT7)_R,NA,LC17,NA,2
1722307233,1911585571,LC17(lVLPT7)_R,NA,LC17,NA,2
1722307233,1912600163,LC17(lVLPT7)_R,LC17,LC17,LC17,2
1722307233,1939904964,LC17(lVLPT7)_R,LC17,LC17,LC17,4
1722307233,1974682390,LC17(lVLPT7)_R,LC17(lVLPT7)_R,LC17,LC17,3
1722307233,2034373931,LC17(lVLPT7)_R,NA,LC17,NA,3
1722307233,2034714782,LC17(lVLPT7)_R,NA,LC17,NA,2
1722307233,2036087361,LC17(lVLPT7)_R,NA,LC17,NA,3
1722307233,2036424107,LC17(lVLPT7)_R,NA,LC17,NA,2
1722307233,2096793499,LC17(lVLPT7)_R,NA,LC17,NA,3
1722307233,2097807993,LC17(lVLPT7)_R,NA,LC17,NA,2
1722307233,2097820528,LC17(lVLPT7)_R,NA,LC17,NA,3
1722307233,2098157305,LC17(lVLPT7)_R,NA,LC17,NA,2
1722307233,2098831134,LC17(lVLPT7)_R,NA,LC17,NA,2
1722307233,2245501457,LC17(lVLPT7)_R,LC17,LC17,LC17,2
1722307233,5812991769,LC17(lVLPT7)_R,LC17,LC17,LC17,2
1722307233,5812992468,LC17(lVLPT7)_R,LC17,LC17,LC17,2
1722307233,5812998833,LC17(lVLPT7)_R,LC17,LC17,LC17,3
1722307233,5813017315,LC17(lVLPT7)_R,AVLP479_R,LC17,AVLP479,14
1722307233,5813039148,LC17(lVLPT7)_R,PVLP011_R,LC17,PVLP011,66
1722307233,5813057178,LC17(lVLPT7)_R,PVLP136_R,LC17,PVLP136,2
1722307233,5813057579,LC17(lVLPT7)_R,AVLP538_R,LC17,AVLP538,14
1722307233,5813068239,LC17(lVLPT7)_R,LC17,LC17,LC17,4
1722307233,5813077633,LC17(lVLPT7)_R,AVLP479_R,LC17,AVLP479,7
1722307233,5813080260,LC17(lVLPT7)_R,AVLP153_R,LC17,AVLP153,4
1747181914,447228814,LC17,PVLP106_R,LC17,PVLP106,36
1747181914,1068885266,LC17,PVLP151(SCB004)_R,LC17,PVLP151,6
1747181914,1070950293,LC17,PVLP151(SCB004)_R,LC17,PVLP151,3
1747181914,1158877783,LC17,LC17,LC17,LC17,3
1747181914,1190250299,LC17,LC17,LC17,LC17,2
1747181914,1313702895,LC17,LC17,LC17,LC17,2
1747181914,1321305370,LC17,PVLP061_R,LC17,PVLP061,76
1747181914,1347812305,LC17,LC17(lVLPT7)_R,LC17,LC17,3
1747181914,1354394414,LC17,PVLP120_R,LC17,PVLP120,2
1747181914,1374063129,LC17,PVLP132_R,LC17,PVLP132,16
1747181914,1375769049,LC17,LC17,LC17,LC17,2
1747181914,1381997776,LC17,PVLP071_R,LC17,PVLP071,11
1747181914,1382308349,LC17,PVLP071_R,LC17,PVLP071,14
1747181914,1420172582,LC17,NA,LC17,NA,3
1747181914,1435791739,LC17,PVLP132_R,LC17,PVLP132,14
1747181914,1437165487,LC17,LC17,LC17,LC17,2
1747181914,1449486007,LC17,AVLP537_R,LC17,AVLP537,9
1747181914,1471607030,LC17,LC17,LC17,LC17,3
1747181914,1471610338,LC17,LC17,LC17,LC17,3
1747181914,1472965897,LC17,LC17,LC17,LC17,3
1747181914,1473332777,LC17,LC17(lVLPT7)_R,LC17,LC17,2
1747181914,1479147574,LC17,PVLP072_R,LC17,PVLP072,6
1747181914,1479492693,LC17,PVLP072_R,LC17,PVLP072,3
1747181914,1508123633,LC17,PVLP018_R,LC17,PVLP018,2
1747181914,1535082316,LC17,PVLP135_R,LC17,PVLP135,15
1747181914,1535086505,LC17,PVLP135_R,LC17,PVLP135,29
1747181914,1539496112,LC17,PVLP073_R,LC17,PVLP073,2
1747181914,1565729476,LC17,LC17,LC17,LC17,3
1747181914,1603645798,LC17,PVLP072_R,LC17,PVLP072,4
1747181914,1603957106,LC17,AVLP409_R,LC17,AVLP409,4
1747181914,1630342162,LC17,PVLP036_R,LC17,PVLP036,7
1747181914,1654413566,LC17,LC17,LC17,LC17,2
1747181914,1658881325,LC17,LC17,LC17,LC17,3
1747181914,1659515529,LC17,LC17,LC17,LC17,3
1747181914,1687831632,LC17,LC17,LC17,LC17,2
1747181914,1689187126,LC17,LC17,LC17,LC17,2
1747181914,1690694192,LC17,PVLP036_R,LC17,PVLP036,9
1747181914,1690698128,LC17,PVLP036_R,LC17,PVLP036,6
1747181914,1695693354,LC17,PVLP072_R,LC17,PVLP072,5
1747181914,1720105182,LC17,NA,LC17,NA,3
1747181914,1724345210,LC17,NA,LC17,NA,2
1747181914,1751666374,LC17,LC17,LC17,LC17,3
1747181914,1752672460,LC17,LC17,LC17,LC17,2
1747181914,1753670596,LC17,LC17(lVLPT4)_R,LC17,LC17,2
1747181914,1779567374,LC17,LC17,LC17,LC17,2
1747181914,1812363713,LC17,LC17,LC17,LC17,5
1747181914,1813028777,LC17,LC17,LC17,LC17,2
1747181914,1813382259,LC17,LC17(lVLPT7)_R,LC17,LC17,2
1747181914,1817107934,LC17,LC17,LC17,LC17,4
1747181914,1817112807,LC17,LC17(lVLPT4)_R,LC17,LC17,2
1747181914,1817453065,LC17,LC17,LC17,LC17,2
1747181914,1817457808,LC17,LC17,LC17,LC17,3
1747181914,1817458052,LC17,LC17,LC17,LC17,4
1747181914,1817785661,LC17,LC17,LC17,LC17,2
1747181914,1817786077,LC17,LC17,LC17,LC17,3
1747181914,1817790176,LC17,LC17,LC17,LC17,2
1747181914,1817790222,LC17,LC17,LC17,LC17,3
1747181914,1817790409,LC17,LC17(lVLPT7)_R,LC17,LC17,3
1747181914,1817794820,LC17,LC17(lVLPT7)_R,LC17,LC17,2
1747181914,1818473569,LC17,LC17,LC17,LC17,2
1747181914,1844421716,LC17,LC17,LC17,LC17,3
1747181914,1848138779,LC17,LC17,LC17,LC17,3
1747181914,1848147363,LC17,NA,LC17,NA,2
1747181914,1848483949,LC17,LC17(lVLPT4)_R,LC17,LC17,2
1747181914,1848488366,LC17,NA,LC17,NA,2
1747181914,1848492714,LC17,LC17,LC17,LC17,3
1747181914,1848496662,LC17,LC17,LC17,LC17,2
1747181914,1848820426,LC17,LC17(lVLPT7)_R,LC17,LC17,2
1747181914,1849166071,LC17,LC17,LC17,LC17,2
1747181914,1849174879,LC17,LC17(lVLPT7)_R,LC17,LC17,2
1747181914,1849503142,LC17,LC17,LC17,LC17,2
1747181914,1878845629,LC17,LC17,LC17,LC17,3
1747181914,1880204941,LC17,NA,LC17,NA,2
1747181914,1880209425,LC17,LC17(lVLPT7)_R,LC17,LC17,2
1747181914,1881224284,LC17,NA,LC17,NA,2
1747181914,1908865507,LC17,LC17,LC17,LC17,4
1747181914,1910920228,LC17,NA,LC17,NA,2
1747181914,1912600163,LC17,LC17,LC17,LC17,2
1747181914,1937193993,LC17,LC17,LC17,LC17,2
1747181914,1939904964,LC17,LC17,LC17,LC17,4
1747181914,1974686827,LC17,NA,LC17,NA,2
1747181914,2029624973,LC17,LC17,LC17,LC17,2
1747181914,5812988086,LC17,LC17,LC17,LC17,2
1747181914,5812992219,LC17,LC17,LC17,LC17,3
1747181914,5812992468,LC17,LC17,LC17,LC17,3
1747181914,5812998833,LC17,LC17,LC17,LC17,3
1747181914,5813017315,LC17,AVLP479_R,LC17,AVLP479,5
1747181914,5813034336,LC17,LC17(lVLPT4)_R,LC17,LC17,2
1747181914,5813038918,LC17,LC17,LC17,LC17,3
1747181914,5813039148,LC17,PVLP011_R,LC17,PVLP011,45
1747181914,5813057579,LC17,AVLP538_R,LC17,AVLP538,17
1747181914,5813077633,LC17,AVLP479_R,LC17,AVLP479,5
1747181914,5813080260,LC17,AVLP153_R,LC17,AVLP153,4
1747518018,447228814,LC17,PVLP106_R,LC17,PVLP106,28
1747518018,1068885266,LC17,PVLP151(SCB004)_R,LC17,PVLP151,10
1747518018,1158877783,LC17,LC17,LC17,LC17,4
1747518018,1321305370,LC17,PVLP061_R,LC17,PVLP061,61
1747518018,1354394414,LC17,PVLP120_R,LC17,PVLP120,7
1747518018,1374063129,LC17,PVLP132_R,LC17,PVLP132,14
1747518018,1375769049,LC17,LC17,LC17,LC17,4
1747518018,1381997776,LC17,PVLP071_R,LC17,PVLP071,7
1747518018,1382308349,LC17,PVLP071_R,LC17,PVLP071,7
1747518018,1435791739,LC17,PVLP132_R,LC17,PVLP132,7
1747518018,1449486007,LC17,AVLP537_R,LC17,AVLP537,13
1747518018,1472965897,LC17,LC17,LC17,LC17,2
1747518018,1473648518,LC17,LC17,LC17,LC17,2
1747518018,1474424990,LC17,PVLP073_R,LC17,PVLP073,2
1747518018,1477148598,LC17,PVLP075_R,LC17,PVLP075,3
1747518018,1479147574,LC17,PVLP072_R,LC17,PVLP072,12
1747518018,1508123633,LC17,PVLP018_R,LC17,PVLP018,6
1747518018,1535082316,LC17,PVLP135_R,LC17,PVLP135,16
1747518018,1535086505,LC17,PVLP135_R,LC17,PVLP135,22
1747518018,1561301125,LC17,LC17,LC17,LC17,2
1747518018,1593012939,LC17,LC17,LC17,LC17,2
1747518018,1600204580,LC17,PVLP038_R,LC17,PVLP038,2
1747518018,1601227987,LC17,AVLP552_R,LC17,AVLP552,4
1747518018,1603645798,LC17,PVLP072_R,LC17,PVLP072,6
1747518018,1625800608,LC17,LC17,LC17,LC17,5
1747518018,1628528573,LC17,LC17,LC17,LC17,2
1747518018,1630342162,LC17,PVLP036_R,LC17,PVLP036,8
1747518018,1655474822,LC17,LC17,LC17,LC17,2
1747518018,1656153289,LC17,LC17,LC17,LC17,4
1747518018,1658881325,LC17,LC17,LC17,LC17,2
1747518018,1663639752,LC17,NA,LC17,NA,4
1747518018,1687831632,LC17,LC17,LC17,LC17,3
1747518018,1689200671,LC17,LC17,LC17,LC17,2
1747518018,1690694192,LC17,PVLP036_R,LC17,PVLP036,7
1747518018,1690698128,LC17,PVLP036_R,LC17,PVLP036,3
1747518018,1748187330,LC17,LC17,LC17,LC17,3
1747518018,1753359129,LC17,LC12,LC17,LC12,2
1747518018,1779567374,LC17,LC17,LC17,LC17,2
1747518018,1781324410,LC17,LC17,LC17,LC17,2
1747518018,1782318275,LC17,LC17,LC17,LC17,3
1747518018,1783690466,LC17,LC17,LC17,LC17,2
1747518018,1808241116,LC17,LC17,LC17,LC17,2
1747518018,1813382259,LC17,LC17(lVLPT7)_R,LC17,LC17,2
1747518018,1817444555,LC17,LC17,LC17,LC17,3
1747518018,1817444670,LC17,LC17(lVLPT7)_R,LC17,LC17,2
1747518018,1817453257,LC17,LC17,LC17,LC17,2
1747518018,1817457808,LC17,LC17,LC17,LC17,6
1747518018,1817457984,LC17,LC17,LC17,LC17,2
1747518018,1817458052,LC17,LC17,LC17,LC17,2
1747518018,1817786077,LC17,LC17,LC17,LC17,2
1747518018,1818122205,LC17,LC17,LC17,LC17,2
1747518018,1847806275,LC17,LC17,LC17,LC17,2
1747518018,1848151571,LC17,LC17(lVLPT7)_R,LC17,LC17,2
1747518018,1849179266,LC17,LC17,LC17,LC17,3
1747518018,1879877415,LC17,LC17(lVLPT4)_R,LC17,LC17,2
1747518018,1880209425,LC17,LC17(lVLPT7)_R,LC17,LC17,3
1747518018,1939904964,LC17,LC17,LC17,LC17,3
1747518018,1941929786,LC17,NA,LC17,NA,2
1747518018,1973991807,LC17,NA,LC17,NA,2
1747518018,2034373931,LC17,NA,LC17,NA,2
1747518018,2065762604,LC17,NA,LC17,NA,2
1747518018,5812992219,LC17,LC17,LC17,LC17,3
1747518018,5813017315,LC17,AVLP479_R,LC17,AVLP479,8
1747518018,5813034336,LC17,LC17(lVLPT4)_R,LC17,LC17,2
1747518018,5813038918,LC17,LC17,LC17,LC17,4
1747518018,5813039148,LC17,PVLP011_R,LC17,PVLP011,41
1747518018,5813057178,LC17,PVLP136_R,LC17,PVLP136,2
1747518018,5813057579,LC17,AVLP538_R,LC17,AVLP538,18
1747518018,5813068559,LC17,AVLP396_R,LC17,AVLP396,2
1747518018,5813077633,LC17,AVLP479_R,LC17,AVLP479,5
1747518018,5813080260,LC17,AVLP153_R,LC17,AVLP153,2
1748187330,447228814,LC17,PVLP106_R,LC17,PVLP106,35
1748187330,1068885266,LC17,PVLP151(SCB004)_R,LC17,PVLP151,5
1748187330,1221280490,LC17,LC17(lVLPT7)_R,LC17,LC17,4
1748187330,1221285175,LC17,LC17,LC17,LC17,4
1748187330,1321305370,LC17,PVLP061_R,LC17,PVLP061,56
1748187330,1348153557,LC17,LC17,LC17,LC17,2
1748187330,1354394414,LC17,PVLP120_R,LC17,PVLP120,9
1748187330,1374063129,LC17,PVLP132_R,LC17,PVLP132,9
1748187330,1381997776,LC17,PVLP071_R,LC17,PVLP071,6
1748187330,1382308349,LC17,PVLP071_R,LC17,PVLP071,4
1748187330,1435791739,LC17,PVLP132_R,LC17,PVLP132,8
1748187330,1449486007,LC17,AVLP537_R,LC17,AVLP537,5
1748187330,1472965897,LC17,LC17,LC17,LC17,2
1748187330,1473332777,LC17,LC17(lVLPT7)_R,LC17,LC17,3
1748187330,1473648518,LC17,LC17,LC17,LC17,2
1748187330,1479147574,LC17,PVLP072_R,LC17,PVLP072,6
1748187330,1479492693,LC17,PVLP072_R,LC17,PVLP072,10
1748187330,1508123633,LC17,PVLP018_R,LC17,PVLP018,2
1748187330,1530606252,LC17,LC17(lVLPT7)_R,LC17,LC17,3
1748187330,1535082316,LC17,PVLP135_R,LC17,PVLP135,16
1748187330,1535086505,LC17,PVLP135_R,LC17,PVLP135,14
1748187330,1561301125,LC17,LC17,LC17,LC17,2
1748187330,1565729476,LC17,LC17,LC17,LC17,2
1748187330,1621008677,LC17,LC17,LC17,LC17,4
1748187330,1625800608,LC17,LC17,LC17,LC17,2
1748187330,1628528573,LC17,LC17,LC17,LC17,2
1748187330,1630342162,LC17,PVLP036_R,LC17,PVLP036,11
1748187330,1654413566,LC17,LC17,LC17,LC17,2
1748187330,1655474822,LC17,LC17,LC17,LC17,3
1748187330,1658881325,LC17,LC17,LC17,LC17,2
1748187330,1689187126,LC17,LC17,LC17,LC17,3
1748187330,1689200671,LC17,LC17,LC17,LC17,2
1748187330,1690694192,LC17,PVLP036_R,LC17,PVLP036,6
1748187330,1690698128,LC17,PVLP036_R,LC17,PVLP036,3
1748187330,1714791446,LC17,LC17,LC17,LC17,2
1748187330,1722307233,LC17,LC17(lVLPT7)_R,LC17,LC17,2
1748187330,1747518018,LC17,LC17,LC17,LC17,4
1748187330,1751262627,LC17,LC17,LC17,LC17,2
1748187330,1783361972,LC17,LC17,LC17,LC17,2
1748187330,1783690466,LC17,LC17,LC17,LC17,6
1748187330,1813028777,LC17,LC17,LC17,LC17,4
1748187330,1814055949,LC17,LC17,LC17,LC17,2
1748187330,1817448659,LC17,LC17,LC17,LC17,2
1748187330,1817448971,LC17,LC17,LC17,LC17,4
1748187330,1817449059,LC17,LC17,LC17,LC17,2
1748187330,1817453257,LC17,LC17,LC17,LC17,2
1748187330,1817785682,LC17,LC17,LC17,LC17,4
1748187330,1817790281,LC17,LC17(lVLPT4)_R,LC17,LC17,2
1748187330,1844421716,LC17,LC17,LC17,LC17,6
1748187330,1848492714,LC17,LC17,LC17,LC17,2
1748187330,1848506100,LC17,NA,LC17,NA,2
1748187330,1849174879,LC17,LC17(lVLPT7)_R,LC17,LC17,2
1748187330,1849503142,LC17,LC17,LC17,LC17,2
1748187330,1849507321,LC17,LC17,LC17,LC17,2
1748187330,1849520324,LC17,LC17,LC17,LC17,2
1748187330,1908865507,LC17,LC17,LC17,LC17,2
1748187330,2036407237,LC17,NA,LC17,NA,2
1748187330,2128519134,LC17,NA,LC17,NA,2
1748187330,5813017315,LC17,AVLP479_R,LC17,AVLP479,3
1748187330,5813034336,LC17,LC17(lVLPT4)_R,LC17,LC17,2
1748187330,5813038918,LC17,LC17,LC17,LC17,2
1748187330,5813039148,LC17,PVLP011_R,LC17,PVLP011,31
1748187330,5813057579,LC17,AVLP538_R,LC17,AVLP538,7
1748187330,5813068239,LC17,LC17,LC17,LC17,2
1748187330,5813076492,LC17,LC17,LC17,LC17,3
1748187330,5813077633,LC17,AVLP479_R,LC17,AVLP479,9
1750251452,447228814,LC17,PVLP106_R,LC17,PVLP106,29
1750251452,1068885266,LC17,PVLP151(SCB004)_R,LC17,PVLP151,4
1750251452,1070950293,LC17,PVLP151(SCB004)_R,LC17,PVLP151,6
1750251452,1190250299,LC17,LC17,LC17,LC17,2
1750251452,1221280490,LC17,LC17(lVLPT7)_R,LC17,LC17,2
1750251452,1221285175,LC17,LC17,LC17,LC17,2
1750251452,1250277991,LC17,LC17,LC17,LC17,4
1750251452,1313702895,LC17,LC17,LC17,LC17,5
1750251452,1321305370,LC17,PVLP061_R,LC17,PVLP061,67
1750251452,1347126097,LC17,LC17,LC17,LC17,2
1750251452,1354394414,LC17,PVLP120_R,LC17,PVLP120,15
1750251452,1374063129,LC17,PVLP132_R,LC17,PVLP132,11
1750251452,1381997776,LC17,PVLP071_R,LC17,PVLP071,6
1750251452,1382308349,LC17,PVLP071_R,LC17,PVLP071,4
1750251452,1405788552,LC17,LC17,LC17,LC17,2
1750251452,1435791739,LC17,PVLP132_R,LC17,PVLP132,12
1750251452,1435822283,LC17,LC17,LC17,LC17,2
1750251452,1449486007,LC17,AVLP537_R,LC17,AVLP537,12
1750251452,1467859487,LC17,LC17,LC17,LC17,4
1750251452,1471607030,LC17,LC17,LC17,LC17,2
1750251452,1473332777,LC17,LC17(lVLPT7)_R,LC17,LC17,2
1750251452,1474424990,LC17,PVLP073_R,LC17,PVLP073,2
1750251452,1479147574,LC17,PVLP072_R,LC17,PVLP072,27
1750251452,1479492693,LC17,PVLP072_R,LC17,PVLP072,3
1750251452,1497200791,LC17,LC17,LC17,LC17,2
1750251452,1504428248,LC17,PVLP075_R,LC17,PVLP075,3
1750251452,1508123633,LC17,PVLP018_R,LC17,PVLP018,4
1750251452,1535082316,LC17,PVLP135_R,LC17,PVLP135,10
1750251452,1535086505,LC17,PVLP135_R,LC17,PVLP135,16
1750251452,1539496112,LC17,PVLP073_R,LC17,PVLP073,4
1750251452,1603645798,LC17,PVLP072_R,LC17,PVLP072,6
1750251452,1621008677,LC17,LC17,LC17,LC17,3
1750251452,1625800608,LC17,LC17,LC17,LC17,2
1750251452,1630342162,LC17,PVLP036_R,LC17,PVLP036,7
1750251452,1659515529,LC17,LC17,LC17,LC17,3
1750251452,1663639752,LC17,NA,LC17,NA,2
1750251452,1687831632,LC17,LC17,LC17,LC17,3
1750251452,1689915765,LC17,LC17,LC17,LC17,4
1750251452,1690694192,LC17,PVLP036_R,LC17,PVLP036,8
1750251452,1690698128,LC17,PVLP036_R,LC17,PVLP036,3
1750251452,1695693354,LC17,PVLP072_R,LC17,PVLP072,3
1750251452,1752962124,LC17,LC17,LC17,LC17,3
1750251452,1782318275,LC17,LC17,LC17,LC17,4
1750251452,1783690466,LC17,LC17,LC17,LC17,3
1750251452,1812696567,LC17,LC17,LC17,LC17,2
1750251452,1813028777,LC17,LC17,LC17,LC17,2
1750251452,1814729223,LC17,LC17(lVLPT7)_R,LC17,LC17,2
1750251452,1817448921,LC17,LC17,LC17,LC17,2
1750251452,1817448971,LC17,LC17,LC17,LC17,2
1750251452,1817449059,LC17,LC17,LC17,LC17,3
1750251452,1817449229,LC17,LC17,LC17,LC17,3
1750251452,1817449236,LC17,LC17,LC17,LC17,2
1750251452,1817449375,LC17,LC17,LC17,LC17,3
1750251452,1817457808,LC17,LC17,LC17,LC17,2
1750251452,1817790409,LC17,LC17(lVLPT7)_R,LC17,LC17,2
1750251452,1818122205,LC17,LC17,LC17,LC17,2
1750251452,1818131769,LC17,NA,LC17,NA,2
1750251452,1818136404,LC17,LC17,LC17,LC17,2
1750251452,1845772658,LC17,LC17(lVLPT7)_R,LC17,LC17,3
1750251452,1848138779,LC17,LC17,LC17,LC17,3
1750251452,1848151618,LC17,NA,LC17,NA,2
1750251452,1848151877,LC17,LC17,LC17,LC17,2
1750251452,1848156241,LC17,LC17,LC17,LC17,3
1750251452,1848506334,LC17,NA,LC17,NA,2
1750251452,1849161220,LC17,LC17,LC17,LC17,2
1750251452,1849174879,LC17,LC17(lVLPT7)_R,LC17,LC17,2
1750251452,1849178917,LC17,LC17,LC17,LC17,2
1750251452,1849503142,LC17,LC17,LC17,LC17,5
1750251452,1849520324,LC17,LC17,LC17,LC17,2
1750251452,1875460978,LC17,LC17,LC17,LC17,2
1750251452,1879226079,LC17,NA,LC17,NA,2
1750251452,1879877415,LC17,LC17(lVLPT4)_R,LC17,LC17,3
1750251452,1911248454,LC17,NA,LC17,NA,2
1750251452,1911253103,LC17,NA,LC17,NA,2
1750251452,1911930750,LC17,NA,LC17,NA,2
1750251452,1912603791,LC17,NA,LC17,NA,2
1750251452,1939904964,LC17,LC17,LC17,LC17,2
1750251452,1941960033,LC17,NA,LC17,NA,2
1750251452,1973322557,LC17,NA,LC17,NA,2
1750251452,5812992468,LC17,LC17,LC17,LC17,2
1750251452,5812993994,LC17,LC17,LC17,LC17,2
1750251452,5813017315,LC17,AVLP479_R,LC17,AVLP479,5
1750251452,5813034336,LC17,LC17(lVLPT4)_R,LC17,LC17,2
1750251452,5813038918,LC17,LC17,LC17,LC17,2
1750251452,5813039148,LC17,PVLP011_R,LC17,PVLP011,50
1750251452,5813054384,LC17,PPM1203_R,LC17,PPM1203,3
1750251452,5813057178,LC17,PVLP136_R,LC17,PVLP136,2
1750251452,5813057579,LC17,AVLP538_R,LC17,AVLP538,19
1750251452,5813077633,LC17,AVLP479_R,LC17,AVLP479,22
1750251452,5813080260,LC17,AVLP153_R,LC17,AVLP153,5
1750622215,1014344148,LC17,AVLP151_R,LC17,AVLP151,5
1750622215,1189606166,LC17,PVLP097_b_R,LC17,PVLP097_b,22
1750622215,1189606310,LC17,PVLP097_a_R,LC17,PVLP097_a,4
1750622215,1344469589,LC17,PVLP097_b_R,LC17,PVLP097_b,16
1750622215,1354394414,LC17,PVLP120_R,LC17,PVLP120,4
1750622215,1375504361,LC17,PVLP097_b_R,LC17,PVLP097_b,6
1750622215,1377814057,LC17,LC12(lVLPT7)_R,LC17,LC12,2
1750622215,1414366899,LC17,PVLP093(PDL09)_L,LC17,PVLP093,2
1750622215,1420172582,LC17,NA,LC17,NA,3
1750622215,1435791739,LC17,PVLP132_R,LC17,PVLP132,5
1750622215,1449486007,LC17,AVLP537_R,LC17,AVLP537,3
1750622215,1480525262,LC17,AVLP536_R,LC17,AVLP536,4
1750622215,1503733177,LC17,PVLP094_R,LC17,PVLP094,8
1750622215,1504437450,LC17,PVLP013_R,LC17,PVLP013,27
1750622215,1531975908,LC17,LC12(lVLPT7)_R,LC17,LC12,3
1750622215,1539193374,LC17,AVLP152_R,LC17,AVLP152,4
1750622215,1573612290,LC17,PVLP085_R,LC17,PVLP085,10
1750622215,1603260613,LC17,PVLP079_R,LC17,PVLP079,7
1750622215,1620667669,LC17,LC12,LC17,LC12,2
1750622215,1630342162,LC17,PVLP036_R,LC17,PVLP036,5
1750622215,1660690370,LC17,PVLP037_R,LC17,PVLP037,14
1750622215,1661273656,LC17,PVLP085_R,LC17,PVLP085,6
1750622215,1663639752,LC17,NA,LC17,NA,2
1750622215,1663652072,LC17,PVLP025_R,LC17,PVLP025,21
1750622215,1690598004,LC17,LC12(lVLPT7)_R,LC17,LC12,2
1750622215,1690706380,LC17,PVLP037_R,LC17,PVLP037,10
1750622215,1691034393,LC17,NA,LC17,NA,3
1750622215,1691630995,LC17,PVLP078_R,LC17,PVLP078,5
1750622215,1691972267,LC17,PVLP025_R,LC17,PVLP025,22
1750622215,1692299350,LC17,PVLP077_R,LC17,PVLP077,2
1750622215,1721395841,LC17,PVLP037_R,LC17,PVLP037,10
1750622215,1723010562,LC17,PVLP085_R,LC17,PVLP085,5
1750622215,1753358619,LC17,LC12,LC17,LC12,3
1750622215,1753359276,LC17,LC12,LC17,LC12,2
1750622215,1753414458,LC17,NA,LC17,NA,2
1750622215,1753690864,LC17,LC12(lVLPT7)_R,LC17,LC12,3
1750622215,1753695866,LC17,LC12(lVLPT7)_R,LC17,LC12,3
1750622215,1753695941,LC17,LC12(lVLPT7)_R,LC17,LC12,2
1750622215,1753696105,LC17,LC12,LC17,LC12,2
1750622215,1754042300,LC17,LC12,LC17,LC12,2
1750622215,1783029895,LC17,LC12,LC17,LC12,4
1750622215,1784398229,LC17,LC12,LC17,LC12,2
1750622215,1785753951,LC17,LC12(lVLPT7)_R,LC17,LC12,4
1750622215,1816456312,LC17,LC12(lVLPT7)_R,LC17,LC12,2
1750622215,1816788474,LC17,LC12,LC17,LC12,2
1750622215,1846480875,LC17,NA,LC17,NA,2
1750622215,1879226079,LC17,NA,LC17,NA,2
1750622215,5812985952,LC17,PVLP097_a_R,LC17,PVLP097_a,18
1750622215,5812990958,LC17,PVLP097_b_R,LC17,PVLP097_b,9
1750622215,5812993355,LC17,NA,LC17,NA,3
1750622215,5812997387,LC17,LC12,LC17,LC12,2
1751262627,447228814,LC17,PVLP106_R,LC17,PVLP106,36
1751262627,1068885266,LC17,PVLP151(SCB004)_R,LC17,PVLP151,3
1751262627,1158877703,LC17,LC17(lVLPT4)_R,LC17,LC17,2
1751262627,1190250299,LC17,LC17,LC17,LC17,2
1751262627,1221280490,LC17,LC17(lVLPT7)_R,LC17,LC17,2
1751262627,1321305370,LC17,PVLP061_R,LC17,PVLP061,80
1751262627,1345079276,LC17,LC17,LC17,LC17,2
1751262627,1354394414,LC17,PVLP120_R,LC17,PVLP120,11
1751262627,1374063129,LC17,PVLP132_R,LC17,PVLP132,15
1751262627,1381997776,LC17,PVLP071_R,LC17,PVLP071,7
1751262627,1382308349,LC17,PVLP071_R,LC17,PVLP071,9
1751262627,1420172582,LC17,NA,LC17,NA,2
1751262627,1435791739,LC17,PVLP132_R,LC17,PVLP132,11
1751262627,1449486007,LC17,AVLP537_R,LC17,AVLP537,14
1751262627,1477148598,LC17,PVLP075_R,LC17,PVLP075,2
1751262627,1479147574,LC17,PVLP072_R,LC17,PVLP072,6
1751262627,1479492693,LC17,PVLP072_R,LC17,PVLP072,5
1751262627,1535082316,LC17,PVLP135_R,LC17,PVLP135,10
1751262627,1535086505,LC17,PVLP135_R,LC17,PVLP135,17
1751262627,1539496112,LC17,PVLP073_R,LC17,PVLP073,2
1751262627,1601227987,LC17,AVLP552_R,LC17,AVLP552,2
1751262627,1603645798,LC17,PVLP072_R,LC17,PVLP072,9
1751262627,1621008677,LC17,LC17,LC17,LC17,3
1751262627,1625800608,LC17,LC17,LC17,LC17,2
1751262627,1663639752,LC17,NA,LC17,NA,2
1751262627,1684443103,LC17,LC17,LC17,LC17,2
1751262627,1689187126,LC17,LC17,LC17,LC17,4
1751262627,1690694192,LC17,PVLP036_R,LC17,PVLP036,6
1751262627,1695693354,LC17,PVLP072_R,LC17,PVLP072,5
1751262627,1720105182,LC17,NA,LC17,NA,4
1751262627,1722307233,LC17,LC17(lVLPT7)_R,LC17,LC17,2
1751262627,1752672460,LC17,LC17,LC17,LC17,2
1751262627,1753670596,LC17,LC17(lVLPT4)_R,LC17,LC17,2
1751262627,1754019541,LC17,LC17,LC17,LC17,4
1751262627,1781324410,LC17,LC17,LC17,LC17,2
1751262627,1781333405,LC17,LC17,LC17,LC17,2
1751262627,1782318275,LC17,LC17,LC17,LC17,2
1751262627,1782680353,LC17,LC17,LC17,LC17,2
1751262627,1783690466,LC17,LC17,LC17,LC17,2
1751262627,1812696567,LC17,LC17,LC17,LC17,2
1751262627,1814055949,LC17,LC17,LC17,LC17,2
1751262627,1817108009,LC17,LC17,LC17,LC17,2
1751262627,1817448921,LC17,LC17,LC17,LC17,2
1751262627,1817448971,LC17,LC17,LC17,LC17,2
1751262627,1817449375,LC17,LC17,LC17,LC17,7
1751262627,1817453557,LC17,LC17(lVLPT4)_R,LC17,LC17,3
1751262627,1817785682,LC17,LC17,LC17,LC17,3
1751262627,1817786077,LC17,LC17,LC17,LC17,3
1751262627,1817790281,LC17,LC17(lVLPT4)_R,LC17,LC17,2
1751262627,1817799390,LC17,LC17,LC17,LC17,5
1751262627,1818463564,LC17,NA,LC17,NA,2
1751262627,1818473569,LC17,LC17,LC17,LC17,3
1751262627,1845772658,LC17,LC17(lVLPT7)_R,LC17,LC17,2
1751262627,1848138779,LC17,LC17,LC17,LC17,2
1751262627,1848151571,LC17,LC17(lVLPT7)_R,LC17,LC17,3
1751262627,1848492714,LC17,LC17,LC17,LC17,3
1751262627,1848824817,LC17,LC17,LC17,LC17,3
1751262627,1848837843,LC17,LC17,LC17,LC17,3
1751262627,1849174879,LC17,LC17(lVLPT7)_R,LC17,LC17,3
1751262627,1879226079,LC17,NA,LC17,NA,2
1751262627,1880209425,LC17,LC17(lVLPT7)_R,LC17,LC17,2
1751262627,1939904964,LC17,LC17,LC17,LC17,2
1751262627,1972998866,LC17,NA,LC17,NA,3
1751262627,1973991807,LC17,NA,LC17,NA,2
1751262627,1974682390,LC17,LC17(lVLPT7)_R,LC17,LC17,2
1751262627,5812992219,LC17,LC17,LC17,LC17,3
1751262627,5812992468,LC17,LC17,LC17,LC17,2
1751262627,5812993994,LC17,LC17,LC17,LC17,2
1751262627,5813017315,LC17,AVLP479_R,LC17,AVLP479,7
1751262627,5813034336,LC17,LC17(lVLPT4)_R,LC17,LC17,3
1751262627,5813038320,LC17,LC12,LC17,LC12,2
1751262627,5813038918,LC17,LC17,LC17,LC17,2
1751262627,5813039148,LC17,PVLP011_R,LC17,PVLP011,49
1751262627,5813040277,LC17,PVLP115_R,LC17,PVLP115,2
1751262627,5813054384,LC17,PPM1203_R,LC17,PPM1203,3
1751262627,5813057178,LC17,PVLP136_R,LC17,PVLP136,2
1751262627,5813057579,LC17,AVLP538_R,LC17,AVLP538,12
1751262627,5813077633,LC17,AVLP479_R,LC17,AVLP479,7
1751262627,5813080260,LC17,AVLP153_R,LC17,AVLP153,5
1751666374,447228814,LC17,PVLP106_R,LC17,PVLP106,35
1751666374,912601209,LC17,PLP244(SCB010)_L,LC17,PLP244,3
1751666374,1068885266,LC17,PVLP151(SCB004)_R,LC17,PVLP151,6
1751666374,1321305370,LC17,PVLP061_R,LC17,PVLP061,80
1751666374,1345079276,LC17,LC17,LC17,LC17,2
1751666374,1354394414,LC17,PVLP120_R,LC17,PVLP120,18
1751666374,1374063129,LC17,PVLP132_R,LC17,PVLP132,13
1751666374,1375769049,LC17,LC17,LC17,LC17,7
1751666374,1381997776,LC17,PVLP071_R,LC17,PVLP071,2
1751666374,1382308349,LC17,PVLP071_R,LC17,PVLP071,6
1751666374,1435791739,LC17,PVLP132_R,LC17,PVLP132,6
1751666374,1435822283,LC17,LC17,LC17,LC17,2
1751666374,1449486007,LC17,AVLP537_R,LC17,AVLP537,16
1751666374,1466844031,LC17,LC17,LC17,LC17,2
1751666374,1471610338,LC17,LC17,LC17,LC17,2
1751666374,1473332777,LC17,LC17(lVLPT7)_R,LC17,LC17,2
1751666374,1479147574,LC17,PVLP072_R,LC17,PVLP072,7
1751666374,1479492693,LC17,PVLP072_R,LC17,PVLP072,11
1751666374,1508123633,LC17,PVLP018_R,LC17,PVLP018,6
1751666374,1528577476,LC17,LC17,LC17,LC17,2
1751666374,1535082316,LC17,PVLP135_R,LC17,PVLP135,7
1751666374,1535086505,LC17,PVLP135_R,LC17,PVLP135,19
1751666374,1539496112,LC17,PVLP073_R,LC17,PVLP073,2
1751666374,1562707421,LC17,LC17(lVLPT7)_R,LC17,LC17,2
1751666374,1563355501,LC17,LC17,LC17,LC17,2
1751666374,1565729476,LC17,LC17,LC17,LC17,5
1751666374,1601227987,LC17,AVLP552_R,LC17,AVLP552,2
1751666374,1603645798,LC17,PVLP072_R,LC17,PVLP072,2
1751666374,1630342162,LC17,PVLP036_R,LC17,PVLP036,6
1751666374,1654413566,LC17,LC17,LC17,LC17,2
1751666374,1658881325,LC17,LC17,LC17,LC17,3
1751666374,1684443103,LC17,LC17,LC17,LC17,2
1751666374,1687831632,LC17,LC17,LC17,LC17,2
1751666374,1690694192,LC17,PVLP036_R,LC17,PVLP036,5
1751666374,1690698128,LC17,PVLP036_R,LC17,PVLP036,2
1751666374,1695693354,LC17,PVLP072_R,LC17,PVLP072,2
1751666374,1719928105,LC17,LC17,LC17,LC17,2
1751666374,1720105182,LC17,NA,LC17,NA,2
1751666374,1722307233,LC17,LC17(lVLPT7)_R,LC17,LC17,2
1751666374,1724345210,LC17,NA,LC17,NA,4
1751666374,1748187330,LC17,LC17,LC17,LC17,2
1751666374,1751262627,LC17,LC17,LC17,LC17,2
1751666374,1753670596,LC17,LC17(lVLPT4)_R,LC17,LC17,3
1751666374,1754019541,LC17,LC17,LC17,LC17,2
1751666374,1776865370,LC17,LC17,LC17,LC17,2
1751666374,1781324410,LC17,LC17,LC17,LC17,2
1751666374,1782680353,LC17,LC17,LC17,LC17,2
1751666374,1807572051,LC17,LC17,LC17,LC17,3
1751666374,1812363713,LC17,LC17,LC17,LC17,4
1751666374,1812696567,LC17,LC17,LC17,LC17,2
1751666374,1813028777,LC17,LC17,LC17,LC17,2
1751666374,1814729223,LC17,LC17(lVLPT7)_R,LC17,LC17,2
1751666374,1817112855,LC17,LC17,LC17,LC17,2
1751666374,1817444315,LC17,LC17(lVLPT7)_R,LC17,LC17,4
1751666374,1817448921,LC17,LC17,LC17,LC17,2
1751666374,1817453065,LC17,LC17,LC17,LC17,2
1751666374,1817458164,LC17,LC17,LC17,LC17,3
1751666374,1818136404,LC17,LC17,LC17,LC17,2
1751666374,1847806275,LC17,LC17,LC17,LC17,3
1751666374,1848143184,LC17,LC17,LC17,LC17,2
1751666374,1848151877,LC17,LC17,LC17,LC17,3
1751666374,1848506334,LC17,NA,LC17,NA,2
1751666374,1848824817,LC17,LC17,LC17,LC17,2
1751666374,1848837843,LC17,LC17,LC17,LC17,2
1751666374,1849161220,LC17,LC17,LC17,LC17,3
1751666374,1849166071,LC17,LC17,LC17,LC17,2
1751666374,1849503142,LC17,LC17,LC17,LC17,2
1751666374,1849507321,LC17,LC17,LC17,LC17,2
1751666374,1875124235,LC17,LC17,LC17,LC17,2
1751666374,1911594119,LC17,NA,LC17,NA,3
1751666374,1942615576,LC17,NA,LC17,NA,2
1751666374,1943634962,LC17,NA,LC17,NA,2
1751666374,1972990709,LC17,NA,LC17,NA,3
1751666374,2003347629,LC17,NA,LC17,NA,2
1751666374,2065754231,LC17,NA,LC17,NA,3
1751666374,2245501457,LC17,LC17,LC17,LC17,2
1751666374,5813017315,LC17,AVLP479_R,LC17,AVLP479,10
1751666374,5813039148,LC17,PVLP011_R,LC17,PVLP011,35
1751666374,5813039410,LC17,LC17,LC17,LC17,3
1751666374,5813057579,LC17,AVLP538_R,LC17,AVLP538,16
1751666374,5813076492,LC17,LC17,LC17,LC17,2
1751666374,5813077633,LC17,AVLP479_R,LC17,AVLP479,6
1752672460,447228814,LC17,PVLP106_R,LC17,PVLP106,30
1752672460,1068885266,LC17,PVLP151(SCB004)_R,LC17,PVLP151,3
1752672460,1321305370,LC17,PVLP061_R,LC17,PVLP061,66
1752672460,1345079276,LC17,LC17,LC17,LC17,2
1752672460,1347126097,LC17,LC17,LC17,LC17,2
1752672460,1354394414,LC17,PVLP120_R,LC17,PVLP120,10
1752672460,1374063129,LC17,PVLP132_R,LC17,PVLP132,12
1752672460,1381997776,LC17,PVLP071_R,LC17,PVLP071,4
1752672460,1382308349,LC17,PVLP071_R,LC17,PVLP071,9
1752672460,1435791739,LC17,PVLP132_R,LC17,PVLP132,7
1752672460,1437165487,LC17,LC17,LC17,LC17,3
1752672460,1449486007,LC17,AVLP537_R,LC17,AVLP537,6
1752672460,1474424990,LC17,PVLP073_R,LC17,PVLP073,2
1752672460,1477148598,LC17,PVLP075_R,LC17,PVLP075,2
1752672460,1479147574,LC17,PVLP072_R,LC17,PVLP072,7
1752672460,1479492693,LC17,PVLP072_R,LC17,PVLP072,4
1752672460,1535082316,LC17,PVLP135_R,LC17,PVLP135,16
1752672460,1535086505,LC17,PVLP135_R,LC17,PVLP135,16
1752672460,1539496112,LC17,PVLP073_R,LC17,PVLP073,2
1752672460,1561301125,LC17,LC17,LC17,LC17,4
1752672460,1589972966,LC17,LC17(lVLPT4)_R,LC17,LC17,2
1752672460,1603645798,LC17,PVLP072_R,LC17,PVLP072,5
1752672460,1629163100,LC17,LC17(lVLPT7)_R,LC17,LC17,3
1752672460,1630342162,LC17,PVLP036_R,LC17,PVLP036,7
1752672460,1656153289,LC17,LC17,LC17,LC17,3
1752672460,1656834653,LC17,LC17,LC17,LC17,2
1752672460,1690694192,LC17,PVLP036_R,LC17,PVLP036,5
1752672460,1690698128,LC17,PVLP036_R,LC17,PVLP036,6
1752672460,1695693354,LC17,PVLP072_R,LC17,PVLP072,4
1752672460,1714791446,LC17,LC17,LC17,LC17,2
1752672460,1722307233,LC17,LC17(lVLPT7)_R,LC17,LC17,2
1752672460,1724345210,LC17,NA,LC17,NA,3
1752672460,1747181914,LC17,LC17,LC17,LC17,2
1752672460,1750251452,LC17,LC17,LC17,LC17,2
1752672460,1752962124,LC17,LC17,LC17,LC17,3
1752672460,1753670596,LC17,LC17(lVLPT4)_R,LC17,LC17,4
1752672460,1754019541,LC17,LC17,LC17,LC17,3
1752672460,1776865370,LC17,LC17,LC17,LC17,3
1752672460,1781333405,LC17,LC17,LC17,LC17,3
1752672460,1812363713,LC17,LC17,LC17,LC17,2
1752672460,1814055949,LC17,LC17,LC17,LC17,3
1752672460,1814729223,LC17,LC17(lVLPT7)_R,LC17,LC17,2
1752672460,1817107934,LC17,LC17,LC17,LC17,2
1752672460,1817112807,LC17,LC17(lVLPT4)_R,LC17,LC17,2
1752672460,1817112855,LC17,LC17,LC17,LC17,3
1752672460,1817444315,LC17,LC17(lVLPT7)_R,LC17,LC17,2
1752672460,1817448971,LC17,LC17,LC17,LC17,5
1752672460,1817449229,LC17,LC17,LC17,LC17,3
1752672460,1817449236,LC17,LC17,LC17,LC17,2
1752672460,1817453257,LC17,LC17,LC17,LC17,2
1752672460,1817457847,LC17,LC17,LC17,LC17,2
1752672460,1817463007,LC17,LC17,LC17,LC17,3
1752672460,1817785661,LC17,LC17,LC17,LC17,2
1752672460,1817790409,LC17,LC17(lVLPT7)_R,LC17,LC17,2
1752672460,1817794820,LC17,LC17(lVLPT7)_R,LC17,LC17,2
1752672460,1818122205,LC17,LC17,LC17,LC17,2
1752672460,1845772658,LC17,LC17(lVLPT7)_R,LC17,LC17,5
1752672460,1847806203,LC17,LC17,LC17,LC17,2
1752672460,1848138779,LC17,LC17,LC17,LC17,2
1752672460,1848143184,LC17,LC17,LC17,LC17,2
1752672460,1848483949,LC17,LC17(lVLPT4)_R,LC17,LC17,3
1752672460,1848820426,LC17,LC17(lVLPT7)_R,LC17,LC17,4
1752672460,1848824817,LC17,LC17,LC17,LC17,2
1752672460,1848828925,LC17,LC17(lVLPT7)_R,LC17,LC17,4
1752672460,1849161407,LC17,LC17,LC17,LC17,2
1752672460,1849174879,LC17,LC17(lVLPT7)_R,LC17,LC17,2
1752672460,1849503142,LC17,LC17,LC17,LC17,6
1752672460,1878845629,LC17,LC17,LC17,LC17,4
1752672460,1879877415,LC17,LC17(lVLPT4)_R,LC17,LC17,5
1752672460,1937193993,LC17,LC17,LC17,LC17,2
1752672460,1939904964,LC17,LC17,LC17,LC17,3
1752672460,1974004779,LC17,NA,LC17,NA,2
1752672460,2096456606,LC17,NA,LC17,NA,2
1752672460,2245501457,LC17,LC17,LC17,LC17,2
1752672460,5812991769,LC17,LC17,LC17,LC17,2
1752672460,5812992219,LC17,LC17,LC17,LC17,2
1752672460,5812992468,LC17,LC17,LC17,LC17,3
1752672460,5812993994,LC17,LC17,LC17,LC17,4
1752672460,5812999009,LC17,LC17(lVLPT4)_R,LC17,LC17,2
1752672460,5813017315,LC17,AVLP479_R,LC17,AVLP479,9
1752672460,5813038679,LC17,LC17,LC17,LC17,4
1752672460,5813039148,LC17,PVLP011_R,LC17,PVLP011,45
1752672460,5813039410,LC17,LC17,LC17,LC17,2
1752672460,5813057178,LC17,PVLP136_R,LC17,PVLP136,3
1752672460,5813057579,LC17,AVLP538_R,LC17,AVLP538,15
1752672460,5813077633,LC17,AVLP479_R,LC17,AVLP479,9
1752672460,5813080260,LC17,AVLP153_R,LC17,AVLP153,4
1752962124,447228814,LC17,PVLP106_R,LC17,PVLP106,31
1752962124,1068885266,LC17,PVLP151(SCB004)_R,LC17,PVLP151,4
1752962124,1070950293,LC17,PVLP151(SCB004)_R,LC17,PVLP151,3
1752962124,1158877703,LC17,LC17(lVLPT4)_R,LC17,LC17,2
1752962124,1250277991,LC17,LC17,LC17,LC17,2
1752962124,1321305370,LC17,PVLP061_R,LC17,PVLP061,63
1752962124,1354394414,LC17,PVLP120_R,LC17,PVLP120,10
1752962124,1374063129,LC17,PVLP132_R,LC17,PVLP132,14
1752962124,1381997776,LC17,PVLP071_R,LC17,PVLP071,6
1752962124,1382308349,LC17,PVLP071_R,LC17,PVLP071,9
1752962124,1435791739,LC17,PVLP132_R,LC17,PVLP132,7
1752962124,1437165487,LC17,LC17,LC17,LC17,2
1752962124,1449486007,LC17,AVLP537_R,LC17,AVLP537,10
1752962124,1467859487,LC17,LC17,LC17,LC17,2
1752962124,1471607030,LC17,LC17,LC17,LC17,4
1752962124,1479147574,LC17,PVLP072_R,LC17,PVLP072,16
1752962124,1479492693,LC17,PVLP072_R,LC17,PVLP072,2
1752962124,1508123633,LC17,PVLP018_R,LC17,PVLP018,3
1752962124,1528577476,LC17,LC17,LC17,LC17,3
1752962124,1535082316,LC17,PVLP135_R,LC17,PVLP135,19
1752962124,1535086505,LC17,PVLP135_R,LC17,PVLP135,16
1752962124,1562707421,LC17,LC17(lVLPT7)_R,LC17,LC17,2
1752962124,1574980522,LC17,AVLP408_R,LC17,AVLP408,2
1752962124,1593012939,LC17,LC17,LC17,LC17,6
1752962124,1603645798,LC17,PVLP072_R,LC17,PVLP072,10
1752962124,1621008677,LC17,LC17,LC17,LC17,3
1752962124,1630342162,LC17,PVLP036_R,LC17,PVLP036,6
1752962124,1690694192,LC17,PVLP036_R,LC17,PVLP036,8
1752962124,1695693354,LC17,PVLP072_R,LC17,PVLP072,2
1752962124,1719928105,LC17,LC17,LC17,LC17,2
1752962124,1720105182,LC17,NA,LC17,NA,2
1752962124,1724345210,LC17,NA,LC17,NA,5
1752962124,1750251452,LC17,LC17,LC17,LC17,2
1752962124,1754019541,LC17,LC17,LC17,LC17,2
1752962124,1781333405,LC17,LC17,LC17,LC17,2
1752962124,1782318275,LC17,LC17,LC17,LC17,2
1752962124,1783361972,LC17,LC17,LC17,LC17,2
1752962124,1813028777,LC17,LC17,LC17,LC17,2
1752962124,1814031575,LC17,LC17,LC17,LC17,2
1752962124,1814055949,LC17,LC17,LC17,LC17,2
1752962124,1814410124,LC17,LC17,LC17,LC17,2
1752962124,1814729788,LC17,LC17,LC17,LC17,2
1752962124,1817112807,LC17,LC17(lVLPT4)_R,LC17,LC17,3
1752962124,1817444670,LC17,LC17(lVLPT7)_R,LC17,LC17,2
1752962124,1817449059,LC17,LC17,LC17,LC17,2
1752962124,1817449236,LC17,LC17,LC17,LC17,2
1752962124,1817453557,LC17,LC17(lVLPT4)_R,LC17,LC17,2
1752962124,1817457984,LC17,LC17,LC17,LC17,2
1752962124,1817463007,LC17,LC17,LC17,LC17,4
1752962124,1817785661,LC17,LC17,LC17,LC17,2
1752962124,1817786077,LC17,LC17,LC17,LC17,2
1752962124,1817799390,LC17,LC17,LC17,LC17,3
1752962124,1818463564,LC17,NA,LC17,NA,2
1752962124,1847815147,LC17,LC17(lVLPT7)_R,LC17,LC17,2
1752962124,1848138779,LC17,LC17,LC17,LC17,2
1752962124,1848143184,LC17,LC17,LC17,LC17,2
1752962124,1848151618,LC17,NA,LC17,NA,2
1752962124,1848820426,LC17,LC17(lVLPT7)_R,LC17,LC17,3
1752962124,1849161220,LC17,LC17,LC17,LC17,3
1752962124,1849166071,LC17,LC17,LC17,LC17,2
1752962124,1849174879,LC17,LC17(lVLPT7)_R,LC17,LC17,3
1752962124,1849503142,LC17,LC17,LC17,LC17,2
1752962124,1849520324,LC17,LC17,LC17,LC17,2
1752962124,1875460978,LC17,LC17,LC17,LC17,2
1752962124,1876820783,LC17,LC17,LC17,LC17,3
1752962124,1881215402,LC17,NA,LC17,NA,2
1752962124,1910920788,LC17,NA,LC17,NA,2
1752962124,1912604443,LC17,NA,LC17,NA,2
1752962124,1939904964,LC17,LC17,LC17,LC17,4
1752962124,1941268788,LC17,NA,LC17,NA,2
1752962124,1941614500,LC17,NA,LC17,NA,2
1752962124,1973327063,LC17,NA,LC17,NA,2
1752962124,2004038224,LC17,NA,LC17,NA,2
1752962124,2029624973,LC17,LC17,LC17,LC17,2
1752962124,5812992468,LC17,LC17,LC17,LC17,2
1752962124,5812998833,LC17,LC17,LC17,LC17,2
1752962124,5813017315,LC17,AVLP479_R,LC17,AVLP479,12
1752962124,5813039148,LC17,PVLP011_R,LC17,PVLP011,48
1752962124,5813040277,LC17,PVLP115_R,LC17,PVLP115,3
1752962124,5813054384,LC17,PPM1203_R,LC17,PPM1203,2
1752962124,5813057579,LC17,AVLP538_R,LC17,AVLP538,9
1752962124,5813077633,LC17,AVLP479_R,LC17,AVLP479,10
1752962124,5901207606,LC17,NA,LC17,NA,2
1753670596,447228814,LC17(lVLPT4)_R,PVLP106_R,LC17,PVLP106,43
1753670596,1068885266,LC17(lVLPT4)_R,PVLP151(SCB004)_R,LC17,PVLP151,8
1753670596,1221285175,LC17(lVLPT4)_R,LC17,LC17,LC17,2
1753670596,1313702895,LC17(lVLPT4)_R,LC17,LC17,LC17,2
1753670596,1321305370,LC17(lVLPT4)_R,PVLP061_R,LC17,PVLP061,64
1753670596,1354394414,LC17(lVLPT4)_R,PVLP120_R,LC17,PVLP120,10
1753670596,1374063129,LC17(lVLPT4)_R,PVLP132_R,LC17,PVLP132,7
1753670596,1381997776,LC17(lVLPT4)_R,PVLP071_R,LC17,PVLP071,7
1753670596,1382308349,LC17(lVLPT4)_R,PVLP071_R,LC17,PVLP071,10
1753670596,1435791739,LC17(lVLPT4)_R,PVLP132_R,LC17,PVLP132,6
1753670596,1449486007,LC17(lVLPT4)_R,AVLP537_R,LC17,AVLP537,10
1753670596,1466844031,LC17(lVLPT4)_R,LC17,LC17,LC17,3
1753670596,1472965897,LC17(lVLPT4)_R,LC17,LC17,LC17,2
1753670596,1475188631,LC17(lVLPT4)_R,AVLP541_R,LC17,AVLP541,2
1753670596,1479147574,LC17(lVLPT4)_R,PVLP072_R,LC17,PVLP072,13
1753670596,1479492693,LC17(lVLPT4)_R,PVLP072_R,LC17,PVLP072,2
1753670596,1497200791,LC17(lVLPT4)_R,LC17,LC17,LC17,3
1753670596,1508123633,LC17(lVLPT4)_R,PVLP018_R,LC17,PVLP018,8
1753670596,1512232956,LC17(lVLPT4)_R,AVLP135_R,LC17,AVLP135,3
1753670596,1528577476,LC17(lVLPT4)_R,LC17,LC17,LC17,3
1753670596,1535082316,LC17(lVLPT4)_R,PVLP135_R,LC17,PVLP135,18
1753670596,1535086505,LC17(lVLPT4)_R,PVLP135_R,LC17,PVLP135,9
1753670596,1593012939,LC17(lVLPT4)_R,LC17,LC17,LC17,2
1753670596,1603645798,LC17(lVLPT4)_R,PVLP072_R,LC17,PVLP072,10
1753670596,1622360309,LC17(lVLPT4)_R,LC17,LC17,LC17,2
1753670596,1629163100,LC17(lVLPT4)_R,LC17(lVLPT7)_R,LC17,LC17,3
1753670596,1630342162,LC17(lVLPT4)_R,PVLP036_R,LC17,PVLP036,7
1753670596,1659858309,LC17(lVLPT4)_R,NA,LC17,NA,2
1753670596,1663639752,LC17(lVLPT4)_R,NA,LC17,NA,3
1753670596,1684443103,LC17(lVLPT4)_R,LC17,LC17,LC17,3
1753670596,1690694192,LC17(lVLPT4)_R,PVLP036_R,LC17,PVLP036,5
1753670596,1690698128,LC17(lVLPT4)_R,PVLP036_R,LC17,PVLP036,4
1753670596,1695693354,LC17(lVLPT4)_R,PVLP072_R,LC17,PVLP072,2
1753670596,1714791446,LC17(lVLPT4)_R,LC17,LC17,LC17,4
1753670596,1720105182,LC17(lVLPT4)_R,NA,LC17,NA,3
1753670596,1722307233,LC17(lVLPT4)_R,LC17(lVLPT7)_R,LC17,LC17,3
1753670596,1722950666,LC17(lVLPT4)_R,NA,LC17,NA,2
1753670596,1724345210,LC17(lVLPT4)_R,NA,LC17,NA,2
1753670596,1747181914,LC17(lVLPT4)_R,LC17,LC17,LC17,2
1753670596,1747518018,LC17(lVLPT4)_R,LC17,LC17,LC17,3
1753670596,1752672460,LC17(lVLPT4)_R,LC17,LC17,LC17,2
1753670596,1754019541,LC17(lVLPT4)_R,LC17,LC17,LC17,2
1753670596,1782680353,LC17(lVLPT4)_R,LC17,LC17,LC17,2
1753670596,1783690466,LC17(lVLPT4)_R,LC17,LC17,LC17,4
1753670596,1808241116,LC17(lVLPT4)_R,LC17,LC17,LC17,2
1753670596,1814729223,LC17(lVLPT4)_R,LC17(lVLPT7)_R,LC17,LC17,2
1753670596,1817112855,LC17(lVLPT4)_R,LC17,LC17,LC17,2
1753670596,1817112989,LC17(lVLPT4)_R,NA,LC17,NA,2
1753670596,1817444670,LC17(lVLPT4)_R,LC17(lVLPT7)_R,LC17,LC17,4
1753670596,1817448971,LC17(lVLPT4)_R,LC17,LC17,LC17,5
1753670596,1817449116,LC17(lVLPT4)_R,LC17(lVLPT4)_R,LC17,LC17,3
1753670596,1817449236,LC17(lVLPT4)_R,LC17,LC17,LC17,2
1753670596,1817453065,LC17(lVLPT4)_R,LC17,LC17,LC17,2
1753670596,1817453557,LC17(lVLPT4)_R,LC17(lVLPT4)_R,LC17,LC17,2
1753670596,1817457808,LC17(lVLPT4)_R,LC17,LC17,LC17,3
1753670596,1817457987,LC17(lVLPT4)_R,LC17,LC17,LC17,3
1753670596,1817785682,LC17(lVLPT4)_R,LC17,LC17,LC17,3
1753670596,1817790281,LC17(lVLPT4)_R,LC17(lVLPT4)_R,LC17,LC17,2
1753670596,1817790409,LC17(lVLPT4)_R,LC17(lVLPT7)_R,LC17,LC17,2
1753670596,1817794820,LC17(lVLPT4)_R,LC17(lVLPT7)_R,LC17,LC17,2
1753670596,1817799390,LC17(lVLPT4)_R,LC17,LC17,LC17,7
1753670596,1818122205,LC17(lVLPT4)_R,LC17,LC17,LC17,4
1753670596,1818136404,LC17(lVLPT4)_R,LC17,LC17,LC17,5
1753670596,1847810811,LC17(lVLPT4)_R,LC17(lVLPT7)_R,LC17,LC17,2
1753670596,1848138779,LC17(lVLPT4)_R,LC17,LC17,LC17,4
1753670596,1848151618,LC17(lVLPT4)_R,NA,LC17,NA,2
1753670596,1848156241,LC17(lVLPT4)_R,LC17,LC17,LC17,3
1753670596,1848506334,LC17(lVLPT4)_R,NA,LC17,NA,2
1753670596,1848820948,LC17(lVLPT4)_R,NA,LC17,NA,2
1753670596,1848837843,LC17(lVLPT4)_R,LC17,LC17,LC17,3
1753670596,1849166071,LC17(lVLPT4)_R,LC17,LC17,LC17,3
1753670596,1849174879,LC17(lVLPT4)_R,LC17(lVLPT7)_R,LC17,LC17,2
1753670596,1849183960,LC17(lVLPT4)_R,LC17(lVLPT7)_R,LC17,LC17,2
1753670596,1874782886,LC17(lVLPT4)_R,LT58_R,LC17,LT58,3
1753670596,1877468736,LC17(lVLPT4)_R,Li20_R,LC17,Li20,2
1753670596,1879226079,LC17(lVLPT4)_R,NA,LC17,NA,2
1753670596,1941610247,LC17(lVLPT4)_R,NA,LC17,NA,2
1753670596,1974682390,LC17(lVLPT4)_R,LC17(lVLPT7)_R,LC17,LC17,2
1753670596,2034714782,LC17(lVLPT4)_R,NA,LC17,NA,3
1753670596,2035072996,LC17(lVLPT4)_R,NA,LC17,NA,2
1753670596,2066440629,LC17(lVLPT4)_R,NA,LC17,NA,3
1753670596,2097807993,LC17(lVLPT4)_R,NA,LC17,NA,2
1753670596,2124762952,LC17(lVLPT4)_R,mALC2_L,LC17,mALC2,5
1753670596,5812993994,LC17(lVLPT4)_R,LC17,LC17,LC17,4
1753670596,5813017315,LC17(lVLPT4)_R,AVLP479_R,LC17,AVLP479,6
1753670596,5813038918,LC17(lVLPT4)_R,LC17,LC17,LC17,2
1753670596,5813039148,LC17(lVLPT4)_R,PVLP011_R,LC17,PVLP011,50
1753670596,5813054384,LC17(lVLPT4)_R,PPM1203_R,LC17,PPM1203,3
1753670596,5813057178,LC17(lVLPT4)_R,PVLP136_R,LC17,PVLP136,3
1753670596,5813057579,LC17(lVLPT4)_R,AVLP538_R,LC17,AVLP538,8
1753670596,5813060163,LC17(lVLPT4)_R,LC17,LC17,LC17,3
1753670596,5813077633,LC17(lVLPT4)_R,AVLP479_R,LC17,AVLP479,6
1753670596,5813080260,LC17(lVLPT4)_R,AVLP153_R,LC17,AVLP153,2
1754019541,447228814,LC17,PVLP106_R,LC17,PVLP106,43
1754019541,1068885266,LC17,PVLP151(SCB004)_R,LC17,PVLP151,15
1754019541,1070950293,LC17,PVLP151(SCB004)_R,LC17,PVLP151,2
1754019541,1189567690,LC17,LC17,LC17,LC17,3
1754019541,1190250299,LC17,LC17,LC17,LC17,3
1754019541,1250277991,LC17,LC17,LC17,LC17,2
1754019541,1321305370,LC17,PVLP061_R,LC17,PVLP061,80
1754019541,1345079276,LC17,LC17,LC17,LC17,2
1754019541,1347126097,LC17,LC17,LC17,LC17,4
1754019541,1354394414,LC17,PVLP120_R,LC17,PVLP120,8
1754019541,1374063129,LC17,PVLP132_R,LC17,PVLP132,15
1754019541,1381997776,LC17,PVLP071_R,LC17,PVLP071,11
1754019541,1382308349,LC17,PVLP071_R,LC17,PVLP071,10
1754019541,1435791739,LC17,PVLP132_R,LC17,PVLP132,10
1754019541,1449486007,LC17,AVLP537_R,LC17,AVLP537,7
1754019541,1467859487,LC17,LC17,LC17,LC17,2
1754019541,1471610338,LC17,LC17,LC17,LC17,2
1754019541,1473648518,LC17,LC17,LC17,LC17,2
1754019541,1474424990,LC17,PVLP073_R,LC17,PVLP073,2
1754019541,1475188631,LC17,AVLP541_R,LC17,AVLP541,2
1754019541,1477148598,LC17,PVLP075_R,LC17,PVLP075,3
1754019541,1479147574,LC17,PVLP072_R,LC17,PVLP072,16
1754019541,1479492693,LC17,PVLP072_R,LC17,PVLP072,10
1754019541,1504428248,LC17,PVLP075_R,LC17,PVLP075,2
1754019541,1508123633,LC17,PVLP018_R,LC17,PVLP018,8
1754019541,1512232956,LC17,AVLP135_R,LC17,AVLP135,3
1754019541,1535082316,LC17,PVLP135_R,LC17,PVLP135,17
1754019541,1535086505,LC17,PVLP135_R,LC17,PVLP135,21
1754019541,1563355501,LC17,LC17,LC17,LC17,2
1754019541,1601227987,LC17,AVLP552_R,LC17,AVLP552,2
1754019541,1603645798,LC17,PVLP072_R,LC17,PVLP072,7
1754019541,1603957106,LC17,AVLP409_R,LC17,AVLP409,4
1754019541,1628528573,LC17,LC17,LC17,LC17,2
1754019541,1630342162,LC17,PVLP036_R,LC17,PVLP036,9
1754019541,1656834653,LC17,LC17,LC17,LC17,4
1754019541,1684443103,LC17,LC17,LC17,LC17,2
1754019541,1689915765,LC17,LC17,LC17,LC17,3
1754019541,1690694192,LC17,PVLP036_R,LC17,PVLP036,8
1754019541,1690698128,LC17,PVLP036_R,LC17,PVLP036,4
1754019541,1695693354,LC17,PVLP072_R,LC17,PVLP072,4
1754019541,1722307233,LC17,LC17(lVLPT7)_R,LC17,LC17,7
1754019541,1724345210,LC17,NA,LC17,NA,6
1754019541,1751262627,LC17,LC17,LC17,LC17,2
1754019541,1751666374,LC17,LC17,LC17,LC17,3
1754019541,1752962124,LC17,LC17,LC17,LC17,3
1754019541,1782318275,LC17,LC17,LC17,LC17,2
1754019541,1814031575,LC17,LC17,LC17,LC17,2
1754019541,1814055949,LC17,LC17,LC17,LC17,2
1754019541,1817112855,LC17,LC17,LC17,LC17,3
1754019541,1817444315,LC17,LC17(lVLPT7)_R,LC17,LC17,3
1754019541,1817444670,LC17,LC17(lVLPT7)_R,LC17,LC17,2
1754019541,1817449375,LC17,LC17,LC17,LC17,2
1754019541,1817452948,LC17,LC17,LC17,LC17,3
1754019541,1817457847,LC17,LC17,LC17,LC17,4
1754019541,1817457987,LC17,LC17,LC17,LC17,2
1754019541,1817790176,LC17,LC17,LC17,LC17,3
1754019541,1817790222,LC17,LC17,LC17,LC17,2
1754019541,1817794820,LC17,LC17(lVLPT7)_R,LC17,LC17,2
1754019541,1817799390,LC17,LC17,LC17,LC17,4
1754019541,1847810811,LC17,LC17(lVLPT7)_R,LC17,LC17,3
1754019541,1848492258,LC17,LC17,LC17,LC17,4
1754019541,1848496662,LC17,LC17,LC17,LC17,3
1754019541,1848820426,LC17,LC17(lVLPT7)_R,LC17,LC17,3
1754019541,1848824817,LC17,LC17,LC17,LC17,2
1754019541,1848828925,LC17,LC17(lVLPT7)_R,LC17,LC17,2
1754019541,1849161220,LC17,LC17,LC17,LC17,3
1754019541,1849174879,LC17,LC17(lVLPT7)_R,LC17,LC17,2
1754019541,1849179266,LC17,LC17,LC17,LC17,3
1754019541,1849183960,LC17,LC17(lVLPT7)_R,LC17,LC17,2
1754019541,1849503093,LC17,NA,LC17,NA,2
1754019541,1849507321,LC17,LC17,LC17,LC17,2
1754019541,1876820783,LC17,LC17,LC17,LC17,4
1754019541,1878845226,LC17,LC17,LC17,LC17,2
1754019541,1880555046,LC17,NA,LC17,NA,2
1754019541,1880887003,LC17,LC17,LC17,LC17,2
1754019541,1908865507,LC17,LC17,LC17,LC17,2
1754019541,1910920228,LC17,NA,LC17,NA,3
1754019541,1937193993,LC17,LC17,LC17,LC17,2
1754019541,1941929537,LC17,NA,LC17,NA,2
1754019541,1941929607,LC17,NA,LC17,NA,2
1754019541,1974682390,LC17,LC17(lVLPT7)_R,LC17,LC17,3
1754019541,2003339035,LC17,NA,LC17,NA,2
1754019541,2004038224,LC17,NA,LC17,NA,2
1754019541,2004374903,LC17,NA,LC17,NA,3
1754019541,2035724925,LC17,NA,LC17,NA,2
1754019541,2245501457,LC17,LC17,LC17,LC17,2
1754019541,5812988086,LC17,LC17,LC17,LC17,3
1754019541,5812992468,LC17,LC17,LC17,LC17,3
1754019541,5812993994,LC17,LC17,LC17,LC17,2
1754019541,5812998833,LC17,LC17,LC17,LC17,3
1754019541,5813017315,LC17,AVLP479_R,LC17,AVLP479,9
1754019541,5813039148,LC17,PVLP011_R,LC17,PVLP011,54
1754019541,5813057178,LC17,PVLP136_R,LC17,PVLP136,3
1754019541,5813057579,LC17,AVLP538_R,LC17,AVLP538,23
1754019541,5813068559,LC17,AVLP396_R,LC17,AVLP396,2
1754019541,5813077633,LC17,AVLP479_R,LC17,AVLP479,12
1754019541,5813080260,LC17,AVLP153_R,LC17,AVLP153,5
1754019541,5901214683,LC17,AVLP135_R,LC17,AVLP135,2
1776865370,447228814,LC17,PVLP106_R,LC17,PVLP106,36
1776865370,912601209,LC17,PLP244(SCB010)_L,LC17,PLP244,2
1776865370,1068885266,LC17,PVLP151(SCB004)_R,LC17,PVLP151,8
1776865370,1070950293,LC17,PVLP151(SCB004)_R,LC17,PVLP151,2
1776865370,1190250299,LC17,LC17,LC17,LC17,2
1776865370,1219592090,LC17,LC17(lVLPT7)_R,LC17,LC17,3
1776865370,1321305370,LC17,PVLP061_R,LC17,PVLP061,71
1776865370,1345079276,LC17,LC17,LC17,LC17,3
1776865370,1354394414,LC17,PVLP120_R,LC17,PVLP120,16
1776865370,1374063129,LC17,PVLP132_R,LC17,PVLP132,12
1776865370,1381997776,LC17,PVLP071_R,LC17,PVLP071,6
1776865370,1382308349,LC17,PVLP071_R,LC17,PVLP071,10
1776865370,1420172582,LC17,NA,LC17,NA,2
1776865370,1435791739,LC17,PVLP132_R,LC17,PVLP132,17
1776865370,1437165487,LC17,LC17,LC17,LC17,2
1776865370,1449486007,LC17,AVLP537_R,LC17,AVLP537,8
1776865370,1466844031,LC17,LC17,LC17,LC17,2
1776865370,1474424990,LC17,PVLP073_R,LC17,PVLP073,2
1776865370,1479147574,LC17,PVLP072_R,LC17,PVLP072,13
1776865370,1479492693,LC17,PVLP072_R,LC17,PVLP072,2
1776865370,1504428248,LC17,PVLP075_R,LC17,PVLP075,2
1776865370,1508123633,LC17,PVLP018_R,LC17,PVLP018,2
1776865370,1534694621,LC17,LC17,LC17,LC17,2
1776865370,1535082316,LC17,PVLP135_R,LC17,PVLP135,20
1776865370,1535086505,LC17,PVLP135_R,LC17,PVLP135,15
1776865370,1593012939,LC17,LC17,LC17,LC17,2
1776865370,1603645798,LC17,PVLP072_R,LC17,PVLP072,3
1776865370,1603957106,LC17,AVLP409_R,LC17,AVLP409,2
1776865370,1629163100,LC17,LC17(lVLPT7)_R,LC17,LC17,3
1776865370,1630342162,LC17,PVLP036_R,LC17,PVLP036,17
1776865370,1684443103,LC17,LC17,LC17,LC17,3
1776865370,1689187126,LC17,LC17,LC17,LC17,4
1776865370,1689200671,LC17,LC17,LC17,LC17,2
1776865370,1689239035,LC17,LC17,LC17,LC17,5
1776865370,1690694192,LC17,PVLP036_R,LC17,PVLP036,10
1776865370,1690698128,LC17,PVLP036_R,LC17,PVLP036,4
1776865370,1714791446,LC17,LC17,LC17,LC17,2
1776865370,1720105182,LC17,NA,LC17,NA,2
1776865370,1724345210,LC17,NA,LC17,NA,6
1776865370,1751666374,LC17,LC17,LC17,LC17,5
1776865370,1752672460,LC17,LC17,LC17,LC17,2
1776865370,1753670596,LC17,LC17(lVLPT4)_R,LC17,LC17,2
1776865370,1781333405,LC17,LC17,LC17,LC17,5
1776865370,1808241116,LC17,LC17,LC17,LC17,2
1776865370,1814055949,LC17,LC17,LC17,LC17,2
1776865370,1814410124,LC17,LC17,LC17,LC17,2
1776865370,1814729223,LC17,LC17(lVLPT7)_R,LC17,LC17,3
1776865370,1814729788,LC17,LC17,LC17,LC17,2
1776865370,1817113079,LC17,LC17,LC17,LC17,2
1776865370,1817444555,LC17,LC17,LC17,LC17,3
1776865370,1817448971,LC17,LC17,LC17,LC17,2
1776865370,1817449229,LC17,LC17,LC17,LC17,3
1776865370,1817457984,LC17,LC17,LC17,LC17,5
1776865370,1817463007,LC17,LC17,LC17,LC17,4
1776865370,1817790222,LC17,LC17,LC17,LC17,2
1776865370,1817794771,LC17,NA,LC17,NA,2
1776865370,1817794820,LC17,LC17(lVLPT7)_R,LC17,LC17,2
1776865370,1818122205,LC17,LC17,LC17,LC17,3
1776865370,1848151236,LC17,LC17,LC17,LC17,2
1776865370,1848156241,LC17,LC17,LC17,LC17,2
1776865370,1848483616,LC17,NA,LC17,NA,2
1776865370,1848483949,LC17,LC17(lVLPT4)_R,LC17,LC17,3
1776865370,1848492258,LC17,LC17,LC17,LC17,3
1776865370,1848506100,LC17,NA,LC17,NA,2
1776865370,1848824817,LC17,LC17,LC17,LC17,2
1776865370,1849161220,LC17,LC17,LC17,LC17,3
1776865370,1849174879,LC17,LC17(lVLPT7)_R,LC17,LC17,2
1776865370,1849179266,LC17,LC17,LC17,LC17,2
1776865370,1849183960,LC17,LC17(lVLPT7)_R,LC17,LC17,3
1776865370,1849507321,LC17,LC17,LC17,LC17,2
1776865370,1875124235,LC17,LC17,LC17,LC17,2
1776865370,1876820783,LC17,LC17,LC17,LC17,3
1776865370,1878845629,LC17,LC17,LC17,LC17,3
1776865370,1879226079,LC17,NA,LC17,NA,3
1776865370,1908865507,LC17,LC17,LC17,LC17,2
1776865370,1912271719,LC17,NA,LC17,NA,3
1776865370,1912600163,LC17,LC17,LC17,LC17,2
1776865370,1937193993,LC17,LC17,LC17,LC17,3
1776865370,1972986107,LC17,NA,LC17,NA,2
1776865370,1973331212,LC17,NA,LC17,NA,2
1776865370,1973331279,LC17,NA,LC17,NA,2
1776865370,2005022400,LC17,NA,LC17,NA,2
1776865370,2066773102,LC17,NA,LC17,NA,2
1776865370,2097143249,LC17,NA,LC17,NA,2
1776865370,5812992219,LC17,LC17,LC17,LC17,2
1776865370,5812993994,LC17,LC17,LC17,LC17,2
1776865370,5812999009,LC17,LC17(lVLPT4)_R,LC17,LC17,3
1776865370,5813017315,LC17,AVLP479_R,LC17,AVLP479,5
1776865370,5813039148,LC17,PVLP011_R,LC17,PVLP011,44
1776865370,5813057178,LC17,PVLP136_R,LC17,PVLP136,4
1776865370,5813057579,LC17,AVLP538_R,LC17,AVLP538,14
1776865370,5813068239,LC17,LC17,LC17,LC17,5
1776865370,5813077633,LC17,AVLP479_R,LC17,AVLP479,10
1779567374,447228814,LC17,PVLP106_R,LC17,PVLP106,34
1779567374,1068885266,LC17,PVLP151(SCB004)_R,LC17,PVLP151,5
1779567374,1158877703,LC17,LC17(lVLPT4)_R,LC17,LC17,4
1779567374,1189567690,LC17,LC17,LC17,LC17,2
1779567374,1190250299,LC17,LC17,LC17,LC17,3
1779567374,1250277991,LC17,LC17,LC17,LC17,2
1779567374,1321305370,LC17,PVLP061_R,LC17,PVLP061,73
1779567374,1354394414,LC17,PVLP120_R,LC17,PVLP120,8
1779567374,1374063129,LC17,PVLP132_R,LC17,PVLP132,12
1779567374,1381997776,LC17,PVLP071_R,LC17,PVLP071,6
1779567374,1382308349,LC17,PVLP071_R,LC17,PVLP071,4
1779567374,1435791739,LC17,PVLP132_R,LC17,PVLP132,13
1779567374,1435822283,LC17,LC17,LC17,LC17,2
1779567374,1449486007,LC17,AVLP537_R,LC17,AVLP537,11
1779567374,1473332777,LC17,LC17(lVLPT7)_R,LC17,LC17,2
1779567374,1473648518,LC17,LC17,LC17,LC17,2
1779567374,1479147574,LC17,PVLP072_R,LC17,PVLP072,6
1779567374,1479492693,LC17,PVLP072_R,LC17,PVLP072,4
1779567374,1504428248,LC17,PVLP075_R,LC17,PVLP075,2
1779567374,1508123633,LC17,PVLP018_R,LC17,PVLP018,3
1779567374,1528577476,LC17,LC17,LC17,LC17,2
1779567374,1535082316,LC17,PVLP135_R,LC17,PVLP135,16
1779567374,1535086505,LC17,PVLP135_R,LC17,PVLP135,17
1779567374,1574980522,LC17,AVLP408_R,LC17,AVLP408,2
1779567374,1599872317,LC17,PVLP080_R,LC17,PVLP080,2
1779567374,1603645798,LC17,PVLP072_R,LC17,PVLP072,7
1779567374,1603957106,LC17,AVLP409_R,LC17,AVLP409,2
1779567374,1630342162,LC17,PVLP036_R,LC17,PVLP036,7
1779567374,1656153289,LC17,LC17,LC17,LC17,2
1779567374,1656834653,LC17,LC17,LC17,LC17,2
1779567374,1689915765,LC17,LC17,LC17,LC17,3
1779567374,1690694192,LC17,PVLP036_R,LC17,PVLP036,5
1779567374,1690698128,LC17,PVLP036_R,LC17,PVLP036,2
1779567374,1690706380,LC17,PVLP037_R,LC17,PVLP037,2
1779567374,1695693354,LC17,PVLP072_R,LC17,PVLP072,2
1779567374,1720105182,LC17,NA,LC17,NA,3
1779567374,1724345210,LC17,NA,LC17,NA,2
1779567374,1754019541,LC17,LC17,LC17,LC17,2
1779567374,1782680353,LC17,LC17,LC17,LC17,2
1779567374,1814031575,LC17,LC17,LC17,LC17,2
1779567374,1814060070,LC17,LC17,LC17,LC17,2
1779567374,1817444315,LC17,LC17(lVLPT7)_R,LC17,LC17,3
1779567374,1817448659,LC17,LC17,LC17,LC17,2
1779567374,1817448921,LC17,LC17,LC17,LC17,2
1779567374,1817449229,LC17,LC17,LC17,LC17,3
1779567374,1817449236,LC17,LC17,LC17,LC17,2
1779567374,1817452948,LC17,LC17,LC17,LC17,2
1779567374,1817453257,LC17,LC17,LC17,LC17,5
1779567374,1817457808,LC17,LC17,LC17,LC17,5
1779567374,1817458052,LC17,LC17,LC17,LC17,3
1779567374,1817786077,LC17,LC17,LC17,LC17,2
1779567374,1817790222,LC17,LC17,LC17,LC17,2
1779567374,1817790409,LC17,LC17(lVLPT7)_R,LC17,LC17,2
1779567374,1818122205,LC17,LC17,LC17,LC17,3
1779567374,1845772658,LC17,LC17(lVLPT7)_R,LC17,LC17,2
1779567374,1848138779,LC17,LC17,LC17,LC17,2
1779567374,1848151236,LC17,LC17,LC17,LC17,2
1779567374,1848151618,LC17,NA,LC17,NA,2
1779567374,1848151877,LC17,LC17,LC17,LC17,3
1779567374,1848492345,LC17,NA,LC17,NA,2
1779567374,1848496662,LC17,LC17,LC17,LC17,2
1779567374,1849161407,LC17,LC17,LC17,LC17,3
1779567374,1849503142,LC17,LC17,LC17,LC17,2
1779567374,1849520324,LC17,LC17,LC17,LC17,2
1779567374,1875460978,LC17,LC17,LC17,LC17,2
1779567374,1879519066,LC17,LC17,LC17,LC17,3
1779567374,1880887003,LC17,LC17,LC17,LC17,3
1779567374,1972999193,LC17,NA,LC17,NA,3
1779567374,1973003592,LC17,NA,LC17,NA,2
1779567374,1973672576,LC17,NA,LC17,NA,2
1779567374,2035392272,LC17,NA,LC17,NA,2
1779567374,2066440629,LC17,NA,LC17,NA,2
1779567374,2067800573,LC17,NA,LC17,NA,2
1779567374,2129865656,LC17,NA,LC17,NA,2
1779567374,2245501457,LC17,LC17,LC17,LC17,3
1779567374,5812991769,LC17,LC17,LC17,LC17,2
1779567374,5812992219,LC17,LC17,LC17,LC17,2
1779567374,5812993994,LC17,LC17,LC17,LC17,3
1779567374,5813017315,LC17,AVLP479_R,LC17,AVLP479,6
1779567374,5813039148,LC17,PVLP011_R,LC17,PVLP011,32
1779567374,5813057178,LC17,PVLP136_R,LC17,PVLP136,4
1779567374,5813057579,LC17,AVLP538_R,LC17,AVLP538,15
1779567374,5813060163,LC17,LC17,LC17,LC17,2
1779567374,5813068239,LC17,LC17,LC17,LC17,3
1779567374,5813077633,LC17,AVLP479_R,LC17,AVLP479,7
1779567374,5813080260,LC17,AVLP153_R,LC17,AVLP153,3
1781324410,447228814,LC17,PVLP106_R,LC17,PVLP106,31
1781324410,1068885266,LC17,PVLP151(SCB004)_R,LC17,PVLP151,10
1781324410,1189567690,LC17,LC17,LC17,LC17,2
1781324410,1221285175,LC17,LC17,LC17,LC17,6
1781324410,1321305370,LC17,PVLP061_R,LC17,PVLP061,48
1781324410,1348153557,LC17,LC17,LC17,LC17,2
1781324410,1354394414,LC17,PVLP120_R,LC17,PVLP120,7
1781324410,1374063129,LC17,PVLP132_R,LC17,PVLP132,8
1781324410,1381997776,LC17,PVLP071_R,LC17,PVLP071,9
1781324410,1382308349,LC17,PVLP071_R,LC17,PVLP071,2
1781324410,1405788552,LC17,LC17,LC17,LC17,2
1781324410,1435791739,LC17,PVLP132_R,LC17,PVLP132,11
1781324410,1435822283,LC17,LC17,LC17,LC17,2
1781324410,1449486007,LC17,AVLP537_R,LC17,AVLP537,12
1781324410,1466844031,LC17,LC17,LC17,LC17,2
1781324410,1471610338,LC17,LC17,LC17,LC17,2
1781324410,1477148598,LC17,PVLP075_R,LC17,PVLP075,2
1781324410,1479147574,LC17,PVLP072_R,LC17,PVLP072,10
1781324410,1479492693,LC17,PVLP072_R,LC17,PVLP072,4
1781324410,1508123633,LC17,PVLP018_R,LC17,PVLP018,3
1781324410,1535082316,LC17,PVLP135_R,LC17,PVLP135,18
1781324410,1535086505,LC17,PVLP135_R,LC17,PVLP135,28
1781324410,1539496112,LC17,PVLP073_R,LC17,PVLP073,2
1781324410,1562707421,LC17,LC17(lVLPT7)_R,LC17,LC17,2
1781324410,1565729476,LC17,LC17,LC17,LC17,2
1781324410,1603645798,LC17,PVLP072_R,LC17,PVLP072,2
1781324410,1625800608,LC17,LC17,LC17,LC17,3
1781324410,1630342162,LC17,PVLP036_R,LC17,PVLP036,9
1781324410,1663639752,LC17,NA,LC17,NA,2
1781324410,1690694192,LC17,PVLP036_R,LC17,PVLP036,8
1781324410,1695693354,LC17,PVLP072_R,LC17,PVLP072,3
1781324410,1720454234,LC17,NA,LC17,NA,3
1781324410,1724345210,LC17,NA,LC17,NA,3
1781324410,1751262627,LC17,LC17,LC17,LC17,3
1781324410,1753670596,LC17,LC17(lVLPT4)_R,LC17,LC17,2
1781324410,1783690466,LC17,LC17,LC17,LC17,6
1781324410,1807572051,LC17,LC17,LC17,LC17,2
1781324410,1808241116,LC17,LC17,LC17,LC17,3
1781324410,1812363713,LC17,LC17,LC17,LC17,2
1781324410,1814410124,LC17,LC17,LC17,LC17,5
1781324410,1817107934,LC17,LC17,LC17,LC17,2
1781324410,1817449059,LC17,LC17,LC17,LC17,2
1781324410,1817449116,LC17,LC17(lVLPT4)_R,LC17,LC17,4
1781324410,1817449236,LC17,LC17,LC17,LC17,2
1781324410,1817790409,LC17,LC17(lVLPT7)_R,LC17,LC17,2
1781324410,1818122205,LC17,LC17,LC17,LC17,2
1781324410,1844421716,LC17,LC17,LC17,LC17,2
1781324410,1848824817,LC17,LC17,LC17,LC17,2
1781324410,1849166071,LC17,LC17,LC17,LC17,2
1781324410,1849174879,LC17,LC17(lVLPT7)_R,LC17,LC17,3
1781324410,1879226079,LC17,NA,LC17,NA,5
1781324410,1880887003,LC17,LC17,LC17,LC17,2
1781324410,1939904964,LC17,LC17,LC17,LC17,4
1781324410,1941273864,LC17,NA,LC17,NA,2
1781324410,1942965779,LC17,NA,LC17,NA,2
1781324410,2067101124,LC17,NA,LC17,NA,3
1781324410,2067787078,LC17,NA,LC17,NA,2
1781324410,2096797846,LC17,NA,LC17,NA,2
1781324410,2098157536,LC17,NA,LC17,NA,2
1781324410,5812988086,LC17,LC17,LC17,LC17,2
1781324410,5812992219,LC17,LC17,LC17,LC17,3
1781324410,5812992468,LC17,LC17,LC17,LC17,2
1781324410,5812999009,LC17,LC17(lVLPT4)_R,LC17,LC17,2
1781324410,5813017315,LC17,AVLP479_R,LC17,AVLP479,10
1781324410,5813039148,LC17,PVLP011_R,LC17,PVLP011,25
1781324410,5813057579,LC17,AVLP538_R,LC17,AVLP538,11
1781324410,5813077633,LC17,AVLP479_R,LC17,AVLP479,5
1781333405,447228814,LC17,PVLP106_R,LC17,PVLP106,35
1781333405,1068885266,LC17,PVLP151(SCB004)_R,LC17,PVLP151,9
1781333405,1158877703,LC17,LC17(lVLPT4)_R,LC17,LC17,2
1781333405,1158877783,LC17,LC17,LC17,LC17,2
1781333405,1189567690,LC17,LC17,LC17,LC17,5
1781333405,1190250299,LC17,LC17,LC17,LC17,3
1781333405,1219592090,LC17,LC17(lVLPT7)_R,LC17,LC17,2
1781333405,1321305370,LC17,PVLP061_R,LC17,PVLP061,70
1781333405,1354394414,LC17,PVLP120_R,LC17,PVLP120,16
1781333405,1374063129,LC17,PVLP132_R,LC17,PVLP132,19
1781333405,1381997776,LC17,PVLP071_R,LC17,PVLP071,2
1781333405,1435791739,LC17,PVLP132_R,LC17,PVLP132,17
1781333405,1449486007,LC17,AVLP537_R,LC17,AVLP537,18
1781333405,1467859487,LC17,LC17,LC17,LC17,2
1781333405,1471607030,LC17,LC17,LC17,LC17,2
1781333405,1472965897,LC17,LC17,LC17,LC17,2
1781333405,1474424990,LC17,PVLP073_R,LC17,PVLP073,3
1781333405,1477148598,LC17,PVLP075_R,LC17,PVLP075,4
1781333405,1479147574,LC17,PVLP072_R,LC17,PVLP072,9
1781333405,1479492693,LC17,PVLP072_R,LC17,PVLP072,3
1781333405,1497200791,LC17,LC17,LC17,LC17,2
1781333405,1508123633,LC17,PVLP018_R,LC17,PVLP018,10
1781333405,1512232956,LC17,AVLP135_R,LC17,AVLP135,5
1781333405,1530606252,LC17,LC17(lVLPT7)_R,LC17,LC17,2
1781333405,1535082316,LC17,PVLP135_R,LC17,PVLP135,9
1781333405,1535086505,LC17,PVLP135_R,LC17,PVLP135,17
1781333405,1589972966,LC17,LC17(lVLPT4)_R,LC17,LC17,2
1781333405,1603645798,LC17,PVLP072_R,LC17,PVLP072,7
1781333405,1621008677,LC17,LC17,LC17,LC17,2
1781333405,1630342162,LC17,PVLP036_R,LC17,PVLP036,12
1781333405,1654413566,LC17,LC17,LC17,LC17,2
1781333405,1660276772,LC17,PVLP038_R,LC17,PVLP038,2
1781333405,1663639752,LC17,NA,LC17,NA,2
1781333405,1690694192,LC17,PVLP036_R,LC17,PVLP036,18
1781333405,1695693354,LC17,PVLP072_R,LC17,PVLP072,4
1781333405,1714791446,LC17,LC17,LC17,LC17,2
1781333405,1720105182,LC17,NA,LC17,NA,2
1781333405,1752672460,LC17,LC17,LC17,LC17,2
1781333405,1752962124,LC17,LC17,LC17,LC17,2
1781333405,1776865370,LC17,LC17,LC17,LC17,3
1781333405,1781324410,LC17,LC17,LC17,LC17,3
1781333405,1814410124,LC17,LC17,LC17,LC17,3
1781333405,1817108009,LC17,LC17,LC17,LC17,3
1781333405,1817112807,LC17,LC17(lVLPT4)_R,LC17,LC17,2
1781333405,1817449059,LC17,LC17,LC17,LC17,2
1781333405,1817457984,LC17,LC17,LC17,LC17,2
1781333405,1817463007,LC17,LC17,LC17,LC17,2
1781333405,1817785682,LC17,LC17,LC17,LC17,5
1781333405,1817799390,LC17,LC17,LC17,LC17,2
1781333405,1818122205,LC17,LC17,LC17,LC17,4
1781333405,1818136404,LC17,LC17,LC17,LC17,4
1781333405,1845772658,LC17,LC17(lVLPT7)_R,LC17,LC17,2
1781333405,1847815147,LC17,LC17(lVLPT7)_R,LC17,LC17,2
1781333405,1848143184,LC17,LC17,LC17,LC17,2
1781333405,1848824817,LC17,LC17,LC17,LC17,2
1781333405,1848837843,LC17,LC17,LC17,LC17,4
1781333405,1849178917,LC17,LC17,LC17,LC17,4
1781333405,1849179266,LC17,LC17,LC17,LC17,4
1781333405,1849503142,LC17,LC17,LC17,LC17,3
1781333405,1879226079,LC17,NA,LC17,NA,3
1781333405,1879518936,LC17,NA,LC17,NA,2
1781333405,1879519066,LC17,LC17,LC17,LC17,4
1781333405,1911253103,LC17,NA,LC17,NA,2
1781333405,1937193993,LC17,LC17,LC17,LC17,4
1781333405,2004029673,LC17,NA,LC17,NA,2
1781333405,2005384822,LC17,NA,LC17,NA,2
1781333405,5812998833,LC17,LC17,LC17,LC17,3
1781333405,5813017315,LC17,AVLP479_R,LC17,AVLP479,8
1781333405,5813034336,LC17,LC17(lVLPT4)_R,LC17,LC17,3
1781333405,5813039148,LC17,PVLP011_R,LC17,PVLP011,43
1781333405,5813057579,LC17,AVLP538_R,LC17,AVLP538,13
1781333405,5813077633,LC17,AVLP479_R,LC17,AVLP479,12
1781333405,5813080260,LC17,AVLP153_R,LC17,AVLP153,5
1781333405,5901214683,LC17,AVLP135_R,LC17,AVLP135,2
1782318275,447228814,LC17,PVLP106_R,LC17,PVLP106,44
1782318275,1068885266,LC17,PVLP151(SCB004)_R,LC17,PVLP151,4
1782318275,1189567690,LC17,LC17,LC17,LC17,2
1782318275,1190250299,LC17,LC17,LC17,LC17,3
1782318275,1221285175,LC17,LC17,LC17,LC17,3
1782318275,1313702895,LC17,LC17,LC17,LC17,5
1782318275,1321305370,LC17,PVLP061_R,LC17,PVLP061,61
1782318275,1354394414,LC17,PVLP120_R,LC17,PVLP120,6
1782318275,1374063129,LC17,PVLP132_R,LC17,PVLP132,5
1782318275,1381997776,LC17,PVLP071_R,LC17,PVLP071,11
1782318275,1382308349,LC17,PVLP071_R,LC17,PVLP071,13
1782318275,1405788552,LC17,LC17,LC17,LC17,3
1782318275,1435791739,LC17,PVLP132_R,LC17,PVLP132,7
1782318275,1437165487,LC17,LC17,LC17,LC17,2
1782318275,1449486007,LC17,AVLP537_R,LC17,AVLP537,15
1782318275,1451562506,LC17,AVLP213_R,LC17,AVLP213,2
1782318275,1477148598,LC17,PVLP075_R,LC17,PVLP075,3
1782318275,1479147574,LC17,PVLP072_R,LC17,PVLP072,9
1782318275,1479492693,LC17,PVLP072_R,LC17,PVLP072,4
1782318275,1508123633,LC17,PVLP018_R,LC17,PVLP018,6
1782318275,1510855070,LC17,PVLP080_R,LC17,PVLP080,2
1782318275,1534694621,LC17,LC17,LC17,LC17,2
1782318275,1535082316,LC17,PVLP135_R,LC17,PVLP135,23
1782318275,1535086505,LC17,PVLP135_R,LC17,PVLP135,21
1782318275,1562707421,LC17,LC17(lVLPT7)_R,LC17,LC17,4
1782318275,1593012939,LC17,LC17,LC17,LC17,2
1782318275,1601227987,LC17,AVLP552_R,LC17,AVLP552,3
1782318275,1603645798,LC17,PVLP072_R,LC17,PVLP072,6
1782318275,1629163100,LC17,LC17(lVLPT7)_R,LC17,LC17,2
1782318275,1630342162,LC17,PVLP036_R,LC17,PVLP036,7
1782318275,1656834653,LC17,LC17,LC17,LC17,2
1782318275,1663639752,LC17,NA,LC17,NA,2
1782318275,1684443103,LC17,LC17,LC17,LC17,2
1782318275,1687831632,LC17,LC17,LC17,LC17,2
1782318275,1689187126,LC17,LC17,LC17,LC17,2
1782318275,1689200671,LC17,LC17,LC17,LC17,2
1782318275,1690694192,LC17,PVLP036_R,LC17,PVLP036,11
1782318275,1690698128,LC17,PVLP036_R,LC17,PVLP036,2
1782318275,1690706380,LC17,PVLP037_R,LC17,PVLP037,2
1782318275,1695693354,LC17,PVLP072_R,LC17,PVLP072,7
1782318275,1724345210,LC17,NA,LC17,NA,2
1782318275,1747518018,LC17,LC17,LC17,LC17,5
1782318275,1750251452,LC17,LC17,LC17,LC17,3
1782318275,1752962124,LC17,LC17,LC17,LC17,2
1782318275,1783690466,LC17,LC17,LC17,LC17,3
1782318275,1814410124,LC17,LC17,LC17,LC17,3
1782318275,1817112855,LC17,LC17,LC17,LC17,2
1782318275,1817113079,LC17,LC17,LC17,LC17,3
1782318275,1817448971,LC17,LC17,LC17,LC17,3
1782318275,1817449229,LC17,LC17,LC17,LC17,3
1782318275,1817449375,LC17,LC17,LC17,LC17,6
1782318275,1817452948,LC17,LC17,LC17,LC17,2
1782318275,1817453065,LC17,LC17,LC17,LC17,2
1782318275,1817457847,LC17,LC17,LC17,LC17,3
1782318275,1817458052,LC17,LC17,LC17,LC17,2
1782318275,1817463007,LC17,LC17,LC17,LC17,3
1782318275,1817786077,LC17,LC17,LC17,LC17,3
1782318275,1817794442,LC17,NA,LC17,NA,2
1782318275,1818122205,LC17,LC17,LC17,LC17,2
1782318275,1847806275,LC17,LC17,LC17,LC17,3
1782318275,1848151236,LC17,LC17,LC17,LC17,2
1782318275,1848156241,LC17,LC17,LC17,LC17,2
1782318275,1848506169,LC17,NA,LC17,NA,2
1782318275,1848506334,LC17,NA,LC17,NA,2
1782318275,1848837843,LC17,LC17,LC17,LC17,2
1782318275,1849174873,LC17,NA,LC17,NA,2
1782318275,1849179266,LC17,LC17,LC17,LC17,2
1782318275,1849183960,LC17,LC17(lVLPT7)_R,LC17,LC17,2
1782318275,1849503142,LC17,LC17,LC17,LC17,3
1782318275,1849507321,LC17,LC17,LC17,LC17,6
1782318275,1849520324,LC17,LC17,LC17,LC17,3
1782318275,1880209425,LC17,LC17(lVLPT7)_R,LC17,LC17,2
1782318275,1880887003,LC17,LC17,LC17,LC17,3
1782318275,1942629033,LC17,NA,LC17,NA,2
1782318275,1974669555,LC17,NA,LC17,NA,2
1782318275,1974682390,LC17,LC17(lVLPT7)_R,LC17,LC17,2
1782318275,2066781727,LC17,NA,LC17,NA,2
1782318275,2245501457,LC17,LC17,LC17,LC17,3
1782318275,5812993994,LC17,LC17,LC17,LC17,4
1782318275,5813017315,LC17,AVLP479_R,LC17,AVLP479,11
1782318275,5813038679,LC17,LC17,LC17,LC17,3
1782318275,5813038918,LC17,LC17,LC17,LC17,2
1782318275,5813039148,LC17,PVLP011_R,LC17,PVLP011,47
1782318275,5813057579,LC17,AVLP538_R,LC17,AVLP538,15
1782318275,5813068239,LC17,LC17,LC17,LC17,2
1782318275,5813077633,LC17,AVLP479_R,LC17,AVLP479,10
1782318275,5813080260,LC17,AVLP153_R,LC17,AVLP153,5
1782680353,447228814,LC17,PVLP106_R,LC17,PVLP106,40
1782680353,1068885266,LC17,PVLP151(SCB004)_R,LC17,PVLP151,3
1782680353,1219592090,LC17,LC17(lVLPT7)_R,LC17,LC17,3
1782680353,1221280490,LC17,LC17(lVLPT7)_R,LC17,LC17,4
1782680353,1221285175,LC17,LC17,LC17,LC17,2
1782680353,1313702895,LC17,LC17,LC17,LC17,3
1782680353,1321305370,LC17,PVLP061_R,LC17,PVLP061,72
1782680353,1347126097,LC17,LC17,LC17,LC17,3
1782680353,1347812305,LC17,LC17(lVLPT7)_R,LC17,LC17,3
1782680353,1354394414,LC17,PVLP120_R,LC17,PVLP120,7
1782680353,1374063129,LC17,PVLP132_R,LC17,PVLP132,4
1782680353,1381997776,LC17,PVLP071_R,LC17,PVLP071,6
1782680353,1382308349,LC17,PVLP071_R,LC17,PVLP071,5
1782680353,1435791739,LC17,PVLP132_R,LC17,PVLP132,8
1782680353,1449486007,LC17,AVLP537_R,LC17,AVLP537,8
1782680353,1467859487,LC17,LC17,LC17,LC17,2
1782680353,1471607030,LC17,LC17,LC17,LC17,3
1782680353,1472965897,LC17,LC17,LC17,LC17,2
1782680353,1473648518,LC17,LC17,LC17,LC17,2
1782680353,1479147574,LC17,PVLP072_R,LC17,PVLP072,7
1782680353,1508123633,LC17,PVLP018_R,LC17,PVLP018,7
1782680353,1530606252,LC17,LC17(lVLPT7)_R,LC17,LC17,2
1782680353,1535082316,LC17,PVLP135_R,LC17,PVLP135,5
1782680353,1535086505,LC17,PVLP135_R,LC17,PVLP135,20
1782680353,1561301125,LC17,LC17,LC17,LC17,4
1782680353,1562707421,LC17,LC17(lVLPT7)_R,LC17,LC17,2
1782680353,1563355501,LC17,LC17,LC17,LC17,5
1782680353,1603645798,LC17,PVLP072_R,LC17,PVLP072,6
1782680353,1621008677,LC17,LC17,LC17,LC17,2
1782680353,1622360309,LC17,LC17,LC17,LC17,2
1782680353,1629163100,LC17,LC17(lVLPT7)_R,LC17,LC17,2
1782680353,1630342162,LC17,PVLP036_R,LC17,PVLP036,3
1782680353,1656834653,LC17,LC17,LC17,LC17,2
1782680353,1684443103,LC17,LC17,LC17,LC17,2
1782680353,1690694192,LC17,PVLP036_R,LC17,PVLP036,3
1782680353,1690698128,LC17,PVLP036_R,LC17,PVLP036,3
1782680353,1690917721,LC17,LC17,LC17,LC17,2
1782680353,1695693354,LC17,PVLP072_R,LC17,PVLP072,2
1782680353,1714791446,LC17,LC17,LC17,LC17,2
1782680353,1720105182,LC17,NA,LC17,NA,6
1782680353,1720454234,LC17,NA,LC17,NA,2
1782680353,1724345210,LC17,NA,LC17,NA,3
1782680353,1750251452,LC17,LC17,LC17,LC17,3
1782680353,1751262627,LC17,LC17,LC17,LC17,2
1782680353,1751666374,LC17,LC17,LC17,LC17,2
1782680353,1753670596,LC17,LC17(lVLPT4)_R,LC17,LC17,2
1782680353,1808241116,LC17,LC17,LC17,LC17,2
1782680353,1812363713,LC17,LC17,LC17,LC17,5
1782680353,1812696567,LC17,LC17,LC17,LC17,3
1782680353,1813028777,LC17,LC17,LC17,LC17,2
1782680353,1814060070,LC17,LC17,LC17,LC17,4
1782680353,1814729788,LC17,LC17,LC17,LC17,2
1782680353,1817108009,LC17,LC17,LC17,LC17,2
1782680353,1817112807,LC17,LC17(lVLPT4)_R,LC17,LC17,3
1782680353,1817444555,LC17,LC17,LC17,LC17,2
1782680353,1817448971,LC17,LC17,LC17,LC17,3
1782680353,1817449229,LC17,LC17,LC17,LC17,2
1782680353,1817452948,LC17,LC17,LC17,LC17,2
1782680353,1817785661,LC17,LC17,LC17,LC17,2
1782680353,1817790281,LC17,LC17(lVLPT4)_R,LC17,LC17,3
1782680353,1817799390,LC17,LC17,LC17,LC17,2
1782680353,1818473569,LC17,LC17,LC17,LC17,5
1782680353,1845772658,LC17,LC17(lVLPT7)_R,LC17,LC17,3
1782680353,1847806203,LC17,LC17,LC17,LC17,4
1782680353,1847806275,LC17,LC17,LC17,LC17,2
1782680353,1847815147,LC17,LC17(lVLPT7)_R,LC17,LC17,2
1782680353,1848143184,LC17,LC17,LC17,LC17,5
1782680353,1848151571,LC17,LC17(lVLPT7)_R,LC17,LC17,2
1782680353,1849161461,LC17,NA,LC17,NA,2
1782680353,1849507321,LC17,LC17,LC17,LC17,2
1782680353,1849857401,LC17,NA,LC17,NA,2
1782680353,1875124235,LC17,LC17,LC17,LC17,5
1782680353,1875460978,LC17,LC17,LC17,LC17,2
1782680353,1880887003,LC17,LC17,LC17,LC17,2
1782680353,1912600163,LC17,LC17,LC17,LC17,2
1782680353,1972653681,LC17,NA,LC17,NA,2
1782680353,1973318611,LC17,NA,LC17,NA,2
1782680353,1973987542,LC17,NA,LC17,NA,2
1782680353,1974682390,LC17,LC17(lVLPT7)_R,LC17,LC17,3
1782680353,2067795779,LC17,NA,LC17,NA,2
1782680353,2129192127,LC17,NA,LC17,NA,2
1782680353,5812991769,LC17,LC17,LC17,LC17,2
1782680353,5812992219,LC17,LC17,LC17,LC17,2
1782680353,5813017315,LC17,AVLP479_R,LC17,AVLP479,8
1782680353,5813027276,LC17,AVLP080_R,LC17,AVLP080,2
1782680353,5813039148,LC17,PVLP011_R,LC17,PVLP011,44
1782680353,5813039410,LC17,LC17,LC17,LC17,2
1782680353,5813057579,LC17,AVLP538_R,LC17,AVLP538,18
1782680353,5813077633,LC17,AVLP479_R,LC17,AVLP479,12
1782680353,5813080260,LC17,AVLP153_R,LC17,AVLP153,6
1783361972,447228814,LC17,PVLP106_R,LC17,PVLP106,39
1783361972,1068885266,LC17,PVLP151(SCB004)_R,LC17,PVLP151,7
1783361972,1070950293,LC17,PVLP151(SCB004)_R,LC17,PVLP151,2
1783361972,1158877703,LC17,LC17(lVLPT4)_R,LC17,LC17,2
1783361972,1158877783,LC17,LC17,LC17,LC17,4
1783361972,1221285175,LC17,LC17,LC17,LC17,2
1783361972,1250277991,LC17,LC17,LC17,LC17,2
1783361972,1321305370,LC17,PVLP061_R,LC17,PVLP061,79
1783361972,1346900360,LC17,PLP017_R,LC17,PLP017,2
1783361972,1347126097,LC17,LC17,LC17,LC17,3
1783361972,1354394414,LC17,PVLP120_R,LC17,PVLP120,8
1783361972,1374063129,LC17,PVLP132_R,LC17,PVLP132,13
1783361972,1381997776,LC17,PVLP071_R,LC17,PVLP071,11
1783361972,1382308349,LC17,PVLP071_R,LC17,PVLP071,12
1783361972,1435791739,LC17,PVLP132_R,LC17,PVLP132,11
1783361972,1449486007,LC17,AVLP537_R,LC17,AVLP537,15
1783361972,1471610338,LC17,LC17,LC17,LC17,2
1783361972,1477148598,LC17,PVLP075_R,LC17,PVLP075,2
1783361972,1479147574,LC17,PVLP072_R,LC17,PVLP072,12
1783361972,1479492693,LC17,PVLP072_R,LC17,PVLP072,7
1783361972,1504428248,LC17,PVLP075_R,LC17,PVLP075,3
1783361972,1508123633,LC17,PVLP018_R,LC17,PVLP018,9
1783361972,1535082316,LC17,PVLP135_R,LC17,PVLP135,24
1783361972,1535086505,LC17,PVLP135_R,LC17,PVLP135,18
1783361972,1563355501,LC17,LC17,LC17,LC17,2
1783361972,1573612290,LC17,PVLP085_R,LC17,PVLP085,2
1783361972,1599285725,LC17,(PVL05)_L?,LC17,NA,2
1783361972,1603645798,LC17,PVLP072_R,LC17,PVLP072,8
1783361972,1603957106,LC17,AVLP409_R,LC17,AVLP409,4
1783361972,1630342162,LC17,PVLP036_R,LC17,PVLP036,7
1783361972,1654413566,LC17,LC17,LC17,LC17,2
1783361972,1656834653,LC17,LC17,LC17,LC17,3
1783361972,1659515529,LC17,LC17,LC17,LC17,2
1783361972,1663639752,LC17,NA,LC17,NA,3
1783361972,1690694192,LC17,PVLP036_R,LC17,PVLP036,4
1783361972,1690698128,LC17,PVLP036_R,LC17,PVLP036,4
1783361972,1695693354,LC17,PVLP072_R,LC17,PVLP072,10
1783361972,1714791446,LC17,LC17,LC17,LC17,2
1783361972,1722307233,LC17,LC17(lVLPT7)_R,LC17,LC17,3
1783361972,1724345210,LC17,NA,LC17,NA,4
1783361972,1752962124,LC17,LC17,LC17,LC17,3
1783361972,1754019541,LC17,LC17,LC17,LC17,4
1783361972,1779567374,LC17,LC17,LC17,LC17,2
1783361972,1781333405,LC17,LC17,LC17,LC17,2
1783361972,1812696567,LC17,LC17,LC17,LC17,3
1783361972,1814060070,LC17,LC17,LC17,LC17,2
1783361972,1814729788,LC17,LC17,LC17,LC17,4
1783361972,1817112807,LC17,LC17(lVLPT4)_R,LC17,LC17,3
1783361972,1817449229,LC17,LC17,LC17,LC17,2
1783361972,1817449236,LC17,LC17,LC17,LC17,2
1783361972,1817452948,LC17,LC17,LC17,LC17,3
1783361972,1817453065,LC17,LC17,LC17,LC17,2
1783361972,1817457808,LC17,LC17,LC17,LC17,3
1783361972,1817785661,LC17,LC17,LC17,LC17,2
1783361972,1817790222,LC17,LC17,LC17,LC17,2
1783361972,1817799390,LC17,LC17,LC17,LC17,5
1783361972,1818122205,LC17,LC17,LC17,LC17,2
1783361972,1845772658,LC17,LC17(lVLPT7)_R,LC17,LC17,4
1783361972,1847806203,LC17,LC17,LC17,LC17,3
1783361972,1847810811,LC17,LC17(lVLPT7)_R,LC17,LC17,3
1783361972,1848143184,LC17,LC17,LC17,LC17,2
1783361972,1848492714,LC17,LC17,LC17,LC17,2
1783361972,1848506169,LC17,NA,LC17,NA,2
1783361972,1849161407,LC17,LC17,LC17,LC17,2
1783361972,1849166071,LC17,LC17,LC17,LC17,2
1783361972,1849179266,LC17,LC17,LC17,LC17,4
1783361972,1849183960,LC17,LC17(lVLPT7)_R,LC17,LC17,3
1783361972,1849520554,LC17,NA,LC17,NA,3
1783361972,1879226079,LC17,NA,LC17,NA,3
1783361972,1879519066,LC17,LC17,LC17,LC17,2
1783361972,1879877415,LC17,LC17(lVLPT4)_R,LC17,LC17,2
1783361972,1942948161,LC17,NA,LC17,NA,3
1783361972,5812991769,LC17,LC17,LC17,LC17,5
1783361972,5812992219,LC17,LC17,LC17,LC17,2
1783361972,5812993994,LC17,LC17,LC17,LC17,2
1783361972,5812998833,LC17,LC17,LC17,LC17,2
1783361972,5813017315,LC17,AVLP479_R,LC17,AVLP479,7
1783361972,5813027276,LC17,AVLP080_R,LC17,AVLP080,2
1783361972,5813034336,LC17,LC17(lVLPT4)_R,LC17,LC17,2
1783361972,5813038679,LC17,LC17,LC17,LC17,2
1783361972,5813038918,LC17,LC17,LC17,LC17,3
1783361972,5813039148,LC17,PVLP011_R,LC17,PVLP011,49
1783361972,5813039410,LC17,LC17,LC17,LC17,3
1783361972,5813057178,LC17,PVLP136_R,LC17,PVLP136,5
1783361972,5813057579,LC17,AVLP538_R,LC17,AVLP538,24
1783361972,5813077633,LC17,AVLP479_R,LC17,AVLP479,7
1783361972,5813080260,LC17,AVLP153_R,LC17,AVLP153,3
1783690466,447228814,LC17,PVLP106_R,LC17,PVLP106,39
1783690466,1068885266,LC17,PVLP151(SCB004)_R,LC17,PVLP151,6
1783690466,1219592090,LC17,LC17(lVLPT7)_R,LC17,LC17,4
1783690466,1221285175,LC17,LC17,LC17,LC17,3
1783690466,1250277991,LC17,LC17,LC17,LC17,3
1783690466,1321305370,LC17,PVLP061_R,LC17,PVLP061,68
1783690466,1345079276,LC17,LC17,LC17,LC17,3
1783690466,1354394414,LC17,PVLP120_R,LC17,PVLP120,9
1783690466,1374063129,LC17,PVLP132_R,LC17,PVLP132,13
1783690466,1381997776,LC17,PVLP071_R,LC17,PVLP071,9
1783690466,1382308349,LC17,PVLP071_R,LC17,PVLP071,11
1783690466,1435791739,LC17,PVLP132_R,LC17,PVLP132,3
1783690466,1437165487,LC17,LC17,LC17,LC17,2
1783690466,1449486007,LC17,AVLP537_R,LC17,AVLP537,13
1783690466,1471607030,LC17,LC17,LC17,LC17,5
1783690466,1472965897,LC17,LC17,LC17,LC17,4
1783690466,1473332777,LC17,LC17(lVLPT7)_R,LC17,LC17,2
1783690466,1479147574,LC17,PVLP072_R,LC17,PVLP072,15
1783690466,1479492693,LC17,PVLP072_R,LC17,PVLP072,4
1783690466,1508123633,LC17,PVLP018_R,LC17,PVLP018,5
1783690466,1512232956,LC17,AVLP135_R,LC17,AVLP135,2
1783690466,1534694621,LC17,LC17,LC17,LC17,2
1783690466,1535082316,LC17,PVLP135_R,LC17,PVLP135,17
1783690466,1535086505,LC17,PVLP135_R,LC17,PVLP135,24
1783690466,1593012939,LC17,LC17,LC17,LC17,3
1783690466,1603645798,LC17,PVLP072_R,LC17,PVLP072,5
1783690466,1622360309,LC17,LC17,LC17,LC17,3
1783690466,1625800608,LC17,LC17,LC17,LC17,4
1783690466,1630342162,LC17,PVLP036_R,LC17,PVLP036,10
1783690466,1654413566,LC17,LC17,LC17,LC17,2
1783690466,1663639752,LC17,NA,LC17,NA,5
1783690466,1684443103,LC17,LC17,LC17,LC17,3
1783690466,1690694192,LC17,PVLP036_R,LC17,PVLP036,4
1783690466,1690698128,LC17,PVLP036_R,LC17,PVLP036,3
1783690466,1690917721,LC17,LC17,LC17,LC17,2
1783690466,1695693354,LC17,PVLP072_R,LC17,PVLP072,2
1783690466,1719928105,LC17,LC17,LC17,LC17,4
1783690466,1720105182,LC17,NA,LC17,NA,2
1783690466,1720454234,LC17,NA,LC17,NA,2
1783690466,1724345210,LC17,NA,LC17,NA,2
1783690466,1747518018,LC17,LC17,LC17,LC17,2
1783690466,1748187330,LC17,LC17,LC17,LC17,2
1783690466,1750251452,LC17,LC17,LC17,LC17,4
1783690466,1753670596,LC17,LC17(lVLPT4)_R,LC17,LC17,4
1783690466,1776865370,LC17,LC17,LC17,LC17,2
1783690466,1781324410,LC17,LC17,LC17,LC17,7
1783690466,1807572051,LC17,LC17,LC17,LC17,3
1783690466,1808241116,LC17,LC17,LC17,LC17,2
1783690466,1812363713,LC17,LC17,LC17,LC17,2
1783690466,1813028777,LC17,LC17,LC17,LC17,2
1783690466,1814031575,LC17,LC17,LC17,LC17,3
1783690466,1814055949,LC17,LC17,LC17,LC17,2
1783690466,1814410124,LC17,LC17,LC17,LC17,2
1783690466,1817108009,LC17,LC17,LC17,LC17,4
1783690466,1817449116,LC17,LC17(lVLPT4)_R,LC17,LC17,3
1783690466,1817452948,LC17,LC17,LC17,LC17,2
1783690466,1817453065,LC17,LC17,LC17,LC17,4
1783690466,1817457808,LC17,LC17,LC17,LC17,2
1783690466,1817457847,LC17,LC17,LC17,LC17,2
1783690466,1817457987,LC17,LC17,LC17,LC17,2
1783690466,1817463007,LC17,LC17,LC17,LC17,2
1783690466,1817790176,LC17,LC17,LC17,LC17,2
1783690466,1817790222,LC17,LC17,LC17,LC17,3
1783690466,1817799390,LC17,LC17,LC17,LC17,3
1783690466,1818136404,LC17,LC17,LC17,LC17,5
1783690466,1848492714,LC17,LC17,LC17,LC17,2
1783690466,1848506334,LC17,NA,LC17,NA,2
1783690466,1848824817,LC17,LC17,LC17,LC17,2
1783690466,1849174879,LC17,LC17(lVLPT7)_R,LC17,LC17,2
1783690466,1849178917,LC17,LC17,LC17,LC17,2
1783690466,1849503142,LC17,LC17,LC17,LC17,2
1783690466,1875124235,LC17,LC17,LC17,LC17,2
1783690466,1875460978,LC17,LC17,LC17,LC17,3
1783690466,1879226079,LC17,NA,LC17,NA,3
1783690466,1879855184,LC17,NA,LC17,NA,2
1783690466,1880209425,LC17,LC17(lVLPT7)_R,LC17,LC17,3
1783690466,1880887003,LC17,LC17,LC17,LC17,2
1783690466,1911589342,LC17,NA,LC17,NA,2
1783690466,1942306052,LC17,NA,LC17,NA,2
1783690466,1973344707,LC17,NA,LC17,NA,2
1783690466,2003684308,LC17,NA,LC17,NA,2
1783690466,2005044052,LC17,NA,LC17,NA,2
1783690466,2098157536,LC17,NA,LC17,NA,2
1783690466,2098494223,LC17,NA,LC17,NA,3
1783690466,5812992219,LC17,LC17,LC17,LC17,3
1783690466,5813017315,LC17,AVLP479_R,LC17,AVLP479,11
1783690466,5813039148,LC17,PVLP011_R,LC17,PVLP011,41
1783690466,5813054384,LC17,PPM1203_R,LC17,PPM1203,2
1783690466,5813057178,LC17,PVLP136_R,LC17,PVLP136,6
1783690466,5813057579,LC17,AVLP538_R,LC17,AVLP538,20
1783690466,5813077633,LC17,AVLP479_R,LC17,AVLP479,7
1783690466,5813080260,LC17,AVLP153_R,LC17,AVLP153,10
1807572051,447228814,LC17,PVLP106_R,LC17,PVLP106,46
1807572051,912601209,LC17,PLP244(SCB010)_L,LC17,PLP244,2
1807572051,1068885266,LC17,PVLP151(SCB004)_R,LC17,PVLP151,14
1807572051,1070950293,LC17,PVLP151(SCB004)_R,LC17,PVLP151,2
1807572051,1158877703,LC17,LC17(lVLPT4)_R,LC17,LC17,4
1807572051,1250277991,LC17,LC17,LC17,LC17,6
1807572051,1312061760,LC17,AVLP572_R,LC17,AVLP572,2
1807572051,1321305370,LC17,PVLP061_R,LC17,PVLP061,72
1807572051,1347812305,LC17,LC17(lVLPT7)_R,LC17,LC17,4
1807572051,1354394414,LC17,PVLP120_R,LC17,PVLP120,15
1807572051,1374063129,LC17,PVLP132_R,LC17,PVLP132,15
1807572051,1375769049,LC17,LC17,LC17,LC17,2
1807572051,1382308349,LC17,PVLP071_R,LC17,PVLP071,2
1807572051,1435791739,LC17,PVLP132_R,LC17,PVLP132,12
1807572051,1449486007,LC17,AVLP537_R,LC17,AVLP537,5
1807572051,1474424990,LC17,PVLP073_R,LC17,PVLP073,4
1807572051,1477148598,LC17,PVLP075_R,LC17,PVLP075,4
1807572051,1479147574,LC17,PVLP072_R,LC17,PVLP072,11
1807572051,1479492693,LC17,PVLP072_R,LC17,PVLP072,2
1807572051,1508123633,LC17,PVLP018_R,LC17,PVLP018,9
1807572051,1512232956,LC17,AVLP135_R,LC17,AVLP135,2
1807572051,1535082316,LC17,PVLP135_R,LC17,PVLP135,17
1807572051,1535086505,LC17,PVLP135_R,LC17,PVLP135,23
1807572051,1539496112,LC17,PVLP073_R,LC17,PVLP073,3
1807572051,1562707421,LC17,LC17(lVLPT7)_R,LC17,LC17,2
1807572051,1593012939,LC17,LC17,LC17,LC17,3
1807572051,1603645798,LC17,PVLP072_R,LC17,PVLP072,8
1807572051,1603957106,LC17,AVLP409_R,LC17,AVLP409,2
1807572051,1628528573,LC17,LC17,LC17,LC17,2
1807572051,1629163100,LC17,LC17(lVLPT7)_R,LC17,LC17,2
1807572051,1630342162,LC17,PVLP036_R,LC17,PVLP036,9
1807572051,1658881325,LC17,LC17,LC17,LC17,3
1807572051,1663639752,LC17,NA,LC17,NA,2
1807572051,1690694192,LC17,PVLP036_R,LC17,PVLP036,13
1807572051,1695693354,LC17,PVLP072_R,LC17,PVLP072,8
1807572051,1714791446,LC17,LC17,LC17,LC17,2
1807572051,1720105182,LC17,NA,LC17,NA,4
1807572051,1722307233,LC17,LC17(lVLPT7)_R,LC17,LC17,2
1807572051,1751666374,LC17,LC17,LC17,LC17,2
1807572051,1753670596,LC17,LC17(lVLPT4)_R,LC17,LC17,2
1807572051,1754019541,LC17,LC17,LC17,LC17,2
1807572051,1776865370,LC17,LC17,LC17,LC17,2
1807572051,1781324410,LC17,LC17,LC17,LC17,2
1807572051,1783361972,LC17,LC17,LC17,LC17,2
1807572051,1783690466,LC17,LC17,LC17,LC17,2
1807572051,1813382259,LC17,LC17(lVLPT7)_R,LC17,LC17,2
1807572051,1814410124,LC17,LC17,LC17,LC17,4
1807572051,1814729223,LC17,LC17(lVLPT7)_R,LC17,LC17,2
1807572051,1817107934,LC17,LC17,LC17,LC17,3
1807572051,1817112855,LC17,LC17,LC17,LC17,2
1807572051,1817449059,LC17,LC17,LC17,LC17,4
1807572051,1817449236,LC17,LC17,LC17,LC17,6
1807572051,1817449375,LC17,LC17,LC17,LC17,3
1807572051,1817453257,LC17,LC17,LC17,LC17,2
1807572051,1817457847,LC17,LC17,LC17,LC17,3
1807572051,1817457984,LC17,LC17,LC17,LC17,3
1807572051,1817785682,LC17,LC17,LC17,LC17,2
1807572051,1817786077,LC17,LC17,LC17,LC17,2
1807572051,1818122205,LC17,LC17,LC17,LC17,3
1807572051,1818136404,LC17,LC17,LC17,LC17,3
1807572051,1845772658,LC17,LC17(lVLPT7)_R,LC17,LC17,2
1807572051,1848151236,LC17,LC17,LC17,LC17,2
1807572051,1848156241,LC17,LC17,LC17,LC17,4
1807572051,1848492258,LC17,LC17,LC17,LC17,2
1807572051,1848506334,LC17,NA,LC17,NA,3
1807572051,1848820426,LC17,LC17(lVLPT7)_R,LC17,LC17,2
1807572051,1848828925,LC17,LC17(lVLPT7)_R,LC17,LC17,3
1807572051,1849157449,LC17,NA,LC17,NA,2
1807572051,1875124235,LC17,LC17,LC17,LC17,2
1807572051,1875460978,LC17,LC17,LC17,LC17,3
1807572051,1878845629,LC17,LC17,LC17,LC17,2
1807572051,1879226079,LC17,NA,LC17,NA,4
1807572051,1879872446,LC17,NA,LC17,NA,2
1807572051,1879877415,LC17,LC17(lVLPT4)_R,LC17,LC17,2
1807572051,1880887003,LC17,LC17,LC17,LC17,4
1807572051,1908865507,LC17,LC17,LC17,LC17,3
1807572051,1910920228,LC17,NA,LC17,NA,4
1807572051,1911231415,LC17,NA,LC17,NA,3
1807572051,1937193993,LC17,LC17,LC17,LC17,2
1807572051,1941955396,LC17,NA,LC17,NA,3
1807572051,1941960033,LC17,NA,LC17,NA,6
1807572051,1942611743,LC17,NA,LC17,NA,2
1807572051,1973331279,LC17,NA,LC17,NA,2
1807572051,2003338757,LC17,NA,LC17,NA,3
1807572051,2004029710,LC17,NA,LC17,NA,2
1807572051,2066095436,LC17,NA,LC17,NA,2
1807572051,5812992219,LC17,LC17,LC17,LC17,2
1807572051,5812992468,LC17,LC17,LC17,LC17,2
1807572051,5812999009,LC17,LC17(lVLPT4)_R,LC17,LC17,2
1807572051,5813017315,LC17,AVLP479_R,LC17,AVLP479,6
1807572051,5813039148,LC17,PVLP011_R,LC17,PVLP011,56
1807572051,5813054384,LC17,PPM1203_R,LC17,PPM1203,2
1807572051,5813057579,LC17,AVLP538_R,LC17,AVLP538,17
1807572051,5813077633,LC17,AVLP479_R,LC17,AVLP479,7
1808241116,447228814,LC17,PVLP106_R,LC17,PVLP106,40
1808241116,1068885266,LC17,PVLP151(SCB004)_R,LC17,PVLP151,9
1808241116,1070950293,LC17,PVLP151(SCB004)_R,LC17,PVLP151,7
1808241116,1158877783,LC17,LC17,LC17,LC17,4
1808241116,1190250299,LC17,LC17,LC17,LC17,2
1808241116,1250277991,LC17,LC17,LC17,LC17,2
1808241116,1321305370,LC17,PVLP061_R,LC17,PVLP061,61
1808241116,1347812305,LC17,LC17(lVLPT7)_R,LC17,LC17,4
1808241116,1354394414,LC17,PVLP120_R,LC17,PVLP120,8
1808241116,1374063129,LC17,PVLP132_R,LC17,PVLP132,8
1808241116,1381997776,LC17,PVLP071_R,LC17,PVLP071,5
1808241116,1382308349,LC17,PVLP071_R,LC17,PVLP071,4
1808241116,1405788552,LC17,LC17,LC17,LC17,2
1808241116,1435791739,LC17,PVLP132_R,LC17,PVLP132,12
1808241116,1449486007,LC17,AVLP537_R,LC17,AVLP537,8
1808241116,1466844031,LC17,LC17,LC17,LC17,2
1808241116,1471610338,LC17,LC17,LC17,LC17,3
1808241116,1473648518,LC17,LC17,LC17,LC17,2
1808241116,1479147574,LC17,PVLP072_R,LC17,PVLP072,12
1808241116,1497200791,LC17,LC17,LC17,LC17,2
1808241116,1508123633,LC17,PVLP018_R,LC17,PVLP018,6
1808241116,1528577476,LC17,LC17,LC17,LC17,2
1808241116,1535082316,LC17,PVLP135_R,LC17,PVLP135,14
1808241116,1535086505,LC17,PVLP135_R,LC17,PVLP135,21
1808241116,1561301125,LC17,LC17,LC17,LC17,4
1808241116,1563355501,LC17,LC17,LC17,LC17,3
1808241116,1603645798,LC17,PVLP072_R,LC17,PVLP072,7
1808241116,1629163100,LC17,LC17(lVLPT7)_R,LC17,LC17,3
1808241116,1630342162,LC17,PVLP036_R,LC17,PVLP036,15
1808241116,1687831632,LC17,LC17,LC17,LC17,2
1808241116,1690694192,LC17,PVLP036_R,LC17,PVLP036,2
1808241116,1695693354,LC17,PVLP072_R,LC17,PVLP072,2
1808241116,1720105182,LC17,NA,LC17,NA,2
1808241116,1720454234,LC17,NA,LC17,NA,3
1808241116,1724345210,LC17,NA,LC17,NA,3
1808241116,1747181914,LC17,LC17,LC17,LC17,2
1808241116,1747518018,LC17,LC17,LC17,LC17,2
1808241116,1748187330,LC17,LC17,LC17,LC17,2
1808241116,1781324410,LC17,LC17,LC17,LC17,2
1808241116,1783690466,LC17,LC17,LC17,LC17,2
1808241116,1813028777,LC17,LC17,LC17,LC17,2
1808241116,1814729223,LC17,LC17(lVLPT7)_R,LC17,LC17,2
1808241116,1817112807,LC17,LC17(lVLPT4)_R,LC17,LC17,5
1808241116,1817444670,LC17,LC17(lVLPT7)_R,LC17,LC17,2
1808241116,1817449059,LC17,LC17,LC17,LC17,2
1808241116,1817449229,LC17,LC17,LC17,LC17,2
1808241116,1817449236,LC17,LC17,LC17,LC17,2
1808241116,1817449375,LC17,LC17,LC17,LC17,4
1808241116,1817453065,LC17,LC17,LC17,LC17,2
1808241116,1817453257,LC17,LC17,LC17,LC17,2
1808241116,1817457808,LC17,LC17,LC17,LC17,2
1808241116,1817463007,LC17,LC17,LC17,LC17,2
1808241116,1817785682,LC17,LC17,LC17,LC17,2
1808241116,1817790176,LC17,LC17,LC17,LC17,3
1808241116,1817794820,LC17,LC17(lVLPT7)_R,LC17,LC17,3
1808241116,1818122205,LC17,LC17,LC17,LC17,3
1808241116,1848483949,LC17,LC17(lVLPT4)_R,LC17,LC17,3
1808241116,1848506334,LC17,NA,LC17,NA,3
1808241116,1849179266,LC17,LC17,LC17,LC17,2
1808241116,1876820783,LC17,LC17,LC17,LC17,2
1808241116,1878845629,LC17,LC17,LC17,LC17,3
1808241116,1879519066,LC17,LC17,LC17,LC17,2
1808241116,1880209425,LC17,LC17(lVLPT7)_R,LC17,LC17,3
1808241116,1908865507,LC17,LC17,LC17,LC17,2
1808241116,1910920474,LC17,NA,LC17,NA,2
1808241116,1941955396,LC17,NA,LC17,NA,2
1808241116,5812991769,LC17,LC17,LC17,LC17,3
1808241116,5812998833,LC17,LC17,LC17,LC17,4
1808241116,5813017315,LC17,AVLP479_R,LC17,AVLP479,5
1808241116,5813027276,LC17,AVLP080_R,LC17,AVLP080,2
1808241116,5813039148,LC17,PVLP011_R,LC17,PVLP011,44
1808241116,5813057579,LC17,AVLP538_R,LC17,AVLP538,6
1808241116,5813076492,LC17,LC17,LC17,LC17,2
1808241116,5813077633,LC17,AVLP479_R,LC17,AVLP479,4
1808241116,5813080260,LC17,AVLP153_R,LC17,AVLP153,2
1812363713,447228814,LC17,PVLP106_R,LC17,PVLP106,44
1812363713,1190250299,LC17,LC17,LC17,LC17,3
1812363713,1250277991,LC17,LC17,LC17,LC17,3
1812363713,1312061760,LC17,AVLP572_R,LC17,AVLP572,3
1812363713,1321305370,LC17,PVLP061_R,LC17,PVLP061,65
1812363713,1354394414,LC17,PVLP120_R,LC17,PVLP120,10
1812363713,1374063129,LC17,PVLP132_R,LC17,PVLP132,14
1812363713,1381997776,LC17,PVLP071_R,LC17,PVLP071,3
1812363713,1382308349,LC17,PVLP071_R,LC17,PVLP071,5
1812363713,1435791739,LC17,PVLP132_R,LC17,PVLP132,17
1812363713,1449486007,LC17,AVLP537_R,LC17,AVLP537,8
1812363713,1471607030,LC17,LC17,LC17,LC17,2
1812363713,1477148598,LC17,PVLP075_R,LC17,PVLP075,2
1812363713,1479147574,LC17,PVLP072_R,LC17,PVLP072,7
1812363713,1479492693,LC17,PVLP072_R,LC17,PVLP072,3
1812363713,1508123633,LC17,PVLP018_R,LC17,PVLP018,7
1812363713,1535082316,LC17,PVLP135_R,LC17,PVLP135,12
1812363713,1535086505,LC17,PVLP135_R,LC17,PVLP135,17
1812363713,1562707421,LC17,LC17(lVLPT7)_R,LC17,LC17,2
1812363713,1603645798,LC17,PVLP072_R,LC17,PVLP072,5
1812363713,1625800608,LC17,LC17,LC17,LC17,2
1812363713,1630342162,LC17,PVLP036_R,LC17,PVLP036,8
1812363713,1690694192,LC17,PVLP036_R,LC17,PVLP036,15
1812363713,1690698128,LC17,PVLP036_R,LC17,PVLP036,3
1812363713,1690917721,LC17,LC17,LC17,LC17,2
1812363713,1695693354,LC17,PVLP072_R,LC17,PVLP072,7
1812363713,1720105182,LC17,NA,LC17,NA,5
1812363713,1747181914,LC17,LC17,LC17,LC17,3
1812363713,1747518018,LC17,LC17,LC17,LC17,2
1812363713,1748187330,LC17,LC17,LC17,LC17,2
1812363713,1754019541,LC17,LC17,LC17,LC17,2
1812363713,1781324410,LC17,LC17,LC17,LC17,3
1812363713,1782680353,LC17,LC17,LC17,LC17,5
1812363713,1807572051,LC17,LC17,LC17,LC17,2
1812363713,1813028777,LC17,LC17,LC17,LC17,2
1812363713,1813382259,LC17,LC17(lVLPT7)_R,LC17,LC17,2
1812363713,1814031575,LC17,LC17,LC17,LC17,2
1812363713,1817107934,LC17,LC17,LC17,LC17,2
1812363713,1817112807,LC17,LC17(lVLPT4)_R,LC17,LC17,2
1812363713,1817449059,LC17,LC17,LC17,LC17,2
1812363713,1817449375,LC17,LC17,LC17,LC17,3
1812363713,1817452948,LC17,LC17,LC17,LC17,2
1812363713,1817453257,LC17,LC17,LC17,LC17,2
1812363713,1817457984,LC17,LC17,LC17,LC17,2
1812363713,1817458164,LC17,LC17,LC17,LC17,2
1812363713,1817790222,LC17,LC17,LC17,LC17,2
1812363713,1817790281,LC17,LC17(lVLPT4)_R,LC17,LC17,3
1812363713,1817799390,LC17,LC17,LC17,LC17,4
1812363713,1818473569,LC17,LC17,LC17,LC17,3
1812363713,1847806203,LC17,LC17,LC17,LC17,2
1812363713,1847806275,LC17,LC17,LC17,LC17,3
1812363713,1848151618,LC17,NA,LC17,NA,2
1812363713,1848506334,LC17,NA,LC17,NA,3
1812363713,1848824817,LC17,LC17,LC17,LC17,2
1812363713,1848828925,LC17,LC17(lVLPT7)_R,LC17,LC17,3
1812363713,1848837843,LC17,LC17,LC17,LC17,2
1812363713,1849161220,LC17,LC17,LC17,LC17,2
1812363713,1849166071,LC17,LC17,LC17,LC17,2
1812363713,1849174879,LC17,LC17(lVLPT7)_R,LC17,LC17,2
1812363713,1849178917,LC17,LC17,LC17,LC17,2
1812363713,1849503093,LC17,NA,LC17,NA,2
1812363713,1878845629,LC17,LC17,LC17,LC17,4
1812363713,1881224284,LC17,NA,LC17,NA,3
1812363713,1908865507,LC17,LC17,LC17,LC17,2
1812363713,1941623121,LC17,NA,LC17,NA,4
1812363713,1974004779,LC17,NA,LC17,NA,2
1812363713,2029624973,LC17,LC17,LC17,LC17,2
1812363713,2067113702,LC17,NA,LC17,NA,3
1812363713,2245501457,LC17,LC17,LC17,LC17,2
1812363713,5812989875,LC17,AVLP409_R,LC17,AVLP409,2
1812363713,5812992219,LC17,LC17,LC17,LC17,2
1812363713,5812993994,LC17,LC17,LC17,LC17,2
1812363713,5812998833,LC17,LC17,LC17,LC17,2
1812363713,5813017315,LC17,AVLP479_R,LC17,AVLP479,8
1812363713,5813039148,LC17,PVLP011_R,LC17,PVLP011,42
1812363713,5813057579,LC17,AVLP538_R,LC17,AVLP538,12
1812363713,5813077633,LC17,AVLP479_R,LC17,AVLP479,13
1812363713,5813080260,LC17,AVLP153_R,LC17,AVLP153,5
1812696567,447228814,LC17,PVLP106_R,LC17,PVLP106,48
1812696567,1068885266,LC17,PVLP151(SCB004)_R,LC17,PVLP151,4
1812696567,1070950293,LC17,PVLP151(SCB004)_R,LC17,PVLP151,3
1812696567,1219592090,LC17,LC17(lVLPT7)_R,LC17,LC17,3
1812696567,1221285175,LC17,LC17,LC17,LC17,2
1812696567,1250277991,LC17,LC17,LC17,LC17,2
1812696567,1321305370,LC17,PVLP061_R,LC17,PVLP061,73
1812696567,1354394414,LC17,PVLP120_R,LC17,PVLP120,9
1812696567,1374063129,LC17,PVLP132_R,LC17,PVLP132,20
1812696567,1381997776,LC17,PVLP071_R,LC17,PVLP071,10
1812696567,1382308349,LC17,PVLP071_R,LC17,PVLP071,13
1812696567,1420172582,LC17,NA,LC17,NA,2
1812696567,1435791739,LC17,PVLP132_R,LC17,PVLP132,9
1812696567,1437165487,LC17,LC17,LC17,LC17,3
1812696567,1449486007,LC17,AVLP537_R,LC17,AVLP537,12
1812696567,1466844031,LC17,LC17,LC17,LC17,3
1812696567,1472965897,LC17,LC17,LC17,LC17,2
1812696567,1473332777,LC17,LC17(lVLPT7)_R,LC17,LC17,2
1812696567,1473648518,LC17,LC17,LC17,LC17,2
1812696567,1474424990,LC17,PVLP073_R,LC17,PVLP073,2
1812696567,1479147574,LC17,PVLP072_R,LC17,PVLP072,10
1812696567,1479492693,LC17,PVLP072_R,LC17,PVLP072,6
1812696567,1508123633,LC17,PVLP018_R,LC17,PVLP018,4
1812696567,1512232956,LC17,AVLP135_R,LC17,AVLP135,2
1812696567,1530606252,LC17,LC17(lVLPT7)_R,LC17,LC17,3
1812696567,1535082316,LC17,PVLP135_R,LC17,PVLP135,18
1812696567,1535086505,LC17,PVLP135_R,LC17,PVLP135,24
1812696567,1565729476,LC17,LC17,LC17,LC17,2
1812696567,1589972966,LC17,LC17(lVLPT4)_R,LC17,LC17,2
1812696567,1603645798,LC17,PVLP072_R,LC17,PVLP072,3
1812696567,1630342162,LC17,PVLP036_R,LC17,PVLP036,5
1812696567,1658881325,LC17,LC17,LC17,LC17,2
1812696567,1689200671,LC17,LC17,LC17,LC17,4
1812696567,1690694192,LC17,PVLP036_R,LC17,PVLP036,4
1812696567,1690698128,LC17,PVLP036_R,LC17,PVLP036,2
1812696567,1695693354,LC17,PVLP072_R,LC17,PVLP072,2
1812696567,1720105182,LC17,NA,LC17,NA,2
1812696567,1724345210,LC17,NA,LC17,NA,4
1812696567,1751262627,LC17,LC17,LC17,LC17,4
1812696567,1781324410,LC17,LC17,LC17,LC17,3
1812696567,1781333405,LC17,LC17,LC17,LC17,3
1812696567,1783361972,LC17,LC17,LC17,LC17,2
1812696567,1814055949,LC17,LC17,LC17,LC17,2
1812696567,1814060070,LC17,LC17,LC17,LC17,2
1812696567,1814410124,LC17,LC17,LC17,LC17,2
1812696567,1817448971,LC17,LC17,LC17,LC17,2
1812696567,1817449059,LC17,LC17,LC17,LC17,3
1812696567,1817453065,LC17,LC17,LC17,LC17,2
1812696567,1817457987,LC17,LC17,LC17,LC17,3
1812696567,1817458052,LC17,LC17,LC17,LC17,2
1812696567,1817785682,LC17,LC17,LC17,LC17,4
1812696567,1847806275,LC17,LC17,LC17,LC17,2
1812696567,1848138779,LC17,LC17,LC17,LC17,2
1812696567,1848151236,LC17,LC17,LC17,LC17,2
1812696567,1848151571,LC17,LC17(lVLPT7)_R,LC17,LC17,2
1812696567,1848828925,LC17,LC17(lVLPT7)_R,LC17,LC17,2
1812696567,1849183960,LC17,LC17(lVLPT7)_R,LC17,LC17,4
1812696567,1849507321,LC17,LC17,LC17,LC17,2
1812696567,1849520324,LC17,LC17,LC17,LC17,2
1812696567,1876820783,LC17,LC17,LC17,LC17,3
1812696567,1878845226,LC17,LC17,LC17,LC17,3
1812696567,1880209425,LC17,LC17(lVLPT7)_R,LC17,LC17,3
1812696567,1880555046,LC17,NA,LC17,NA,2
1812696567,2029624973,LC17,LC17,LC17,LC17,5
1812696567,5812988086,LC17,LC17,LC17,LC17,4
1812696567,5812993994,LC17,LC17,LC17,LC17,2
1812696567,5813017315,LC17,AVLP479_R,LC17,AVLP479,5
1812696567,5813034336,LC17,LC17(lVLPT4)_R,LC17,LC17,3
1812696567,5813039148,LC17,PVLP011_R,LC17,PVLP011,43
1812696567,5813039410,LC17,LC17,LC17,LC17,2
1812696567,5813057579,LC17,AVLP538_R,LC17,AVLP538,14
1812696567,5813068239,LC17,LC17,LC17,LC17,3
1812696567,5813076492,LC17,LC17,LC17,LC17,4
1812696567,5813077633,LC17,AVLP479_R,LC17,AVLP479,9
1812696567,5813080260,LC17,AVLP153_R,LC17,AVLP153,6
1813028777,447228814,LC17,PVLP106_R,LC17,PVLP106,23
1813028777,1068885266,LC17,PVLP151(SCB004)_R,LC17,PVLP151,6
1813028777,1221285175,LC17,LC17,LC17,LC17,3
1813028777,1313702895,LC17,LC17,LC17,LC17,2
1813028777,1321305370,LC17,PVLP061_R,LC17,PVLP061,56
1813028777,1347812305,LC17,LC17(lVLPT7)_R,LC17,LC17,3
1813028777,1348153557,LC17,LC17,LC17,LC17,3
1813028777,1354394414,LC17,PVLP120_R,LC17,PVLP120,11
1813028777,1374063129,LC17,PVLP132_R,LC17,PVLP132,3
1813028777,1381997776,LC17,PVLP071_R,LC17,PVLP071,2
1813028777,1382308349,LC17,PVLP071_R,LC17,PVLP071,3
1813028777,1435791739,LC17,PVLP132_R,LC17,PVLP132,7
1813028777,1449486007,LC17,AVLP537_R,LC17,AVLP537,5
1813028777,1471610338,LC17,LC17,LC17,LC17,2
1813028777,1479147574,LC17,PVLP072_R,LC17,PVLP072,7
1813028777,1479492693,LC17,PVLP072_R,LC17,PVLP072,5
1813028777,1497200791,LC17,LC17,LC17,LC17,2
1813028777,1508123633,LC17,PVLP018_R,LC17,PVLP018,5
1813028777,1535082316,LC17,PVLP135_R,LC17,PVLP135,11
1813028777,1535086505,LC17,PVLP135_R,LC17,PVLP135,17
1813028777,1539496112,LC17,PVLP073_R,LC17,PVLP073,2
1813028777,1603645798,LC17,PVLP072_R,LC17,PVLP072,11
1813028777,1628528573,LC17,LC17,LC17,LC17,2
1813028777,1630342162,LC17,PVLP036_R,LC17,PVLP036,4
1813028777,1684443103,LC17,LC17,LC17,LC17,4
1813028777,1689187126,LC17,LC17,LC17,LC17,2
1813028777,1690694192,LC17,PVLP036_R,LC17,PVLP036,6
1813028777,1690698128,LC17,PVLP036_R,LC17,PVLP036,2
1813028777,1695693354,LC17,PVLP072_R,LC17,PVLP072,4
1813028777,1720105182,LC17,NA,LC17,NA,2
1813028777,1720454234,LC17,NA,LC17,NA,2
1813028777,1748187330,LC17,LC17,LC17,LC17,3
1813028777,1783690466,LC17,LC17,LC17,LC17,3
1813028777,1808241116,LC17,LC17,LC17,LC17,3
1813028777,1817444670,LC17,LC17(lVLPT7)_R,LC17,LC17,2
1813028777,1817448971,LC17,LC17,LC17,LC17,3
1813028777,1817449059,LC17,LC17,LC17,LC17,2
1813028777,1817449375,LC17,LC17,LC17,LC17,2
1813028777,1817453065,LC17,LC17,LC17,LC17,3
1813028777,1817453257,LC17,LC17,LC17,LC17,2
1813028777,1818473569,LC17,LC17,LC17,LC17,2
1813028777,1847806203,LC17,LC17,LC17,LC17,2
1813028777,1848151571,LC17,LC17(lVLPT7)_R,LC17,LC17,2
1813028777,1848151877,LC17,LC17,LC17,LC17,2
1813028777,1849161407,LC17,LC17,LC17,LC17,3
1813028777,1849166071,LC17,LC17,LC17,LC17,3
1813028777,1908865507,LC17,LC17,LC17,LC17,3
1813028777,1911917800,LC17,NA,LC17,NA,2
1813028777,1912603791,LC17,NA,LC17,NA,3
1813028777,1937193993,LC17,LC17,LC17,LC17,2
1813028777,1941268788,LC17,NA,LC17,NA,2
1813028777,1942629033,LC17,NA,LC17,NA,2
1813028777,1942965779,LC17,NA,LC17,NA,3
1813028777,2067105799,LC17,NA,LC17,NA,3
1813028777,5812991769,LC17,LC17,LC17,LC17,2
1813028777,5812993994,LC17,LC17,LC17,LC17,3
1813028777,5813017315,LC17,AVLP479_R,LC17,AVLP479,7
1813028777,5813039148,LC17,PVLP011_R,LC17,PVLP011,28
1813028777,5813057579,LC17,AVLP538_R,LC17,AVLP538,8
1813028777,5813076492,LC17,LC17,LC17,LC17,2
1813028777,5813077633,LC17,AVLP479_R,LC17,AVLP479,7
1813382259,447228814,LC17(lVLPT7)_R,PVLP106_R,LC17,PVLP106,35
1813382259,1068885266,LC17(lVLPT7)_R,PVLP151(SCB004)_R,LC17,PVLP151,4
1813382259,1158877783,LC17(lVLPT7)_R,LC17,LC17,LC17,2
1813382259,1219592090,LC17(lVLPT7)_R,LC17(lVLPT7)_R,LC17,LC17,2
1813382259,1221280490,LC17(lVLPT7)_R,LC17(lVLPT7)_R,LC17,LC17,2
1813382259,1250277991,LC17(lVLPT7)_R,LC17,LC17,LC17,2
1813382259,1321305370,LC17(lVLPT7)_R,PVLP061_R,LC17,PVLP061,67
1813382259,1347812305,LC17(lVLPT7)_R,LC17(lVLPT7)_R,LC17,LC17,2
1813382259,1354394414,LC17(lVLPT7)_R,PVLP120_R,LC17,PVLP120,4
1813382259,1374063129,LC17(lVLPT7)_R,PVLP132_R,LC17,PVLP132,8
1813382259,1375769049,LC17(lVLPT7)_R,LC17,LC17,LC17,4
1813382259,1381997776,LC17(lVLPT7)_R,PVLP071_R,LC17,PVLP071,7
1813382259,1382308349,LC17(lVLPT7)_R,PVLP071_R,LC17,PVLP071,4
1813382259,1405788552,LC17(lVLPT7)_R,LC17,LC17,LC17,5
1813382259,1435791739,LC17(lVLPT7)_R,PVLP132_R,LC17,PVLP132,4
1813382259,1435822283,LC17(lVLPT7)_R,LC17,LC17,LC17,2
1813382259,1449486007,LC17(lVLPT7)_R,AVLP537_R,LC17,AVLP537,13
1813382259,1466844031,LC17(lVLPT7)_R,LC17,LC17,LC17,2
1813382259,1473648518,LC17(lVLPT7)_R,LC17,LC17,LC17,2
1813382259,1479147574,LC17(lVLPT7)_R,PVLP072_R,LC17,PVLP072,6
1813382259,1479492693,LC17(lVLPT7)_R,PVLP072_R,LC17,PVLP072,4
1813382259,1508123633,LC17(lVLPT7)_R,PVLP018_R,LC17,PVLP018,9
1813382259,1535082316,LC17(lVLPT7)_R,PVLP135_R,LC17,PVLP135,16
1813382259,1535086505,LC17(lVLPT7)_R,PVLP135_R,LC17,PVLP135,12
1813382259,1589972966,LC17(lVLPT7)_R,LC17(lVLPT4)_R,LC17,LC17,2
1813382259,1601227987,LC17(lVLPT7)_R,AVLP552_R,LC17,AVLP552,2
1813382259,1603645798,LC17(lVLPT7)_R,PVLP072_R,LC17,PVLP072,9
1813382259,1603957106,LC17(lVLPT7)_R,AVLP409_R,LC17,AVLP409,2
1813382259,1628528573,LC17(lVLPT7)_R,LC17,LC17,LC17,2
1813382259,1630342162,LC17(lVLPT7)_R,PVLP036_R,LC17,PVLP036,9
1813382259,1656153289,LC17(lVLPT7)_R,LC17,LC17,LC17,2
1813382259,1656834653,LC17(lVLPT7)_R,LC17,LC17,LC17,3
1813382259,1659515529,LC17(lVLPT7)_R,LC17,LC17,LC17,2
1813382259,1663639752,LC17(lVLPT7)_R,NA,LC17,NA,4
1813382259,1684443103,LC17(lVLPT7)_R,LC17,LC17,LC17,3
1813382259,1689200671,LC17(lVLPT7)_R,LC17,LC17,LC17,4
1813382259,1690694192,LC17(lVLPT7)_R,PVLP036_R,LC17,PVLP036,3
1813382259,1690698128,LC17(lVLPT7)_R,PVLP036_R,LC17,PVLP036,2
1813382259,1690917721,LC17(lVLPT7)_R,LC17,LC17,LC17,2
1813382259,1695693354,LC17(lVLPT7)_R,PVLP072_R,LC17,PVLP072,5
1813382259,1719928105,LC17(lVLPT7)_R,LC17,LC17,LC17,5
1813382259,1720105182,LC17(lVLPT7)_R,NA,LC17,NA,3
1813382259,1724345210,LC17(lVLPT7)_R,NA,LC17,NA,3
1813382259,1747518018,LC17(lVLPT7)_R,LC17,LC17,LC17,2
1813382259,1783690466,LC17(lVLPT7)_R,LC17,LC17,LC17,3
1813382259,1807572051,LC17(lVLPT7)_R,LC17,LC17,LC17,3
1813382259,1808241116,LC17(lVLPT7)_R,LC17,LC17,LC17,3
1813382259,1814031575,LC17(lVLPT7)_R,LC17,LC17,LC17,2
1813382259,1817107934,LC17(lVLPT7)_R,LC17,LC17,LC17,4
1813382259,1817112855,LC17(lVLPT7)_R,LC17,LC17,LC17,3
1813382259,1817444555,LC17(lVLPT7)_R,LC17,LC17,LC17,3
1813382259,1817444670,LC17(lVLPT7)_R,LC17(lVLPT7)_R,LC17,LC17,3
1813382259,1817448921,LC17(lVLPT7)_R,LC17,LC17,LC17,2
1813382259,1817448971,LC17(lVLPT7)_R,LC17,LC17,LC17,2
1813382259,1817449059,LC17(lVLPT7)_R,LC17,LC17,LC17,2
1813382259,1817449116,LC17(lVLPT7)_R,LC17(lVLPT4)_R,LC17,LC17,2
1813382259,1817449375,LC17(lVLPT7)_R,LC17,LC17,LC17,2
1813382259,1817453557,LC17(lVLPT7)_R,LC17(lVLPT4)_R,LC17,LC17,3
1813382259,1817457847,LC17(lVLPT7)_R,LC17,LC17,LC17,4
1813382259,1817785661,LC17(lVLPT7)_R,LC17,LC17,LC17,2
1813382259,1817785682,LC17(lVLPT7)_R,LC17,LC17,LC17,2
1813382259,1817790176,LC17(lVLPT7)_R,LC17,LC17,LC17,6
1813382259,1817790222,LC17(lVLPT7)_R,LC17,LC17,LC17,2
1813382259,1818122205,LC17(lVLPT7)_R,LC17,LC17,LC17,2
1813382259,1818473569,LC17(lVLPT7)_R,LC17,LC17,LC17,2
1813382259,1845772658,LC17(lVLPT7)_R,LC17(lVLPT7)_R,LC17,LC17,2
1813382259,1847806203,LC17(lVLPT7)_R,LC17,LC17,LC17,2
1813382259,1847806275,LC17(lVLPT7)_R,LC17,LC17,LC17,3
1813382259,1848138779,LC17(lVLPT7)_R,LC17,LC17,LC17,2
1813382259,1848492258,LC17(lVLPT7)_R,LC17,LC17,LC17,2
1813382259,1848496662,LC17(lVLPT7)_R,LC17,LC17,LC17,2
1813382259,1848506334,LC17(lVLPT7)_R,NA,LC17,NA,4
1813382259,1848820426,LC17(lVLPT7)_R,LC17(lVLPT7)_R,LC17,LC17,2
1813382259,1849503142,LC17(lVLPT7)_R,LC17,LC17,LC17,2
1813382259,1875460978,LC17(lVLPT7)_R,LC17,LC17,LC17,2
1813382259,1879519066,LC17(lVLPT7)_R,LC17,LC17,LC17,3
1813382259,1880209425,LC17(lVLPT7)_R,LC17(lVLPT7)_R,LC17,LC17,2
1813382259,1910920228,LC17(lVLPT7)_R,NA,LC17,NA,2
1813382259,1911589882,LC17(lVLPT7)_R,NA,LC17,NA,2
1813382259,1937193993,LC17(lVLPT7)_R,LC17,LC17,LC17,2
1813382259,1939904964,LC17(lVLPT7)_R,LC17,LC17,LC17,2
1813382259,2065758388,LC17(lVLPT7)_R,NA,LC17,NA,2
1813382259,2097129738,LC17(lVLPT7)_R,NA,LC17,NA,2
1813382259,2097129896,LC17(lVLPT7)_R,NA,LC17,NA,2
1813382259,2098831119,LC17(lVLPT7)_R,NA,LC17,NA,2
1813382259,5812991769,LC17(lVLPT7)_R,LC17,LC17,LC17,2
1813382259,5812993994,LC17(lVLPT7)_R,LC17,LC17,LC17,2
1813382259,5813017315,LC17(lVLPT7)_R,AVLP479_R,LC17,AVLP479,15
1813382259,5813039148,LC17(lVLPT7)_R,PVLP011_R,LC17,PVLP011,39
1813382259,5813057178,LC17(lVLPT7)_R,PVLP136_R,LC17,PVLP136,3
1813382259,5813057579,LC17(lVLPT7)_R,AVLP538_R,LC17,AVLP538,14
1813382259,5813077633,LC17(lVLPT7)_R,AVLP479_R,LC17,AVLP479,7
1813382259,5813080260,LC17(lVLPT7)_R,AVLP153_R,LC17,AVLP153,6
1814031575,447228814,LC17,PVLP106_R,LC17,PVLP106,36
1814031575,1068885266,LC17,PVLP151(SCB004)_R,LC17,PVLP151,5
1814031575,1189567690,LC17,LC17,LC17,LC17,4
1814031575,1190250299,LC17,LC17,LC17,LC17,3
1814031575,1221285175,LC17,LC17,LC17,LC17,2
1814031575,1250277991,LC17,LC17,LC17,LC17,3
1814031575,1321305370,LC17,PVLP061_R,LC17,PVLP061,85
1814031575,1354394414,LC17,PVLP120_R,LC17,PVLP120,9
1814031575,1374063129,LC17,PVLP132_R,LC17,PVLP132,10
1814031575,1381997776,LC17,PVLP071_R,LC17,PVLP071,11
1814031575,1382308349,LC17,PVLP071_R,LC17,PVLP071,7
1814031575,1435791739,LC17,PVLP132_R,LC17,PVLP132,15
1814031575,1437165487,LC17,LC17,LC17,LC17,2
1814031575,1449486007,LC17,AVLP537_R,LC17,AVLP537,8
1814031575,1466844031,LC17,LC17,LC17,LC17,2
1814031575,1471610338,LC17,LC17,LC17,LC17,4
1814031575,1473332777,LC17,LC17(lVLPT7)_R,LC17,LC17,2
1814031575,1479147574,LC17,PVLP072_R,LC17,PVLP072,17
1814031575,1508123633,LC17,PVLP018_R,LC17,PVLP018,2
1814031575,1535082316,LC17,PVLP135_R,LC17,PVLP135,21
1814031575,1535086505,LC17,PVLP135_R,LC17,PVLP135,23
1814031575,1562707421,LC17,LC17(lVLPT7)_R,LC17,LC17,2
1814031575,1565729476,LC17,LC17,LC17,LC17,3
1814031575,1574980522,LC17,AVLP408_R,LC17,AVLP408,2
1814031575,1603645798,LC17,PVLP072_R,LC17,PVLP072,3
1814031575,1630342162,LC17,PVLP036_R,LC17,PVLP036,3
1814031575,1689915765,LC17,LC17,LC17,LC17,2
1814031575,1690694192,LC17,PVLP036_R,LC17,PVLP036,10
1814031575,1690698128,LC17,PVLP036_R,LC17,PVLP036,4
1814031575,1719928105,LC17,LC17,LC17,LC17,2
1814031575,1720105182,LC17,NA,LC17,NA,3
1814031575,1722307233,LC17,LC17(lVLPT7)_R,LC17,LC17,3
1814031575,1724345210,LC17,NA,LC17,NA,2
1814031575,1752962124,LC17,LC17,LC17,LC17,2
1814031575,1779567374,LC17,LC17,LC17,LC17,2
1814031575,1781333405,LC17,LC17,LC17,LC17,3
1814031575,1782680353,LC17,LC17,LC17,LC17,2
1814031575,1783690466,LC17,LC17,LC17,LC17,5
1814031575,1812696567,LC17,LC17,LC17,LC17,4
1814031575,1813382259,LC17,LC17(lVLPT7)_R,LC17,LC17,3
1814031575,1814055949,LC17,LC17,LC17,LC17,3
1814031575,1814060070,LC17,LC17,LC17,LC17,2
1814031575,1814729788,LC17,LC17,LC17,LC17,2
1814031575,1817112807,LC17,LC17(lVLPT4)_R,LC17,LC17,3
1814031575,1817112855,LC17,LC17,LC17,LC17,2
1814031575,1817448971,LC17,LC17,LC17,LC17,3
1814031575,1817457984,LC17,LC17,LC17,LC17,3
1814031575,1817785682,LC17,LC17,LC17,LC17,2
1814031575,1817786077,LC17,LC17,LC17,LC17,2
1814031575,1817799390,LC17,LC17,LC17,LC17,2
1814031575,1818136404,LC17,LC17,LC17,LC17,2
1814031575,1818473569,LC17,LC17,LC17,LC17,2
1814031575,1847806203,LC17,LC17,LC17,LC17,2
1814031575,1847806275,LC17,LC17,LC17,LC17,2
1814031575,1848143184,LC17,LC17,LC17,LC17,3
1814031575,1848151236,LC17,LC17,LC17,LC17,6
1814031575,1848492258,LC17,LC17,LC17,LC17,3
1814031575,1848496662,LC17,LC17,LC17,LC17,3
1814031575,1848828925,LC17,LC17(lVLPT7)_R,LC17,LC17,2
1814031575,1849520324,LC17,LC17,LC17,LC17,3
1814031575,1875460978,LC17,LC17,LC17,LC17,3
1814031575,1876820783,LC17,LC17,LC17,LC17,4
1814031575,1879226079,LC17,NA,LC17,NA,2
1814031575,1937193993,LC17,LC17,LC17,LC17,2
1814031575,1941938244,LC17,NA,LC17,NA,2
1814031575,1973326949,LC17,NA,LC17,NA,2
1814031575,1974682390,LC17,LC17(lVLPT7)_R,LC17,LC17,2
1814031575,1974686827,LC17,NA,LC17,NA,2
1814031575,2029624973,LC17,LC17,LC17,LC17,3
1814031575,2067113600,LC17,NA,LC17,NA,2
1814031575,2067113702,LC17,NA,LC17,NA,3
1814031575,2097138693,LC17,NA,LC17,NA,2
1814031575,2097807993,LC17,NA,LC17,NA,2
1814031575,5813017315,LC17,AVLP479_R,LC17,AVLP479,10
1814031575,5813034336,LC17,LC17(lVLPT4)_R,LC17,LC17,2
1814031575,5813039148,LC17,PVLP011_R,LC17,PVLP011,49
1814031575,5813039410,LC17,LC17,LC17,LC17,4
1814031575,5813057178,LC17,PVLP136_R,LC17,PVLP136,2
1814031575,5813057579,LC17,AVLP538_R,LC17,AVLP538,18
1814031575,5813060163,LC17,LC17,LC17,LC17,2
1814031575,5813077633,LC17,AVLP479_R,LC17,AVLP479,2
1814031575,5813080260,LC17,AVLP153_R,LC17,AVLP153,3
1814055949,447228814,LC17,PVLP106_R,LC17,PVLP106,30
1814055949,1068885266,LC17,PVLP151(SCB004)_R,LC17,PVLP151,5
1814055949,1158877703,LC17,LC17(lVLPT4)_R,LC17,LC17,6
1814055949,1190250299,LC17,LC17,LC17,LC17,4
1814055949,1219592090,LC17,LC17(lVLPT7)_R,LC17,LC17,2
1814055949,1221285175,LC17,LC17,LC17,LC17,2
1814055949,1250277991,LC17,LC17,LC17,LC17,3
1814055949,1313702895,LC17,LC17,LC17,LC17,4
1814055949,1321305370,LC17,PVLP061_R,LC17,PVLP061,61
1814055949,1354394414,LC17,PVLP120_R,LC17,PVLP120,8
1814055949,1374063129,LC17,PVLP132_R,LC17,PVLP132,6
1814055949,1381997776,LC17,PVLP071_R,LC17,PVLP071,2
1814055949,1382308349,LC17,PVLP071_R,LC17,PVLP071,8
1814055949,1405788552,LC17,LC17,LC17,LC17,3
1814055949,1435791739,LC17,PVLP132_R,LC17,PVLP132,7
1814055949,1435822283,LC17,LC17,LC17,LC17,2
1814055949,1449486007,LC17,AVLP537_R,LC17,AVLP537,13
1814055949,1471607030,LC17,LC17,LC17,LC17,2
1814055949,1479147574,LC17,PVLP072_R,LC17,PVLP072,8
1814055949,1479492693,LC17,PVLP072_R,LC17,PVLP072,5
1814055949,1504428248,LC17,PVLP075_R,LC17,PVLP075,4
1814055949,1508123633,LC17,PVLP018_R,LC17,PVLP018,5
1814055949,1534694621,LC17,LC17,LC17,LC17,4
1814055949,1535082316,LC17,PVLP135_R,LC17,PVLP135,14
1814055949,1535086505,LC17,PVLP135_R,LC17,PVLP135,21
1814055949,1571884727,LC17,PVLP080_R,LC17,PVLP080,2
1814055949,1574980522,LC17,AVLP408_R,LC17,AVLP408,3
1814055949,1593012939,LC17,LC17,LC17,LC17,3
1814055949,1603645798,LC17,PVLP072_R,LC17,PVLP072,11
1814055949,1630342162,LC17,PVLP036_R,LC17,PVLP036,6
1814055949,1658881325,LC17,LC17,LC17,LC17,5
1814055949,1663639752,LC17,NA,LC17,NA,3
1814055949,1687831632,LC17,LC17,LC17,LC17,2
1814055949,1690694192,LC17,PVLP036_R,LC17,PVLP036,8
1814055949,1690698128,LC17,PVLP036_R,LC17,PVLP036,2
1814055949,1695693354,LC17,PVLP072_R,LC17,PVLP072,2
1814055949,1720105182,LC17,NA,LC17,NA,2
1814055949,1722307233,LC17,LC17(lVLPT7)_R,LC17,LC17,6
1814055949,1752672460,LC17,LC17,LC17,LC17,4
1814055949,1752962124,LC17,LC17,LC17,LC17,2
1814055949,1781324410,LC17,LC17,LC17,LC17,3
1814055949,1781333405,LC17,LC17,LC17,LC17,3
1814055949,1783690466,LC17,LC17,LC17,LC17,2
1814055949,1812696567,LC17,LC17,LC17,LC17,2
1814055949,1817444315,LC17,LC17(lVLPT7)_R,LC17,LC17,2
1814055949,1817444555,LC17,LC17,LC17,LC17,3
1814055949,1817444670,LC17,LC17(lVLPT7)_R,LC17,LC17,2
1814055949,1817448659,LC17,LC17,LC17,LC17,2
1814055949,1817448971,LC17,LC17,LC17,LC17,2
1814055949,1817449229,LC17,LC17,LC17,LC17,3
1814055949,1817453257,LC17,LC17,LC17,LC17,3
1814055949,1817453557,LC17,LC17(lVLPT4)_R,LC17,LC17,3
1814055949,1817457579,LC17,NA,LC17,NA,3
1814055949,1817457847,LC17,LC17,LC17,LC17,3
1814055949,1817458164,LC17,LC17,LC17,LC17,2
1814055949,1817786077,LC17,LC17,LC17,LC17,2
1814055949,1847806203,LC17,LC17,LC17,LC17,3
1814055949,1847806275,LC17,LC17,LC17,LC17,2
1814055949,1848143184,LC17,LC17,LC17,LC17,2
1814055949,1848151571,LC17,LC17(lVLPT7)_R,LC17,LC17,2
1814055949,1848151618,LC17,NA,LC17,NA,2
1814055949,1848151877,LC17,LC17,LC17,LC17,3
1814055949,1848483949,LC17,LC17(lVLPT4)_R,LC17,LC17,2
1814055949,1848820426,LC17,LC17(lVLPT7)_R,LC17,LC17,3
1814055949,1849161220,LC17,LC17,LC17,LC17,3
1814055949,1849166071,LC17,LC17,LC17,LC17,5
1814055949,1849503142,LC17,LC17,LC17,LC17,3
1814055949,1849507321,LC17,LC17,LC17,LC17,2
1814055949,1879519066,LC17,LC17,LC17,LC17,2
1814055949,1880209425,LC17,LC17(lVLPT7)_R,LC17,LC17,2
1814055949,1908865507,LC17,LC17,LC17,LC17,2
1814055949,1941929302,LC17,NA,LC17,NA,4
1814055949,1943297847,LC17,NA,LC17,NA,4
1814055949,1943301953,LC17,NA,LC17,NA,2
1814055949,1974678572,LC17,NA,LC17,NA,2
1814055949,2097825522,LC17,NA,LC17,NA,2
1814055949,5812992219,LC17,LC17,LC17,LC17,2
1814055949,5812992468,LC17,LC17,LC17,LC17,2
1814055949,5812998833,LC17,LC17,LC17,LC17,3
1814055949,5813017315,LC17,AVLP479_R,LC17,AVLP479,8
1814055949,5813038679,LC17,LC17,LC17,LC17,2
1814055949,5813039148,LC17,PVLP011_R,LC17,PVLP011,52
1814055949,5813039410,LC17,LC17,LC17,LC17,4
1814055949,5813057579,LC17,AVLP538_R,LC17,AVLP538,15
1814055949,5813068239,LC17,LC17,LC17,LC17,2
1814055949,5813077633,LC17,AVLP479_R,LC17,AVLP479,9
1814055949,5813080260,LC17,AVLP153_R,LC17,AVLP153,2
1814060070,447228814,LC17,PVLP106_R,LC17,PVLP106,41
1814060070,1068885266,LC17,PVLP151(SCB004)_R,LC17,PVLP151,2
1814060070,1158877783,LC17,LC17,LC17,LC17,3
1814060070,1313702895,LC17,LC17,LC17,LC17,2
1814060070,1321305370,LC17,PVLP061_R,LC17,PVLP061,59
1814060070,1347812305,LC17,LC17(lVLPT7)_R,LC17,LC17,2
1814060070,1348153557,LC17,LC17,LC17,LC17,3
1814060070,1354394414,LC17,PVLP120_R,LC17,PVLP120,8
1814060070,1374063129,LC17,PVLP132_R,LC17,PVLP132,8
1814060070,1381997776,LC17,PVLP071_R,LC17,PVLP071,9
1814060070,1382308349,LC17,PVLP071_R,LC17,PVLP071,10
1814060070,1420172582,LC17,NA,LC17,NA,2
1814060070,1435791739,LC17,PVLP132_R,LC17,PVLP132,7
1814060070,1449486007,LC17,AVLP537_R,LC17,AVLP537,5
1814060070,1479147574,LC17,PVLP072_R,LC17,PVLP072,10
1814060070,1479492693,LC17,PVLP072_R,LC17,PVLP072,4
1814060070,1508123633,LC17,PVLP018_R,LC17,PVLP018,5
1814060070,1535082316,LC17,PVLP135_R,LC17,PVLP135,9
1814060070,1535086505,LC17,PVLP135_R,LC17,PVLP135,14
1814060070,1562707421,LC17,LC17(lVLPT7)_R,LC17,LC17,2
1814060070,1593012939,LC17,LC17,LC17,LC17,3
1814060070,1603645798,LC17,PVLP072_R,LC17,PVLP072,2
1814060070,1625800608,LC17,LC17,LC17,LC17,2
1814060070,1630342162,LC17,PVLP036_R,LC17,PVLP036,5
1814060070,1656834653,LC17,LC17,LC17,LC17,3
1814060070,1689915765,LC17,LC17,LC17,LC17,2
1814060070,1690694192,LC17,PVLP036_R,LC17,PVLP036,3
1814060070,1690698128,LC17,PVLP036_R,LC17,PVLP036,12
1814060070,1690917721,LC17,LC17,LC17,LC17,3
1814060070,1695693354,LC17,PVLP072_R,LC17,PVLP072,9
1814060070,1714791446,LC17,LC17,LC17,LC17,2
1814060070,1720105182,LC17,NA,LC17,NA,2
1814060070,1782680353,LC17,LC17,LC17,LC17,3
1814060070,1783361972,LC17,LC17,LC17,LC17,2
1814060070,1812696567,LC17,LC17,LC17,LC17,2
1814060070,1814410124,LC17,LC17,LC17,LC17,4
1814060070,1817107934,LC17,LC17,LC17,LC17,2
1814060070,1817108009,LC17,LC17,LC17,LC17,7
1814060070,1817444315,LC17,LC17(lVLPT7)_R,LC17,LC17,2
1814060070,1817448921,LC17,LC17,LC17,LC17,3
1814060070,1817449236,LC17,LC17,LC17,LC17,2
1814060070,1817453257,LC17,LC17,LC17,LC17,4
1814060070,1817453557,LC17,LC17(lVLPT4)_R,LC17,LC17,3
1814060070,1817457984,LC17,LC17,LC17,LC17,2
1814060070,1817458052,LC17,LC17,LC17,LC17,2
1814060070,1817790176,LC17,LC17,LC17,LC17,6
1814060070,1817790222,LC17,LC17,LC17,LC17,3
1814060070,1848151877,LC17,LC17,LC17,LC17,2
1814060070,1848156241,LC17,LC17,LC17,LC17,2
1814060070,1848496662,LC17,LC17,LC17,LC17,2
1814060070,1848820426,LC17,LC17(lVLPT7)_R,LC17,LC17,2
1814060070,1848824817,LC17,LC17,LC17,LC17,2
1814060070,1849503142,LC17,LC17,LC17,LC17,4
1814060070,1878845629,LC17,LC17,LC17,LC17,3
1814060070,1879877415,LC17,LC17(lVLPT4)_R,LC17,LC17,2
1814060070,1937193993,LC17,LC17,LC17,LC17,2
1814060070,2029624973,LC17,LC17,LC17,LC17,2
1814060070,2035056038,LC17,NA,LC17,NA,2
1814060070,5812998833,LC17,LC17,LC17,LC17,3
1814060070,5813017315,LC17,AVLP479_R,LC17,AVLP479,8
1814060070,5813039148,LC17,PVLP011_R,LC17,PVLP011,43
1814060070,5813057579,LC17,AVLP538_R,LC17,AVLP538,6
1814060070,5813077633,LC17,AVLP479_R,LC17,AVLP479,7
1814060070,5901214683,LC17,AVLP135_R,LC17,AVLP135,2
1814410124,447228814,LC17,PVLP106_R,LC17,PVLP106,45
1814410124,1068885266,LC17,PVLP151(SCB004)_R,LC17,PVLP151,2
1814410124,1070950293,LC17,PVLP151(SCB004)_R,LC17,PVLP151,4
1814410124,1190250299,LC17,LC17,LC17,LC17,2
1814410124,1321305370,LC17,PVLP061_R,LC17,PVLP061,51
1814410124,1354394414,LC17,PVLP120_R,LC17,PVLP120,10
1814410124,1374063129,LC17,PVLP132_R,LC17,PVLP132,11
1814410124,1375769049,LC17,LC17,LC17,LC17,2
1814410124,1381997776,LC17,PVLP071_R,LC17,PVLP071,6
1814410124,1382308349,LC17,PVLP071_R,LC17,PVLP071,6
1814410124,1405788552,LC17,LC17,LC17,LC17,4
1814410124,1435791739,LC17,PVLP132_R,LC17,PVLP132,9
1814410124,1449486007,LC17,AVLP537_R,LC17,AVLP537,8
1814410124,1467859487,LC17,LC17,LC17,LC17,2
1814410124,1471610338,LC17,LC17,LC17,LC17,2
1814410124,1479147574,LC17,PVLP072_R,LC17,PVLP072,7
1814410124,1497200791,LC17,LC17,LC17,LC17,2
1814410124,1504428248,LC17,PVLP075_R,LC17,PVLP075,3
1814410124,1508123633,LC17,PVLP018_R,LC17,PVLP018,6
1814410124,1535082316,LC17,PVLP135_R,LC17,PVLP135,9
1814410124,1535086505,LC17,PVLP135_R,LC17,PVLP135,12
1814410124,1601227987,LC17,AVLP552_R,LC17,AVLP552,4
1814410124,1603645798,LC17,PVLP072_R,LC17,PVLP072,4
1814410124,1630342162,LC17,PVLP036_R,LC17,PVLP036,8
1814410124,1659515529,LC17,LC17,LC17,LC17,2
1814410124,1689239035,LC17,LC17,LC17,LC17,2
1814410124,1689915765,LC17,LC17,LC17,LC17,2
1814410124,1690694192,LC17,PVLP036_R,LC17,PVLP036,15
1814410124,1690698128,LC17,PVLP036_R,LC17,PVLP036,5
1814410124,1695693354,LC17,PVLP072_R,LC17,PVLP072,4
1814410124,1720105182,LC17,NA,LC17,NA,2
1814410124,1754019541,LC17,LC17,LC17,LC17,2
1814410124,1781333405,LC17,LC17,LC17,LC17,4
1814410124,1782318275,LC17,LC17,LC17,LC17,2
1814410124,1807572051,LC17,LC17,LC17,LC17,3
1814410124,1814729788,LC17,LC17,LC17,LC17,2
1814410124,1817444555,LC17,LC17,LC17,LC17,2
1814410124,1817448971,LC17,LC17,LC17,LC17,2
1814410124,1817453065,LC17,LC17,LC17,LC17,2
1814410124,1817453557,LC17,LC17(lVLPT4)_R,LC17,LC17,2
1814410124,1817457808,LC17,LC17,LC17,LC17,3
1814410124,1817457847,LC17,LC17,LC17,LC17,2
1814410124,1817457984,LC17,LC17,LC17,LC17,3
1814410124,1817457987,LC17,LC17,LC17,LC17,5
1814410124,1817786077,LC17,LC17,LC17,LC17,3
1814410124,1817790176,LC17,LC17,LC17,LC17,3
1814410124,1817794820,LC17,LC17(lVLPT7)_R,LC17,LC17,3
1814410124,1817799390,LC17,LC17,LC17,LC17,2
1814410124,1847815147,LC17,LC17(lVLPT7)_R,LC17,LC17,2
1814410124,1848488366,LC17,NA,LC17,NA,3
1814410124,1848496662,LC17,LC17,LC17,LC17,2
1814410124,1848824817,LC17,LC17,LC17,LC17,2
1814410124,1848828925,LC17,LC17(lVLPT7)_R,LC17,LC17,4
1814410124,1849166071,LC17,LC17,LC17,LC17,2
1814410124,1849174879,LC17,LC17(lVLPT7)_R,LC17,LC17,2
1814410124,1878845629,LC17,LC17,LC17,LC17,3
1814410124,1879519066,LC17,LC17,LC17,LC17,2
1814410124,1879877415,LC17,LC17(lVLPT4)_R,LC17,LC17,2
1814410124,1880209425,LC17,LC17(lVLPT7)_R,LC17,LC17,2
1814410124,1880887003,LC17,LC17,LC17,LC17,3
1814410124,1973331066,LC17,NA,LC17,NA,2
1814410124,2096456606,LC17,NA,LC17,NA,2
1814410124,2096456998,LC17,NA,LC17,NA,2
1814410124,5812992219,LC17,LC17,LC17,LC17,2
1814410124,5812992468,LC17,LC17,LC17,LC17,2
1814410124,5812993994,LC17,LC17,LC17,LC17,2
1814410124,5813017315,LC17,AVLP479_R,LC17,AVLP479,9
1814410124,5813039148,LC17,PVLP011_R,LC17,PVLP011,38
1814410124,5813039410,LC17,LC17,LC17,LC17,2
1814410124,5813057579,LC17,AVLP538_R,LC17,AVLP538,4
1814410124,5813060163,LC17,LC17,LC17,LC17,2
1814410124,5813077633,LC17,AVLP479_R,LC17,AVLP479,2
1814410124,5813080260,LC17,AVLP153_R,LC17,AVLP153,3
1814729223,447228814,LC17(lVLPT7)_R,PVLP106_R,LC17,PVLP106,36
1814729223,1068885266,LC17(lVLPT7)_R,PVLP151(SCB004)_R,LC17,PVLP151,3
1814729223,1189567690,LC17(lVLPT7)_R,LC17,LC17,LC17,2
1814729223,1221285175,LC17(lVLPT7)_R,LC17,LC17,LC17,2
1814729223,1321305370,LC17(lVLPT7)_R,PVLP061_R,LC17,PVLP061,81
1814729223,1345079276,LC17(lVLPT7)_R,LC17,LC17,LC17,2
1814729223,1347812305,LC17(lVLPT7)_R,LC17(lVLPT7)_R,LC17,LC17,3
1814729223,1348153557,LC17(lVLPT7)_R,LC17,LC17,LC17,2
1814729223,1354394414,LC17(lVLPT7)_R,PVLP120_R,LC17,PVLP120,7
1814729223,1374063129,LC17(lVLPT7)_R,PVLP132_R,LC17,PVLP132,9
1814729223,1375769049,LC17(lVLPT7)_R,LC17,LC17,LC17,2
1814729223,1381997776,LC17(lVLPT7)_R,PVLP071_R,LC17,PVLP071,10
1814729223,1382308349,LC17(lVLPT7)_R,PVLP071_R,LC17,PVLP071,5
1814729223,1435791739,LC17(lVLPT7)_R,PVLP132_R,LC17,PVLP132,8
1814729223,1449486007,LC17(lVLPT7)_R,AVLP537_R,LC17,AVLP537,11
1814729223,1471607030,LC17(lVLPT7)_R,LC17,LC17,LC17,3
1814729223,1479147574,LC17(lVLPT7)_R,PVLP072_R,LC17,PVLP072,10
1814729223,1479492693,LC17(lVLPT7)_R,PVLP072_R,LC17,PVLP072,4
1814729223,1508123633,LC17(lVLPT7)_R,PVLP018_R,LC17,PVLP018,5
1814729223,1530606252,LC17(lVLPT7)_R,LC17(lVLPT7)_R,LC17,LC17,2
1814729223,1535082316,LC17(lVLPT7)_R,PVLP135_R,LC17,PVLP135,23
1814729223,1535086505,LC17(lVLPT7)_R,PVLP135_R,LC17,PVLP135,20
1814729223,1539496112,LC17(lVLPT7)_R,PVLP073_R,LC17,PVLP073,2
1814729223,1563355501,LC17(lVLPT7)_R,LC17,LC17,LC17,2
1814729223,1574980522,LC17(lVLPT7)_R,AVLP408_R,LC17,AVLP408,2
1814729223,1601227987,LC17(lVLPT7)_R,AVLP552_R,LC17,AVLP552,3
1814729223,1603645798,LC17(lVLPT7)_R,PVLP072_R,LC17,PVLP072,6
1814729223,1629163100,LC17(lVLPT7)_R,LC17(lVLPT7)_R,LC17,LC17,4
1814729223,1630342162,LC17(lVLPT7)_R,PVLP036_R,LC17,PVLP036,6
1814729223,1655474822,LC17(lVLPT7)_R,LC17,LC17,LC17,4
1814729223,1656834653,LC17(lVLPT7)_R,LC17,LC17,LC17,2
1814729223,1687831632,LC17(lVLPT7)_R,LC17,LC17,LC17,2
1814729223,1690694192,LC17(lVLPT7)_R,PVLP036_R,LC17,PVLP036,2
1814729223,1690698128,LC17(lVLPT7)_R,PVLP036_R,LC17,PVLP036,2
1814729223,1695693354,LC17(lVLPT7)_R,PVLP072_R,LC17,PVLP072,4
1814729223,1720105182,LC17(lVLPT7)_R,NA,LC17,NA,4
1814729223,1750251452,LC17(lVLPT7)_R,LC17,LC17,LC17,2
1814729223,1751666374,LC17(lVLPT7)_R,LC17,LC17,LC17,2
1814729223,1753670596,LC17(lVLPT7)_R,LC17(lVLPT4)_R,LC17,LC17,3
1814729223,1776865370,LC17(lVLPT7)_R,LC17,LC17,LC17,2
1814729223,1782680353,LC17(lVLPT7)_R,LC17,LC17,LC17,3
1814729223,1813382259,LC17(lVLPT7)_R,LC17(lVLPT7)_R,LC17,LC17,2
1814729223,1817107934,LC17(lVLPT7)_R,LC17,LC17,LC17,2
1814729223,1817108009,LC17(lVLPT7)_R,LC17,LC17,LC17,2
1814729223,1817112807,LC17(lVLPT7)_R,LC17(lVLPT4)_R,LC17,LC17,2
1814729223,1817444670,LC17(lVLPT7)_R,LC17(lVLPT7)_R,LC17,LC17,2
1814729223,1817448921,LC17(lVLPT7)_R,LC17,LC17,LC17,2
1814729223,1817449059,LC17(lVLPT7)_R,LC17,LC17,LC17,3
1814729223,1817449236,LC17(lVLPT7)_R,LC17,LC17,LC17,3
1814729223,1817453065,LC17(lVLPT7)_R,LC17,LC17,LC17,2
1814729223,1817457808,LC17(lVLPT7)_R,LC17,LC17,LC17,4
1814729223,1817457847,LC17(lVLPT7)_R,LC17,LC17,LC17,2
1814729223,1817790222,LC17(lVLPT7)_R,LC17,LC17,LC17,2
1814729223,1817799390,LC17(lVLPT7)_R,LC17,LC17,LC17,2
1814729223,1848151236,LC17(lVLPT7)_R,LC17,LC17,LC17,2
1814729223,1848151877,LC17(lVLPT7)_R,LC17,LC17,LC17,2
1814729223,1848492258,LC17(lVLPT7)_R,LC17,LC17,LC17,3
1814729223,1848506334,LC17(lVLPT7)_R,NA,LC17,NA,2
1814729223,1849166071,LC17(lVLPT7)_R,LC17,LC17,LC17,2
1814729223,1849507321,LC17(lVLPT7)_R,LC17,LC17,LC17,2
1814729223,1849520554,LC17(lVLPT7)_R,NA,LC17,NA,2
1814729223,1879519066,LC17(lVLPT7)_R,LC17,LC17,LC17,2
1814729223,1941260433,LC17(lVLPT7)_R,NA,LC17,NA,3
1814729223,1974682390,LC17(lVLPT7)_R,LC17(lVLPT7)_R,LC17,LC17,2
1814729223,2003688330,LC17(lVLPT7)_R,NA,LC17,NA,2
1814729223,2005385380,LC17(lVLPT7)_R,NA,LC17,NA,3
1814729223,5812993994,LC17(lVLPT7)_R,LC17,LC17,LC17,3
1814729223,5813017315,LC17(lVLPT7)_R,AVLP479_R,LC17,AVLP479,8
1814729223,5813039148,LC17(lVLPT7)_R,PVLP011_R,LC17,PVLP011,43
1814729223,5813057579,LC17(lVLPT7)_R,AVLP538_R,LC17,AVLP538,10
1814729223,5813077633,LC17(lVLPT7)_R,AVLP479_R,LC17,AVLP479,6
1814729223,5813080260,LC17(lVLPT7)_R,AVLP153_R,LC17,AVLP153,2
1814729788,447228814,LC17,PVLP106_R,LC17,PVLP106,41
1814729788,1068885266,LC17,PVLP151(SCB004)_R,LC17,PVLP151,3
1814729788,1250277991,LC17,LC17,LC17,LC17,4
1814729788,1321305370,LC17,PVLP061_R,LC17,PVLP061,67
1814729788,1354394414,LC17,PVLP120_R,LC17,PVLP120,13
1814729788,1374063129,LC17,PVLP132_R,LC17,PVLP132,15
1814729788,1381997776,LC17,PVLP071_R,LC17,PVLP071,7
1814729788,1382308349,LC17,PVLP071_R,LC17,PVLP071,5
1814729788,1435791739,LC17,PVLP132_R,LC17,PVLP132,9
1814729788,1437165487,LC17,LC17,LC17,LC17,2
1814729788,1449486007,LC17,AVLP537_R,LC17,AVLP537,3
1814729788,1473332777,LC17,LC17(lVLPT7)_R,LC17,LC17,2
1814729788,1479147574,LC17,PVLP072_R,LC17,PVLP072,9
1814729788,1479492693,LC17,PVLP072_R,LC17,PVLP072,4
1814729788,1508123633,LC17,PVLP018_R,LC17,PVLP018,6
1814729788,1528577476,LC17,LC17,LC17,LC17,3
1814729788,1530606252,LC17,LC17(lVLPT7)_R,LC17,LC17,3
1814729788,1535082316,LC17,PVLP135_R,LC17,PVLP135,10
1814729788,1535086505,LC17,PVLP135_R,LC17,PVLP135,20
1814729788,1539496112,LC17,PVLP073_R,LC17,PVLP073,2
1814729788,1563355501,LC17,LC17,LC17,LC17,2
1814729788,1603645798,LC17,PVLP072_R,LC17,PVLP072,2
1814729788,1621008677,LC17,LC17,LC17,LC17,2
1814729788,1629163100,LC17,LC17(lVLPT7)_R,LC17,LC17,2
1814729788,1630342162,LC17,PVLP036_R,LC17,PVLP036,7
1814729788,1656153289,LC17,LC17,LC17,LC17,2
1814729788,1656834653,LC17,LC17,LC17,LC17,2
1814729788,1690694192,LC17,PVLP036_R,LC17,PVLP036,9
1814729788,1690698128,LC17,PVLP036_R,LC17,PVLP036,2
1814729788,1690917721,LC17,LC17,LC17,LC17,2
1814729788,1695693354,LC17,PVLP072_R,LC17,PVLP072,6
1814729788,1781333405,LC17,LC17,LC17,LC17,3
1814729788,1782680353,LC17,LC17,LC17,LC17,2
1814729788,1783361972,LC17,LC17,LC17,LC17,3
1814729788,1783690466,LC17,LC17,LC17,LC17,2
1814729788,1807572051,LC17,LC17,LC17,LC17,2
1814729788,1813028777,LC17,LC17,LC17,LC17,2
1814729788,1814031575,LC17,LC17,LC17,LC17,3
1814729788,1814410124,LC17,LC17,LC17,LC17,2
1814729788,1817107934,LC17,LC17,LC17,LC17,5
1814729788,1817108009,LC17,LC17,LC17,LC17,3
1814729788,1817112807,LC17,LC17(lVLPT4)_R,LC17,LC17,3
1814729788,1817449236,LC17,LC17,LC17,LC17,2
1814729788,1817449375,LC17,LC17,LC17,LC17,2
1814729788,1817452948,LC17,LC17,LC17,LC17,2
1814729788,1817453557,LC17,LC17(lVLPT4)_R,LC17,LC17,2
1814729788,1817794820,LC17,LC17(lVLPT7)_R,LC17,LC17,2
1814729788,1818122205,LC17,LC17,LC17,LC17,2
1814729788,1848151571,LC17,LC17(lVLPT7)_R,LC17,LC17,2
1814729788,1848483949,LC17,LC17(lVLPT4)_R,LC17,LC17,2
1814729788,1848492258,LC17,LC17,LC17,LC17,2
1814729788,1848496662,LC17,LC17,LC17,LC17,3
1814729788,1849161220,LC17,LC17,LC17,LC17,2
1814729788,1849520324,LC17,LC17,LC17,LC17,3
1814729788,1878845226,LC17,LC17,LC17,LC17,2
1814729788,1878845629,LC17,LC17,LC17,LC17,2
1814729788,1910574891,LC17,NA,LC17,NA,2
1814729788,1941955396,LC17,NA,LC17,NA,2
1814729788,1973655171,LC17,NA,LC17,NA,2
1814729788,2004038204,LC17,NA,LC17,NA,2
1814729788,2005022400,LC17,NA,LC17,NA,4
1814729788,2066777388,LC17,NA,LC17,NA,2
1814729788,2129187723,LC17,NA,LC17,NA,2
1814729788,5812992219,LC17,LC17,LC17,LC17,2
1814729788,5812993994,LC17,LC17,LC17,LC17,2
1814729788,5812999009,LC17,LC17(lVLPT4)_R,LC17,LC17,3
1814729788,5813017315,LC17,AVLP479_R,LC17,AVLP479,7
1814729788,5813038679,LC17,LC17,LC17,LC17,2
1814729788,5813039148,LC17,PVLP011_R,LC17,PVLP011,37
1814729788,5813057579,LC17,AVLP538_R,LC17,AVLP538,10
1814729788,5813077633,LC17,AVLP479_R,LC17,AVLP479,6
1817107934,447228814,LC17,PVLP106_R,LC17,PVLP106,43
1817107934,912601209,LC17,PLP244(SCB010)_L,LC17,PLP244,2
1817107934,1068885266,LC17,PVLP151(SCB004)_R,LC17,PVLP151,7
1817107934,1158877783,LC17,LC17,LC17,LC17,2
1817107934,1190250299,LC17,LC17,LC17,LC17,2
1817107934,1221280490,LC17,LC17(lVLPT7)_R,LC17,LC17,4
1817107934,1221285175,LC17,LC17,LC17,LC17,2
1817107934,1321305370,LC17,PVLP061_R,LC17,PVLP061,63
1817107934,1347812305,LC17,LC17(lVLPT7)_R,LC17,LC17,3
1817107934,1354394414,LC17,PVLP120_R,LC17,PVLP120,10
1817107934,1374063129,LC17,PVLP132_R,LC17,PVLP132,17
1817107934,1381997776,LC17,PVLP071_R,LC17,PVLP071,5
1817107934,1382308349,LC17,PVLP071_R,LC17,PVLP071,3
1817107934,1420172582,LC17,NA,LC17,NA,3
1817107934,1435791739,LC17,PVLP132_R,LC17,PVLP132,12
1817107934,1449486007,LC17,AVLP537_R,LC17,AVLP537,7
1817107934,1471607030,LC17,LC17,LC17,LC17,3
1817107934,1479147574,LC17,PVLP072_R,LC17,PVLP072,13
1817107934,1479492693,LC17,PVLP072_R,LC17,PVLP072,4
1817107934,1508123633,LC17,PVLP018_R,LC17,PVLP018,3
1817107934,1530606252,LC17,LC17(lVLPT7)_R,LC17,LC17,3
1817107934,1535082316,LC17,PVLP135_R,LC17,PVLP135,17
1817107934,1535086505,LC17,PVLP135_R,LC17,PVLP135,24
1817107934,1539496112,LC17,PVLP073_R,LC17,PVLP073,3
1817107934,1593012939,LC17,LC17,LC17,LC17,4
1817107934,1603645798,LC17,PVLP072_R,LC17,PVLP072,7
1817107934,1621008677,LC17,LC17,LC17,LC17,3
1817107934,1625800608,LC17,LC17,LC17,LC17,2
1817107934,1630342162,LC17,PVLP036_R,LC17,PVLP036,4
1817107934,1684443103,LC17,LC17,LC17,LC17,2
1817107934,1689187126,LC17,LC17,LC17,LC17,2
1817107934,1689200671,LC17,LC17,LC17,LC17,5
1817107934,1689915765,LC17,LC17,LC17,LC17,2
1817107934,1690694192,LC17,PVLP036_R,LC17,PVLP036,6
1817107934,1690698128,LC17,PVLP036_R,LC17,PVLP036,10
1817107934,1695693354,LC17,PVLP072_R,LC17,PVLP072,2
1817107934,1720105182,LC17,NA,LC17,NA,6
1817107934,1724345210,LC17,NA,LC17,NA,3
1817107934,1747518018,LC17,LC17,LC17,LC17,2
1817107934,1751262627,LC17,LC17,LC17,LC17,2
1817107934,1752672460,LC17,LC17,LC17,LC17,2
1817107934,1781333405,LC17,LC17,LC17,LC17,2
1817107934,1807572051,LC17,LC17,LC17,LC17,4
1817107934,1812363713,LC17,LC17,LC17,LC17,4
1817107934,1813382259,LC17,LC17(lVLPT7)_R,LC17,LC17,4
1817107934,1814031575,LC17,LC17,LC17,LC17,2
1817107934,1814729788,LC17,LC17,LC17,LC17,3
1817107934,1817444670,LC17,LC17(lVLPT7)_R,LC17,LC17,3
1817107934,1817449116,LC17,LC17(lVLPT4)_R,LC17,LC17,2
1817107934,1817452948,LC17,LC17,LC17,LC17,4
1817107934,1817453557,LC17,LC17(lVLPT4)_R,LC17,LC17,3
1817107934,1817457808,LC17,LC17,LC17,LC17,2
1817107934,1817457984,LC17,LC17,LC17,LC17,2
1817107934,1817458052,LC17,LC17,LC17,LC17,2
1817107934,1817786077,LC17,LC17,LC17,LC17,3
1817107934,1817790176,LC17,LC17,LC17,LC17,4
1817107934,1817790409,LC17,LC17(lVLPT7)_R,LC17,LC17,2
1817107934,1817794820,LC17,LC17(lVLPT7)_R,LC17,LC17,2
1817107934,1818463564,LC17,NA,LC17,NA,2
1817107934,1844421716,LC17,LC17,LC17,LC17,2
1817107934,1845772658,LC17,LC17(lVLPT7)_R,LC17,LC17,2
1817107934,1847806203,LC17,LC17,LC17,LC17,2
1817107934,1847806275,LC17,LC17,LC17,LC17,2
1817107934,1847810811,LC17,LC17(lVLPT7)_R,LC17,LC17,2
1817107934,1848151571,LC17,LC17(lVLPT7)_R,LC17,LC17,2
1817107934,1848151877,LC17,LC17,LC17,LC17,2
1817107934,1848156241,LC17,LC17,LC17,LC17,2
1817107934,1848483949,LC17,LC17(lVLPT4)_R,LC17,LC17,2
1817107934,1848496662,LC17,LC17,LC17,LC17,3
1817107934,1848837843,LC17,LC17,LC17,LC17,2
1817107934,1849503142,LC17,LC17,LC17,LC17,4
1817107934,1849520324,LC17,LC17,LC17,LC17,3
1817107934,1878845226,LC17,LC17,LC17,LC17,2
1817107934,1879226079,LC17,NA,LC17,NA,2
1817107934,1908865507,LC17,LC17,LC17,LC17,4
1817107934,1939904964,LC17,LC17,LC17,LC17,4
1817107934,5812988086,LC17,LC17,LC17,LC17,2
1817107934,5812992219,LC17,LC17,LC17,LC17,2
1817107934,5812998833,LC17,LC17,LC17,LC17,3
1817107934,5813017315,LC17,AVLP479_R,LC17,AVLP479,12
1817107934,5813039148,LC17,PVLP011_R,LC17,PVLP011,42
1817107934,5813057579,LC17,AVLP538_R,LC17,AVLP538,10
1817107934,5813077633,LC17,AVLP479_R,LC17,AVLP479,8
1817107934,5813080260,LC17,AVLP153_R,LC17,AVLP153,4
1817108009,447228814,LC17,PVLP106_R,LC17,PVLP106,40
1817108009,1068885266,LC17,PVLP151(SCB004)_R,LC17,PVLP151,6
1817108009,1158877703,LC17,LC17(lVLPT4)_R,LC17,LC17,2
1817108009,1190250299,LC17,LC17,LC17,LC17,2
1817108009,1219592090,LC17,LC17(lVLPT7)_R,LC17,LC17,2
1817108009,1221280490,LC17,LC17(lVLPT7)_R,LC17,LC17,2
1817108009,1221285175,LC17,LC17,LC17,LC17,2
1817108009,1313702895,LC17,LC17,LC17,LC17,2
1817108009,1321305370,LC17,PVLP061_R,LC17,PVLP061,86
1817108009,1347812305,LC17,LC17(lVLPT7)_R,LC17,LC17,4
1817108009,1354394414,LC17,PVLP120_R,LC17,PVLP120,21
1817108009,1374063129,LC17,PVLP132_R,LC17,PVLP132,14
1817108009,1381997776,LC17,PVLP071_R,LC17,PVLP071,4
1817108009,1382308349,LC17,PVLP071_R,LC17,PVLP071,2
1817108009,1435791739,LC17,PVLP132_R,LC17,PVLP132,13
1817108009,1449486007,LC17,AVLP537_R,LC17,AVLP537,9
1817108009,1473648518,LC17,LC17,LC17,LC17,2
1817108009,1479147574,LC17,PVLP072_R,LC17,PVLP072,12
1817108009,1479492693,LC17,PVLP072_R,LC17,PVLP072,2
1817108009,1508123633,LC17,PVLP018_R,LC17,PVLP018,11
1817108009,1534694621,LC17,LC17,LC17,LC17,3
1817108009,1535082316,LC17,PVLP135_R,LC17,PVLP135,23
1817108009,1535086505,LC17,PVLP135_R,LC17,PVLP135,20
1817108009,1603645798,LC17,PVLP072_R,LC17,PVLP072,6
1817108009,1603957106,LC17,AVLP409_R,LC17,AVLP409,3
1817108009,1621008677,LC17,LC17,LC17,LC17,2
1817108009,1622360309,LC17,LC17,LC17,LC17,3
1817108009,1625800608,LC17,LC17,LC17,LC17,2
1817108009,1630342162,LC17,PVLP036_R,LC17,PVLP036,10
1817108009,1655474822,LC17,LC17,LC17,LC17,3
1817108009,1663639752,LC17,NA,LC17,NA,5
1817108009,1689200671,LC17,LC17,LC17,LC17,3
1817108009,1690694192,LC17,PVLP036_R,LC17,PVLP036,9
1817108009,1690698128,LC17,PVLP036_R,LC17,PVLP036,2
1817108009,1690917721,LC17,LC17,LC17,LC17,2
1817108009,1720105182,LC17,NA,LC17,NA,3
1817108009,1750251452,LC17,LC17,LC17,LC17,2
1817108009,1783690466,LC17,LC17,LC17,LC17,2
1817108009,1814060070,LC17,LC17,LC17,LC17,4
1817108009,1814729223,LC17,LC17(lVLPT7)_R,LC17,LC17,4
1817108009,1814729788,LC17,LC17,LC17,LC17,4
1817108009,1817112807,LC17,LC17(lVLPT4)_R,LC17,LC17,2
1817108009,1817112855,LC17,LC17,LC17,LC17,2
1817108009,1817448971,LC17,LC17,LC17,LC17,3
1817108009,1817449116,LC17,LC17(lVLPT4)_R,LC17,LC17,2
1817108009,1817452948,LC17,LC17,LC17,LC17,2
1817108009,1817453065,LC17,LC17,LC17,LC17,5
1817108009,1817457987,LC17,LC17,LC17,LC17,2
1817108009,1817785682,LC17,LC17,LC17,LC17,3
1817108009,1817794820,LC17,LC17(lVLPT7)_R,LC17,LC17,2
1817108009,1844421716,LC17,LC17,LC17,LC17,2
1817108009,1847806203,LC17,LC17,LC17,LC17,3
1817108009,1848138779,LC17,LC17,LC17,LC17,2
1817108009,1848151571,LC17,LC17(lVLPT7)_R,LC17,LC17,2
1817108009,1848483949,LC17,LC17(lVLPT4)_R,LC17,LC17,2
1817108009,1848492714,LC17,LC17,LC17,LC17,5
1817108009,1848506100,LC17,NA,LC17,NA,2
1817108009,1848824817,LC17,LC17,LC17,LC17,5
1817108009,1848828925,LC17,LC17(lVLPT7)_R,LC17,LC17,3
1817108009,1849174879,LC17,LC17(lVLPT7)_R,LC17,LC17,2
1817108009,1875124235,LC17,LC17,LC17,LC17,2
1817108009,1879519066,LC17,LC17,LC17,LC17,2
1817108009,1879877415,LC17,LC17(lVLPT4)_R,LC17,LC17,2
1817108009,1880887003,LC17,LC17,LC17,LC17,2
1817108009,1937193993,LC17,LC17,LC17,LC17,2
1817108009,1939904964,LC17,LC17,LC17,LC17,2
1817108009,1973326949,LC17,NA,LC17,NA,2
1817108009,2004694307,LC17,NA,LC17,NA,3
1817108009,2035072996,LC17,NA,LC17,NA,2
1817108009,2035392989,LC17,NA,LC17,NA,4
1817108009,2067795715,LC17,NA,LC17,NA,2
1817108009,5812988086,LC17,LC17,LC17,LC17,2
1817108009,5812999009,LC17,LC17(lVLPT4)_R,LC17,LC17,2
1817108009,5813017315,LC17,AVLP479_R,LC17,AVLP479,8
1817108009,5813038679,LC17,LC17,LC17,LC17,2
1817108009,5813039148,LC17,PVLP011_R,LC17,PVLP011,39
1817108009,5813054384,LC17,PPM1203_R,LC17,PPM1203,2
1817108009,5813057579,LC17,AVLP538_R,LC17,AVLP538,13
1817108009,5813076492,LC17,LC17,LC17,LC17,3
1817108009,5813077633,LC17,AVLP479_R,LC17,AVLP479,9
1817108009,5813080260,LC17,AVLP153_R,LC17,AVLP153,5
1817112807,447228814,LC17(lVLPT4)_R,PVLP106_R,LC17,PVLP106,55
1817112807,1068885266,LC17(lVLPT4)_R,PVLP151(SCB004)_R,LC17,PVLP151,5
1817112807,1221285175,LC17(lVLPT4)_R,LC17,LC17,LC17,3
1817112807,1312061760,LC17(lVLPT4)_R,AVLP572_R,LC17,AVLP572,2
1817112807,1321305370,LC17(lVLPT4)_R,PVLP061_R,LC17,PVLP061,59
1817112807,1347812305,LC17(lVLPT4)_R,LC17(lVLPT7)_R,LC17,LC17,2
1817112807,1354394414,LC17(lVLPT4)_R,PVLP120_R,LC17,PVLP120,10
1817112807,1374063129,LC17(lVLPT4)_R,PVLP132_R,LC17,PVLP132,16
1817112807,1382308349,LC17(lVLPT4)_R,PVLP071_R,LC17,PVLP071,8
1817112807,1435791739,LC17(lVLPT4)_R,PVLP132_R,LC17,PVLP132,19
1817112807,1449486007,LC17(lVLPT4)_R,AVLP537_R,LC17,AVLP537,9
1817112807,1467859487,LC17(lVLPT4)_R,LC17,LC17,LC17,3
1817112807,1471607030,LC17(lVLPT4)_R,LC17,LC17,LC17,2
1817112807,1471610338,LC17(lVLPT4)_R,LC17,LC17,LC17,2
1817112807,1474424990,LC17(lVLPT4)_R,PVLP073_R,LC17,PVLP073,2
1817112807,1479147574,LC17(lVLPT4)_R,PVLP072_R,LC17,PVLP072,12
1817112807,1479492693,LC17(lVLPT4)_R,PVLP072_R,LC17,PVLP072,2
1817112807,1504428248,LC17(lVLPT4)_R,PVLP075_R,LC17,PVLP075,2
1817112807,1508123633,LC17(lVLPT4)_R,PVLP018_R,LC17,PVLP018,6
1817112807,1512232956,LC17(lVLPT4)_R,AVLP135_R,LC17,AVLP135,2
1817112807,1530606252,LC17(lVLPT4)_R,LC17(lVLPT7)_R,LC17,LC17,2
1817112807,1535082316,LC17(lVLPT4)_R,PVLP135_R,LC17,PVLP135,7
1817112807,1535086505,LC17(lVLPT4)_R,PVLP135_R,LC17,PVLP135,24
1817112807,1603645798,LC17(lVLPT4)_R,PVLP072_R,LC17,PVLP072,10
1817112807,1603957106,LC17(lVLPT4)_R,AVLP409_R,LC17,AVLP409,2
1817112807,1628528573,LC17(lVLPT4)_R,LC17,LC17,LC17,2
1817112807,1630342162,LC17(lVLPT4)_R,PVLP036_R,LC17,PVLP036,5
1817112807,1656834653,LC17(lVLPT4)_R,LC17,LC17,LC17,4
1817112807,1658881325,LC17(lVLPT4)_R,LC17,LC17,LC17,2
1817112807,1689200671,LC17(lVLPT4)_R,LC17,LC17,LC17,2
1817112807,1689915765,LC17(lVLPT4)_R,LC17,LC17,LC17,2
1817112807,1690694192,LC17(lVLPT4)_R,PVLP036_R,LC17,PVLP036,7
1817112807,1690698128,LC17(lVLPT4)_R,PVLP036_R,LC17,PVLP036,2
1817112807,1695693354,LC17(lVLPT4)_R,PVLP072_R,LC17,PVLP072,3
1817112807,1714791446,LC17(lVLPT4)_R,LC17,LC17,LC17,2
1817112807,1751666374,LC17(lVLPT4)_R,LC17,LC17,LC17,2
1817112807,1781324410,LC17(lVLPT4)_R,LC17,LC17,LC17,3
1817112807,1781333405,LC17(lVLPT4)_R,LC17,LC17,LC17,3
1817112807,1783361972,LC17(lVLPT4)_R,LC17,LC17,LC17,2
1817112807,1807572051,LC17(lVLPT4)_R,LC17,LC17,LC17,4
1817112807,1812696567,LC17(lVLPT4)_R,LC17,LC17,LC17,2
1817112807,1814729223,LC17(lVLPT4)_R,LC17(lVLPT7)_R,LC17,LC17,4
1817112807,1814729788,LC17(lVLPT4)_R,LC17,LC17,LC17,3
1817112807,1817444315,LC17(lVLPT4)_R,LC17(lVLPT7)_R,LC17,LC17,3
1817112807,1817448971,LC17(lVLPT4)_R,LC17,LC17,LC17,3
1817112807,1817453065,LC17(lVLPT4)_R,LC17,LC17,LC17,2
1817112807,1817457987,LC17(lVLPT4)_R,LC17,LC17,LC17,3
1817112807,1817458052,LC17(lVLPT4)_R,LC17,LC17,LC17,2
1817112807,1817463007,LC17(lVLPT4)_R,LC17,LC17,LC17,2
1817112807,1817786077,LC17(lVLPT4)_R,LC17,LC17,LC17,3
1817112807,1817790222,LC17(lVLPT4)_R,LC17,LC17,LC17,2
1817112807,1817790409,LC17(lVLPT4)_R,LC17(lVLPT7)_R,LC17,LC17,3
1817112807,1818136404,LC17(lVLPT4)_R,LC17,LC17,LC17,2
1817112807,1845772658,LC17(lVLPT4)_R,LC17(lVLPT7)_R,LC17,LC17,3
1817112807,1847806203,LC17(lVLPT4)_R,LC17,LC17,LC17,3
1817112807,1848483949,LC17(lVLPT4)_R,LC17(lVLPT4)_R,LC17,LC17,2
1817112807,1848496662,LC17(lVLPT4)_R,LC17,LC17,LC17,4
1817112807,1848824817,LC17(lVLPT4)_R,LC17,LC17,LC17,3
1817112807,1849178917,LC17(lVLPT4)_R,LC17,LC17,LC17,3
1817112807,1849183960,LC17(lVLPT4)_R,LC17(lVLPT7)_R,LC17,LC17,3
1817112807,1849520324,LC17(lVLPT4)_R,LC17,LC17,LC17,5
1817112807,1875124235,LC17(lVLPT4)_R,LC17,LC17,LC17,2
1817112807,1879519066,LC17(lVLPT4)_R,LC17,LC17,LC17,2
1817112807,1879877415,LC17(lVLPT4)_R,LC17(lVLPT4)_R,LC17,LC17,2
1817112807,1880196452,LC17(lVLPT4)_R,NA,LC17,NA,3
1817112807,1908865507,LC17(lVLPT4)_R,LC17,LC17,LC17,2
1817112807,1910562142,LC17(lVLPT4)_R,NA,LC17,NA,2
1817112807,1910920228,LC17(lVLPT4)_R,NA,LC17,NA,2
1817112807,1912600163,LC17(lVLPT4)_R,LC17,LC17,LC17,3
1817112807,1937193993,LC17(lVLPT4)_R,LC17,LC17,LC17,2
1817112807,1941618741,LC17(lVLPT4)_R,NA,LC17,NA,2
1817112807,1941623121,LC17(lVLPT4)_R,NA,LC17,NA,3
1817112807,1943301953,LC17(lVLPT4)_R,NA,LC17,NA,2
1817112807,1973991807,LC17(lVLPT4)_R,NA,LC17,NA,2
1817112807,1973996174,LC17(lVLPT4)_R,NA,LC17,NA,2
1817112807,2036078792,LC17(lVLPT4)_R,NA,LC17,NA,2
1817112807,5812993994,LC17(lVLPT4)_R,LC17,LC17,LC17,2
1817112807,5813017315,LC17(lVLPT4)_R,AVLP479_R,LC17,AVLP479,4
1817112807,5813034336,LC17(lVLPT4)_R,LC17(lVLPT4)_R,LC17,LC17,2
1817112807,5813039148,LC17(lVLPT4)_R,PVLP011_R,LC17,PVLP011,51
1817112807,5813057178,LC17(lVLPT4)_R,PVLP136_R,LC17,PVLP136,3
1817112807,5813057579,LC17(lVLPT4)_R,AVLP538_R,LC17,AVLP538,7
1817112807,5813077633,LC17(lVLPT4)_R,AVLP479_R,LC17,AVLP479,7
1817112807,5813080260,LC17(lVLPT4)_R,AVLP153_R,LC17,AVLP153,5
1817112855,447228814,LC17,PVLP106_R,LC17,PVLP106,44
1817112855,1068885266,LC17,PVLP151(SCB004)_R,LC17,PVLP151,4
1817112855,1221280490,LC17,LC17(lVLPT7)_R,LC17,LC17,4
1817112855,1321305370,LC17,PVLP061_R,LC17,PVLP061,58
1817112855,1347812305,LC17,LC17(lVLPT7)_R,LC17,LC17,2
1817112855,1348153557,LC17,LC17,LC17,LC17,3
1817112855,1354394414,LC17,PVLP120_R,LC17,PVLP120,5
1817112855,1374063129,LC17,PVLP132_R,LC17,PVLP132,5
1817112855,1381997776,LC17,PVLP071_R,LC17,PVLP071,16
1817112855,1382308349,LC17,PVLP071_R,LC17,PVLP071,7
1817112855,1435791739,LC17,PVLP132_R,LC17,PVLP132,8
1817112855,1449486007,LC17,AVLP537_R,LC17,AVLP537,8
1817112855,1473648518,LC17,LC17,LC17,LC17,2
1817112855,1479147574,LC17,PVLP072_R,LC17,PVLP072,11
1817112855,1479492693,LC17,PVLP072_R,LC17,PVLP072,3
1817112855,1508123633,LC17,PVLP018_R,LC17,PVLP018,3
1817112855,1528577476,LC17,LC17,LC17,LC17,2
1817112855,1530606252,LC17,LC17(lVLPT7)_R,LC17,LC17,4
1817112855,1534694621,LC17,LC17,LC17,LC17,3
1817112855,1535082316,LC17,PVLP135_R,LC17,PVLP135,18
1817112855,1535086505,LC17,PVLP135_R,LC17,PVLP135,14
1817112855,1565729476,LC17,LC17,LC17,LC17,2
1817112855,1601227987,LC17,AVLP552_R,LC17,AVLP552,2
1817112855,1603645798,LC17,PVLP072_R,LC17,PVLP072,14
1817112855,1629163100,LC17,LC17(lVLPT7)_R,LC17,LC17,2
1817112855,1630342162,LC17,PVLP036_R,LC17,PVLP036,3
1817112855,1656834653,LC17,LC17,LC17,LC17,2
1817112855,1689187126,LC17,LC17,LC17,LC17,2
1817112855,1689239035,LC17,LC17,LC17,LC17,3
1817112855,1689915765,LC17,LC17,LC17,LC17,3
1817112855,1690694192,LC17,PVLP036_R,LC17,PVLP036,11
1817112855,1690698128,LC17,PVLP036_R,LC17,PVLP036,2
1817112855,1695693354,LC17,PVLP072_R,LC17,PVLP072,6
1817112855,1720454234,LC17,NA,LC17,NA,2
1817112855,1724345210,LC17,NA,LC17,NA,4
1817112855,1748187330,LC17,LC17,LC17,LC17,2
1817112855,1750251452,LC17,LC17,LC17,LC17,2
1817112855,1752672460,LC17,LC17,LC17,LC17,5
1817112855,1753670596,LC17,LC17(lVLPT4)_R,LC17,LC17,4
1817112855,1754019541,LC17,LC17,LC17,LC17,3
1817112855,1781324410,LC17,LC17,LC17,LC17,2
1817112855,1782318275,LC17,LC17,LC17,LC17,2
1817112855,1807572051,LC17,LC17,LC17,LC17,2
1817112855,1813382259,LC17,LC17(lVLPT7)_R,LC17,LC17,2
1817112855,1814031575,LC17,LC17,LC17,LC17,2
1817112855,1817108009,LC17,LC17,LC17,LC17,3
1817112855,1817448921,LC17,LC17,LC17,LC17,3
1817112855,1817449116,LC17,LC17(lVLPT4)_R,LC17,LC17,3
1817112855,1817449375,LC17,LC17,LC17,LC17,3
1817112855,1817453257,LC17,LC17,LC17,LC17,5
1817112855,1817457984,LC17,LC17,LC17,LC17,2
1817112855,1817463007,LC17,LC17,LC17,LC17,2
1817112855,1817790176,LC17,LC17,LC17,LC17,3
1817112855,1817799390,LC17,LC17,LC17,LC17,3
1817112855,1848143184,LC17,LC17,LC17,LC17,2
1817112855,1848151571,LC17,LC17(lVLPT7)_R,LC17,LC17,2
1817112855,1848151618,LC17,NA,LC17,NA,2
1817112855,1848151877,LC17,LC17,LC17,LC17,3
1817112855,1848483949,LC17,LC17(lVLPT4)_R,LC17,LC17,4
1817112855,1848824817,LC17,LC17,LC17,LC17,2
1817112855,1849161407,LC17,LC17,LC17,LC17,2
1817112855,1849174873,LC17,NA,LC17,NA,2
1817112855,1849174879,LC17,LC17(lVLPT7)_R,LC17,LC17,2
1817112855,1880887003,LC17,LC17,LC17,LC17,2
1817112855,1910920228,LC17,NA,LC17,NA,2
1817112855,1941614500,LC17,NA,LC17,NA,2
1817112855,1941934174,LC17,NA,LC17,NA,2
1817112855,2098830722,LC17,NA,LC17,NA,3
1817112855,5812988086,LC17,LC17,LC17,LC17,2
1817112855,5812993994,LC17,LC17,LC17,LC17,2
1817112855,5812999009,LC17,LC17(lVLPT4)_R,LC17,LC17,3
1817112855,5813017315,LC17,AVLP479_R,LC17,AVLP479,4
1817112855,5813038918,LC17,LC17,LC17,LC17,2
1817112855,5813039148,LC17,PVLP011_R,LC17,PVLP011,43
1817112855,5813057579,LC17,AVLP538_R,LC17,AVLP538,18
1817112855,5813077633,LC17,AVLP479_R,LC17,AVLP479,4
1817113079,447228814,LC17,PVLP106_R,LC17,PVLP106,38
1817113079,1068885266,LC17,PVLP151(SCB004)_R,LC17,PVLP151,4
1817113079,1158877703,LC17,LC17(lVLPT4)_R,LC17,LC17,2
1817113079,1158877783,LC17,LC17,LC17,LC17,3
1817113079,1190250299,LC17,LC17,LC17,LC17,2
1817113079,1219592090,LC17,LC17(lVLPT7)_R,LC17,LC17,2
1817113079,1321305370,LC17,PVLP061_R,LC17,PVLP061,50
1817113079,1347126097,LC17,LC17,LC17,LC17,7
1817113079,1354394414,LC17,PVLP120_R,LC17,PVLP120,4
1817113079,1374063129,LC17,PVLP132_R,LC17,PVLP132,7
1817113079,1381997776,LC17,PVLP071_R,LC17,PVLP071,2
1817113079,1435791739,LC17,PVLP132_R,LC17,PVLP132,7
1817113079,1449486007,LC17,AVLP537_R,LC17,AVLP537,5
1817113079,1466844031,LC17,LC17,LC17,LC17,3
1817113079,1473332777,LC17,LC17(lVLPT7)_R,LC17,LC17,2
1817113079,1479147574,LC17,PVLP072_R,LC17,PVLP072,5
1817113079,1479492693,LC17,PVLP072_R,LC17,PVLP072,3
1817113079,1508123633,LC17,PVLP018_R,LC17,PVLP018,2
1817113079,1535082316,LC17,PVLP135_R,LC17,PVLP135,10
1817113079,1535086505,LC17,PVLP135_R,LC17,PVLP135,10
1817113079,1589972966,LC17,LC17(lVLPT4)_R,LC17,LC17,4
1817113079,1601227987,LC17,AVLP552_R,LC17,AVLP552,2
1817113079,1603645798,LC17,PVLP072_R,LC17,PVLP072,10
1817113079,1630342162,LC17,PVLP036_R,LC17,PVLP036,6
1817113079,1689200671,LC17,LC17,LC17,LC17,2
1817113079,1690694192,LC17,PVLP036_R,LC17,PVLP036,9
1817113079,1690698128,LC17,PVLP036_R,LC17,PVLP036,6
1817113079,1690917721,LC17,LC17,LC17,LC17,2
1817113079,1695693354,LC17,PVLP072_R,LC17,PVLP072,4
1817113079,1720105182,LC17,NA,LC17,NA,2
1817113079,1750251452,LC17,LC17,LC17,LC17,3
1817113079,1752672460,LC17,LC17,LC17,LC17,5
1817113079,1782318275,LC17,LC17,LC17,LC17,2
1817113079,1817108009,LC17,LC17,LC17,LC17,2
1817113079,1817449116,LC17,LC17(lVLPT4)_R,LC17,LC17,2
1817113079,1817458164,LC17,LC17,LC17,LC17,2
1817113079,1817786077,LC17,LC17,LC17,LC17,2
1817113079,1848151877,LC17,LC17,LC17,LC17,2
1817113079,1848492714,LC17,LC17,LC17,LC17,3
1817113079,1848506334,LC17,NA,LC17,NA,2
1817113079,1848828925,LC17,LC17(lVLPT7)_R,LC17,LC17,2
1817113079,1849179266,LC17,LC17,LC17,LC17,3
1817113079,1849183960,LC17,LC17(lVLPT7)_R,LC17,LC17,4
1817113079,1849520324,LC17,LC17,LC17,LC17,3
1817113079,1875124235,LC17,LC17,LC17,LC17,2
1817113079,1875460978,LC17,LC17,LC17,LC17,2
1817113079,1878845629,LC17,LC17,LC17,LC17,2
1817113079,1879226079,LC17,NA,LC17,NA,5
1817113079,1908865507,LC17,LC17,LC17,LC17,2
1817113079,1912600163,LC17,LC17,LC17,LC17,4
1817113079,1937193993,LC17,LC17,LC17,LC17,2
1817113079,2004029673,LC17,NA,LC17,NA,2
1817113079,2096456998,LC17,NA,LC17,NA,2
1817113079,5812992468,LC17,LC17,LC17,LC17,2
1817113079,5812998833,LC17,LC17,LC17,LC17,2
1817113079,5813017315,LC17,AVLP479_R,LC17,AVLP479,3
1817113079,5813038918,LC17,LC17,LC17,LC17,2
1817113079,5813039148,LC17,PVLP011_R,LC17,PVLP011,32
1817113079,5813057579,LC17,AVLP538_R,LC17,AVLP538,8
1817113079,5813077633,LC17,AVLP479_R,LC17,AVLP479,5
1817444315,447228814,LC17(lVLPT7)_R,PVLP106_R,LC17,PVLP106,45
1817444315,1068885266,LC17(lVLPT7)_R,PVLP151(SCB004)_R,LC17,PVLP151,7
1817444315,1070950293,LC17(lVLPT7)_R,PVLP151(SCB004)_R,LC17,PVLP151,2
1817444315,1158877703,LC17(lVLPT7)_R,LC17(lVLPT4)_R,LC17,LC17,2
1817444315,1190250299,LC17(lVLPT7)_R,LC17,LC17,LC17,2
1817444315,1321305370,LC17(lVLPT7)_R,PVLP061_R,LC17,PVLP061,86
1817444315,1344469589,LC17(lVLPT7)_R,PVLP097_b_R,LC17,PVLP097_b,2
1817444315,1348153557,LC17(lVLPT7)_R,LC17,LC17,LC17,3
1817444315,1354394414,LC17(lVLPT7)_R,PVLP120_R,LC17,PVLP120,16
1817444315,1374063129,LC17(lVLPT7)_R,PVLP132_R,LC17,PVLP132,8
1817444315,1381997776,LC17(lVLPT7)_R,PVLP071_R,LC17,PVLP071,4
1817444315,1382308349,LC17(lVLPT7)_R,PVLP071_R,LC17,PVLP071,3
1817444315,1435791739,LC17(lVLPT7)_R,PVLP132_R,LC17,PVLP132,10
1817444315,1437165487,LC17(lVLPT7)_R,LC17,LC17,LC17,4
1817444315,1449486007,LC17(lVLPT7)_R,AVLP537_R,LC17,AVLP537,7
1817444315,1467859487,LC17(lVLPT7)_R,LC17,LC17,LC17,2
1817444315,1475188631,LC17(lVLPT7)_R,AVLP541_R,LC17,AVLP541,2
1817444315,1479147574,LC17(lVLPT7)_R,PVLP072_R,LC17,PVLP072,9
1817444315,1479492693,LC17(lVLPT7)_R,PVLP072_R,LC17,PVLP072,8
1817444315,1512232956,LC17(lVLPT7)_R,AVLP135_R,LC17,AVLP135,2
1817444315,1535082316,LC17(lVLPT7)_R,PVLP135_R,LC17,PVLP135,17
1817444315,1535086505,LC17(lVLPT7)_R,PVLP135_R,LC17,PVLP135,16
1817444315,1565729476,LC17(lVLPT7)_R,LC17,LC17,LC17,2
1817444315,1593012939,LC17(lVLPT7)_R,LC17,LC17,LC17,2
1817444315,1603645798,LC17(lVLPT7)_R,PVLP072_R,LC17,PVLP072,12
1817444315,1630342162,LC17(lVLPT7)_R,PVLP036_R,LC17,PVLP036,5
1817444315,1654413566,LC17(lVLPT7)_R,LC17,LC17,LC17,2
1817444315,1663639752,LC17(lVLPT7)_R,NA,LC17,NA,5
1817444315,1689187126,LC17(lVLPT7)_R,LC17,LC17,LC17,3
1817444315,1689200671,LC17(lVLPT7)_R,LC17,LC17,LC17,2
1817444315,1689915765,LC17(lVLPT7)_R,LC17,LC17,LC17,2
1817444315,1690694192,LC17(lVLPT7)_R,PVLP036_R,LC17,PVLP036,11
1817444315,1695693354,LC17(lVLPT7)_R,PVLP072_R,LC17,PVLP072,2
1817444315,1720105182,LC17(lVLPT7)_R,NA,LC17,NA,2
1817444315,1724345210,LC17(lVLPT7)_R,NA,LC17,NA,2
1817444315,1748187330,LC17(lVLPT7)_R,LC17,LC17,LC17,2
1817444315,1751262627,LC17(lVLPT7)_R,LC17,LC17,LC17,2
1817444315,1751666374,LC17(lVLPT7)_R,LC17,LC17,LC17,3
1817444315,1752962124,LC17(lVLPT7)_R,LC17,LC17,LC17,2
1817444315,1781333405,LC17(lVLPT7)_R,LC17,LC17,LC17,3
1817444315,1814060070,LC17(lVLPT7)_R,LC17,LC17,LC17,2
1817444315,1817112807,LC17(lVLPT7)_R,LC17(lVLPT4)_R,LC17,LC17,4
1817444315,1817448921,LC17(lVLPT7)_R,LC17,LC17,LC17,4
1817444315,1817448971,LC17(lVLPT7)_R,LC17,LC17,LC17,2
1817444315,1817452948,LC17(lVLPT7)_R,LC17,LC17,LC17,2
1817444315,1817453065,LC17(lVLPT7)_R,LC17,LC17,LC17,4
1817444315,1817457808,LC17(lVLPT7)_R,LC17,LC17,LC17,2
1817444315,1817457847,LC17(lVLPT7)_R,LC17,LC17,LC17,2
1817444315,1817786077,LC17(lVLPT7)_R,LC17,LC17,LC17,3
1817444315,1817790176,LC17(lVLPT7)_R,LC17,LC17,LC17,3
1817444315,1817790222,LC17(lVLPT7)_R,LC17,LC17,LC17,2
1817444315,1818122205,LC17(lVLPT7)_R,LC17,LC17,LC17,3
1817444315,1844421716,LC17(lVLPT7)_R,LC17,LC17,LC17,3
1817444315,1847806275,LC17(lVLPT7)_R,LC17,LC17,LC17,2
1817444315,1847815147,LC17(lVLPT7)_R,LC17(lVLPT7)_R,LC17,LC17,2
1817444315,1848143184,LC17(lVLPT7)_R,LC17,LC17,LC17,2
1817444315,1848483949,LC17(lVLPT7)_R,LC17(lVLPT4)_R,LC17,LC17,5
1817444315,1848506169,LC17(lVLPT7)_R,NA,LC17,NA,2
1817444315,1849503142,LC17(lVLPT7)_R,LC17,LC17,LC17,2
1817444315,1849507321,LC17(lVLPT7)_R,LC17,LC17,LC17,2
1817444315,1880887003,LC17(lVLPT7)_R,LC17,LC17,LC17,3
1817444315,1974682390,LC17(lVLPT7)_R,LC17(lVLPT7)_R,LC17,LC17,2
1817444315,2029624973,LC17(lVLPT7)_R,LC17,LC17,LC17,3
1817444315,5813017315,LC17(lVLPT7)_R,AVLP479_R,LC17,AVLP479,6
1817444315,5813038918,LC17(lVLPT7)_R,LC17,LC17,LC17,2
1817444315,5813039148,LC17(lVLPT7)_R,PVLP011_R,LC17,PVLP011,47
1817444315,5813057178,LC17(lVLPT7)_R,PVLP136_R,LC17,PVLP136,2
1817444315,5813057579,LC17(lVLPT7)_R,AVLP538_R,LC17,AVLP538,21
1817444315,5813060163,LC17(lVLPT7)_R,LC17,LC17,LC17,2
1817444315,5813077633,LC17(lVLPT7)_R,AVLP479_R,LC17,AVLP479,7
1817444315,5813080260,LC17(lVLPT7)_R,AVLP153_R,LC17,AVLP153,7
1817444555,447228814,LC17,PVLP106_R,LC17,PVLP106,37
1817444555,1068885266,LC17,PVLP151(SCB004)_R,LC17,PVLP151,6
1817444555,1070950293,LC17,PVLP151(SCB004)_R,LC17,PVLP151,2
1817444555,1321305370,LC17,PVLP061_R,LC17,PVLP061,75
1817444555,1354394414,LC17,PVLP120_R,LC17,PVLP120,13
1817444555,1374063129,LC17,PVLP132_R,LC17,PVLP132,15
1817444555,1381997776,LC17,PVLP071_R,LC17,PVLP071,8
1817444555,1382308349,LC17,PVLP071_R,LC17,PVLP071,4
1817444555,1435791739,LC17,PVLP132_R,LC17,PVLP132,9
1817444555,1435822283,LC17,LC17,LC17,LC17,2
1817444555,1437165487,LC17,LC17,LC17,LC17,2
1817444555,1449486007,LC17,AVLP537_R,LC17,AVLP537,17
1817444555,1471610338,LC17,LC17,LC17,LC17,2
1817444555,1479147574,LC17,PVLP072_R,LC17,PVLP072,8
1817444555,1479492693,LC17,PVLP072_R,LC17,PVLP072,4
1817444555,1504428248,LC17,PVLP075_R,LC17,PVLP075,3
1817444555,1508123633,LC17,PVLP018_R,LC17,PVLP018,8
1817444555,1535082316,LC17,PVLP135_R,LC17,PVLP135,13
1817444555,1535086505,LC17,PVLP135_R,LC17,PVLP135,15
1817444555,1593012939,LC17,LC17,LC17,LC17,3
1817444555,1603645798,LC17,PVLP072_R,LC17,PVLP072,3
1817444555,1622360309,LC17,LC17,LC17,LC17,2
1817444555,1630342162,LC17,PVLP036_R,LC17,PVLP036,6
1817444555,1656834653,LC17,LC17,LC17,LC17,2
1817444555,1658881325,LC17,LC17,LC17,LC17,2
1817444555,1690694192,LC17,PVLP036_R,LC17,PVLP036,11
1817444555,1695693354,LC17,PVLP072_R,LC17,PVLP072,5
1817444555,1720105182,LC17,NA,LC17,NA,3
1817444555,1722307233,LC17,LC17(lVLPT7)_R,LC17,LC17,2
1817444555,1724345210,LC17,NA,LC17,NA,2
1817444555,1747518018,LC17,LC17,LC17,LC17,3
1817444555,1751262627,LC17,LC17,LC17,LC17,2
1817444555,1782318275,LC17,LC17,LC17,LC17,3
1817444555,1813382259,LC17,LC17(lVLPT7)_R,LC17,LC17,4
1817444555,1814410124,LC17,LC17,LC17,LC17,4
1817444555,1814729223,LC17,LC17(lVLPT7)_R,LC17,LC17,2
1817444555,1817113079,LC17,LC17,LC17,LC17,3
1817444555,1817444670,LC17,LC17(lVLPT7)_R,LC17,LC17,2
1817444555,1817449059,LC17,LC17,LC17,LC17,5
1817444555,1817449229,LC17,LC17,LC17,LC17,3
1817444555,1817453065,LC17,LC17,LC17,LC17,2
1817444555,1817463007,LC17,LC17,LC17,LC17,2
1817444555,1817785661,LC17,LC17,LC17,LC17,3
1817444555,1817786077,LC17,LC17,LC17,LC17,2
1817444555,1817790281,LC17,LC17(lVLPT4)_R,LC17,LC17,3
1817444555,1818136404,LC17,LC17,LC17,LC17,2
1817444555,1847806275,LC17,LC17,LC17,LC17,4
1817444555,1848496662,LC17,LC17,LC17,LC17,4
1817444555,1848506334,LC17,NA,LC17,NA,2
1817444555,1848820426,LC17,LC17(lVLPT7)_R,LC17,LC17,3
1817444555,1848837843,LC17,LC17,LC17,LC17,2
1817444555,1849166071,LC17,LC17,LC17,LC17,2
1817444555,1849520324,LC17,LC17,LC17,LC17,2
1817444555,1878845629,LC17,LC17,LC17,LC17,2
1817444555,1912600163,LC17,LC17,LC17,LC17,2
1817444555,1943639296,LC17,NA,LC17,NA,2
1817444555,1974332707,LC17,NA,LC17,NA,2
1817444555,2006058425,LC17,NA,LC17,NA,2
1817444555,2096793578,LC17,NA,LC17,NA,2
1817444555,2096797919,LC17,NA,LC17,NA,2
1817444555,2245501457,LC17,LC17,LC17,LC17,3
1817444555,5812992468,LC17,LC17,LC17,LC17,3
1817444555,5812993994,LC17,LC17,LC17,LC17,3
1817444555,5812999009,LC17,LC17(lVLPT4)_R,LC17,LC17,2
1817444555,5813017315,LC17,AVLP479_R,LC17,AVLP479,6
1817444555,5813039148,LC17,PVLP011_R,LC17,PVLP011,38
1817444555,5813039410,LC17,LC17,LC17,LC17,2
1817444555,5813057579,LC17,AVLP538_R,LC17,AVLP538,9
1817444555,5813076492,LC17,LC17,LC17,LC17,3
1817444555,5813077633,LC17,AVLP479_R,LC17,AVLP479,8
1817444555,5813080260,LC17,AVLP153_R,LC17,AVLP153,2
1817444670,447228814,LC17(lVLPT7)_R,PVLP106_R,LC17,PVLP106,33
1817444670,1068885266,LC17(lVLPT7)_R,PVLP151(SCB004)_R,LC17,PVLP151,2
1817444670,1070950293,LC17(lVLPT7)_R,PVLP151(SCB004)_R,LC17,PVLP151,3
1817444670,1158877783,LC17(lVLPT7)_R,LC17,LC17,LC17,2
1817444670,1312061760,LC17(lVLPT7)_R,AVLP572_R,LC17,AVLP572,2
1817444670,1313702895,LC17(lVLPT7)_R,LC17,LC17,LC17,3
1817444670,1321305370,LC17(lVLPT7)_R,PVLP061_R,LC17,PVLP061,45
1817444670,1348153557,LC17(lVLPT7)_R,LC17,LC17,LC17,3
1817444670,1354394414,LC17(lVLPT7)_R,PVLP120_R,LC17,PVLP120,7
1817444670,1374063129,LC17(lVLPT7)_R,PVLP132_R,LC17,PVLP132,17
1817444670,1381997776,LC17(lVLPT7)_R,PVLP071_R,LC17,PVLP071,8
1817444670,1382308349,LC17(lVLPT7)_R,PVLP071_R,LC17,PVLP071,5
1817444670,1435791739,LC17(lVLPT7)_R,PVLP132_R,LC17,PVLP132,6
1817444670,1449486007,LC17(lVLPT7)_R,AVLP537_R,LC17,AVLP537,7
1817444670,1471610338,LC17(lVLPT7)_R,LC17,LC17,LC17,4
1817444670,1473332777,LC17(lVLPT7)_R,LC17(lVLPT7)_R,LC17,LC17,2
1817444670,1477148598,LC17(lVLPT7)_R,PVLP075_R,LC17,PVLP075,3
1817444670,1479147574,LC17(lVLPT7)_R,PVLP072_R,LC17,PVLP072,8
1817444670,1479492693,LC17(lVLPT7)_R,PVLP072_R,LC17,PVLP072,2
1817444670,1497200791,LC17(lVLPT7)_R,LC17,LC17,LC17,2
1817444670,1504428248,LC17(lVLPT7)_R,PVLP075_R,LC17,PVLP075,4
1817444670,1508123633,LC17(lVLPT7)_R,PVLP018_R,LC17,PVLP018,5
1817444670,1535082316,LC17(lVLPT7)_R,PVLP135_R,LC17,PVLP135,12
1817444670,1535086505,LC17(lVLPT7)_R,PVLP135_R,LC17,PVLP135,17
1817444670,1561301125,LC17(lVLPT7)_R,LC17,LC17,LC17,2
1817444670,1563355501,LC17(lVLPT7)_R,LC17,LC17,LC17,3
1817444670,1589972966,LC17(lVLPT7)_R,LC17(lVLPT4)_R,LC17,LC17,3
1817444670,1601227987,LC17(lVLPT7)_R,AVLP552_R,LC17,AVLP552,2
1817444670,1603645798,LC17(lVLPT7)_R,PVLP072_R,LC17,PVLP072,6
1817444670,1621008677,LC17(lVLPT7)_R,LC17,LC17,LC17,3
1817444670,1622360309,LC17(lVLPT7)_R,LC17,LC17,LC17,2
1817444670,1630342162,LC17(lVLPT7)_R,PVLP036_R,LC17,PVLP036,6
1817444670,1655474822,LC17(lVLPT7)_R,LC17,LC17,LC17,2
1817444670,1690694192,LC17(lVLPT7)_R,PVLP036_R,LC17,PVLP036,8
1817444670,1690698128,LC17(lVLPT7)_R,PVLP036_R,LC17,PVLP036,3
1817444670,1695693354,LC17(lVLPT7)_R,PVLP072_R,LC17,PVLP072,5
1817444670,1720105182,LC17(lVLPT7)_R,NA,LC17,NA,3
1817444670,1724345210,LC17(lVLPT7)_R,NA,LC17,NA,2
1817444670,1752672460,LC17(lVLPT7)_R,LC17,LC17,LC17,2
1817444670,1783690466,LC17(lVLPT7)_R,LC17,LC17,LC17,2
1817444670,1814729223,LC17(lVLPT7)_R,LC17(lVLPT7)_R,LC17,LC17,2
1817444670,1817107934,LC17(lVLPT7)_R,LC17,LC17,LC17,2
1817444670,1817112807,LC17(lVLPT7)_R,LC17(lVLPT4)_R,LC17,LC17,3
1817444670,1817448659,LC17(lVLPT7)_R,LC17,LC17,LC17,2
1817444670,1817448971,LC17(lVLPT7)_R,LC17,LC17,LC17,2
1817444670,1817449116,LC17(lVLPT7)_R,LC17(lVLPT4)_R,LC17,LC17,3
1817444670,1817449229,LC17(lVLPT7)_R,LC17,LC17,LC17,2
1817444670,1817453065,LC17(lVLPT7)_R,LC17,LC17,LC17,2
1817444670,1817457808,LC17(lVLPT7)_R,LC17,LC17,LC17,4
1817444670,1817457847,LC17(lVLPT7)_R,LC17,LC17,LC17,2
1817444670,1817790281,LC17(lVLPT7)_R,LC17(lVLPT4)_R,LC17,LC17,3
1817444670,1817790409,LC17(lVLPT7)_R,LC17(lVLPT7)_R,LC17,LC17,2
1817444670,1818473569,LC17(lVLPT7)_R,LC17,LC17,LC17,2
1817444670,1844421716,LC17(lVLPT7)_R,LC17,LC17,LC17,2
1817444670,1848151571,LC17(lVLPT7)_R,LC17(lVLPT7)_R,LC17,LC17,3
1817444670,1848483949,LC17(lVLPT7)_R,LC17(lVLPT4)_R,LC17,LC17,2
1817444670,1848506334,LC17(lVLPT7)_R,NA,LC17,NA,2
1817444670,1849178917,LC17(lVLPT7)_R,LC17,LC17,LC17,2
1817444670,1849503142,LC17(lVLPT7)_R,LC17,LC17,LC17,2
1817444670,1849520324,LC17(lVLPT7)_R,LC17,LC17,LC17,3
1817444670,1876820783,LC17(lVLPT7)_R,LC17,LC17,LC17,2
1817444670,1879877415,LC17(lVLPT7)_R,LC17(lVLPT4)_R,LC17,LC17,3
1817444670,1910574891,LC17(lVLPT7)_R,NA,LC17,NA,2
1817444670,1910916105,LC17(lVLPT7)_R,NA,LC17,NA,3
1817444670,1937193993,LC17(lVLPT7)_R,LC17,LC17,LC17,3
1817444670,2129865656,LC17(lVLPT7)_R,NA,LC17,NA,3
1817444670,5812993994,LC17(lVLPT7)_R,LC17,LC17,LC17,2
1817444670,5813027276,LC17(lVLPT7)_R,AVLP080_R,LC17,AVLP080,2
1817444670,5813034336,LC17(lVLPT7)_R,LC17(lVLPT4)_R,LC17,LC17,2
1817444670,5813039148,LC17(lVLPT7)_R,PVLP011_R,LC17,PVLP011,40
1817444670,5813057579,LC17(lVLPT7)_R,AVLP538_R,LC17,AVLP538,21
1817444670,5813068559,LC17(lVLPT7)_R,AVLP396_R,LC17,AVLP396,4
1817444670,5813077633,LC17(lVLPT7)_R,AVLP479_R,LC17,AVLP479,10
1817444670,5813080260,LC17(lVLPT7)_R,AVLP153_R,LC17,AVLP153,5
1817444670,5901214683,LC17(lVLPT7)_R,AVLP135_R,LC17,AVLP135,2
1817448659,447228814,LC17,PVLP106_R,LC17,PVLP106,31
1817448659,912601209,LC17,PLP244(SCB010)_L,LC17,PLP244,2
1817448659,1068885266,LC17,PVLP151(SCB004)_R,LC17,PVLP151,6
1817448659,1189567690,LC17,LC17,LC17,LC17,4
1817448659,1219592090,LC17,LC17(lVLPT7)_R,LC17,LC17,2
1817448659,1313702895,LC17,LC17,LC17,LC17,3
1817448659,1321305370,LC17,PVLP061_R,LC17,PVLP061,47
1817448659,1345079276,LC17,LC17,LC17,LC17,2
1817448659,1354394414,LC17,PVLP120_R,LC17,PVLP120,5
1817448659,1374063129,LC17,PVLP132_R,LC17,PVLP132,10
1817448659,1381997776,LC17,PVLP071_R,LC17,PVLP071,7
1817448659,1382308349,LC17,PVLP071_R,LC17,PVLP071,3
1817448659,1435791739,LC17,PVLP132_R,LC17,PVLP132,9
1817448659,1449486007,LC17,AVLP537_R,LC17,AVLP537,8
1817448659,1473648518,LC17,LC17,LC17,LC17,2
1817448659,1479147574,LC17,PVLP072_R,LC17,PVLP072,5
1817448659,1479492693,LC17,PVLP072_R,LC17,PVLP072,7
1817448659,1508123633,LC17,PVLP018_R,LC17,PVLP018,4
1817448659,1530606252,LC17,LC17(lVLPT7)_R,LC17,LC17,2
1817448659,1535082316,LC17,PVLP135_R,LC17,PVLP135,17
1817448659,1535086505,LC17,PVLP135_R,LC17,PVLP135,9
1817448659,1603645798,LC17,PVLP072_R,LC17,PVLP072,7
1817448659,1603957106,LC17,AVLP409_R,LC17,AVLP409,3
1817448659,1621008677,LC17,LC17,LC17,LC17,2
1817448659,1630342162,LC17,PVLP036_R,LC17,PVLP036,5
1817448659,1654413566,LC17,LC17,LC17,LC17,2
1817448659,1655474822,LC17,LC17,LC17,LC17,2
1817448659,1656834653,LC17,LC17,LC17,LC17,2
1817448659,1658881325,LC17,LC17,LC17,LC17,3
1817448659,1690694192,LC17,PVLP036_R,LC17,PVLP036,2
1817448659,1690698128,LC17,PVLP036_R,LC17,PVLP036,3
1817448659,1690917721,LC17,LC17,LC17,LC17,3
1817448659,1695693354,LC17,PVLP072_R,LC17,PVLP072,5
1817448659,1720105182,LC17,NA,LC17,NA,3
1817448659,1779567374,LC17,LC17,LC17,LC17,5
1817448659,1807572051,LC17,LC17,LC17,LC17,3
1817448659,1812696567,LC17,LC17,LC17,LC17,2
1817448659,1813028777,LC17,LC17,LC17,LC17,3
1817448659,1814055949,LC17,LC17,LC17,LC17,3
1817448659,1817107934,LC17,LC17,LC17,LC17,3
1817448659,1817449059,LC17,LC17,LC17,LC17,3
1817448659,1817449229,LC17,LC17,LC17,LC17,4
1817448659,1817453065,LC17,LC17,LC17,LC17,2
1817448659,1817458052,LC17,LC17,LC17,LC17,2
1817448659,1817458164,LC17,LC17,LC17,LC17,2
1817448659,1817463007,LC17,LC17,LC17,LC17,2
1817448659,1817785682,LC17,LC17,LC17,LC17,3
1817448659,1817790409,LC17,LC17(lVLPT7)_R,LC17,LC17,2
1817448659,1817794820,LC17,LC17(lVLPT7)_R,LC17,LC17,2
1817448659,1817799390,LC17,LC17,LC17,LC17,3
1817448659,1818122205,LC17,LC17,LC17,LC17,2
1817448659,1818473569,LC17,LC17,LC17,LC17,2
1817448659,1844421716,LC17,LC17,LC17,LC17,2
1817448659,1848492258,LC17,LC17,LC17,LC17,2
1817448659,1848506334,LC17,NA,LC17,NA,3
1817448659,1849174879,LC17,LC17(lVLPT7)_R,LC17,LC17,3
1817448659,1879226079,LC17,NA,LC17,NA,2
1817448659,1881215402,LC17,NA,LC17,NA,2
1817448659,1908865507,LC17,LC17,LC17,LC17,2
1817448659,2065758422,LC17,NA,LC17,NA,2
1817448659,5812991769,LC17,LC17,LC17,LC17,2
1817448659,5813017315,LC17,AVLP479_R,LC17,AVLP479,4
1817448659,5813039148,LC17,PVLP011_R,LC17,PVLP011,34
1817448659,5813039410,LC17,LC17,LC17,LC17,3
1817448659,5813057178,LC17,PVLP136_R,LC17,PVLP136,2
1817448659,5813057579,LC17,AVLP538_R,LC17,AVLP538,8
1817448659,5813060163,LC17,LC17,LC17,LC17,2
1817448659,5813076492,LC17,LC17,LC17,LC17,2
1817448659,5813077633,LC17,AVLP479_R,LC17,AVLP479,3
1817448659,5813080260,LC17,AVLP153_R,LC17,AVLP153,7
1817448921,447228814,LC17,PVLP106_R,LC17,PVLP106,33
1817448921,1068885266,LC17,PVLP151(SCB004)_R,LC17,PVLP151,5
1817448921,1070950293,LC17,PVLP151(SCB004)_R,LC17,PVLP151,2
1817448921,1158877703,LC17,LC17(lVLPT4)_R,LC17,LC17,2
1817448921,1189567690,LC17,LC17,LC17,LC17,4
1817448921,1221280490,LC17,LC17(lVLPT7)_R,LC17,LC17,3
1817448921,1250277991,LC17,LC17,LC17,LC17,3
1817448921,1313702895,LC17,LC17,LC17,LC17,3
1817448921,1321305370,LC17,PVLP061_R,LC17,PVLP061,66
1817448921,1345079276,LC17,LC17,LC17,LC17,2
1817448921,1354394414,LC17,PVLP120_R,LC17,PVLP120,8
1817448921,1374063129,LC17,PVLP132_R,LC17,PVLP132,13
1817448921,1381997776,LC17,PVLP071_R,LC17,PVLP071,6
1817448921,1382308349,LC17,PVLP071_R,LC17,PVLP071,4
1817448921,1435791739,LC17,PVLP132_R,LC17,PVLP132,10
1817448921,1449486007,LC17,AVLP537_R,LC17,AVLP537,7
1817448921,1473332777,LC17,LC17(lVLPT7)_R,LC17,LC17,2
1817448921,1479147574,LC17,PVLP072_R,LC17,PVLP072,10
1817448921,1479492693,LC17,PVLP072_R,LC17,PVLP072,4
1817448921,1497200791,LC17,LC17,LC17,LC17,3
1817448921,1508123633,LC17,PVLP018_R,LC17,PVLP018,11
1817448921,1535082316,LC17,PVLP135_R,LC17,PVLP135,18
1817448921,1535086505,LC17,PVLP135_R,LC17,PVLP135,5
1817448921,1562707421,LC17,LC17(lVLPT7)_R,LC17,LC17,2
1817448921,1593012939,LC17,LC17,LC17,LC17,3
1817448921,1601227987,LC17,AVLP552_R,LC17,AVLP552,2
1817448921,1603645798,LC17,PVLP072_R,LC17,PVLP072,6
1817448921,1630342162,LC17,PVLP036_R,LC17,PVLP036,5
1817448921,1654413566,LC17,LC17,LC17,LC17,3
1817448921,1655474822,LC17,LC17,LC17,LC17,2
1817448921,1690694192,LC17,PVLP036_R,LC17,PVLP036,5
1817448921,1690698128,LC17,PVLP036_R,LC17,PVLP036,3
1817448921,1695693354,LC17,PVLP072_R,LC17,PVLP072,4
1817448921,1720105182,LC17,NA,LC17,NA,2
1817448921,1724345210,LC17,NA,LC17,NA,4
1817448921,1751666374,LC17,LC17,LC17,LC17,3
1817448921,1776865370,LC17,LC17,LC17,LC17,2
1817448921,1781333405,LC17,LC17,LC17,LC17,2
1817448921,1807572051,LC17,LC17,LC17,LC17,4
1817448921,1813028777,LC17,LC17,LC17,LC17,2
1817448921,1814055949,LC17,LC17,LC17,LC17,2
1817448921,1814060070,LC17,LC17,LC17,LC17,2
1817448921,1817107934,LC17,LC17,LC17,LC17,2
1817448921,1817449375,LC17,LC17,LC17,LC17,2
1817448921,1817457808,LC17,LC17,LC17,LC17,2
1817448921,1817457984,LC17,LC17,LC17,LC17,2
1817448921,1817458164,LC17,LC17,LC17,LC17,2
1817448921,1817790176,LC17,LC17,LC17,LC17,3
1817448921,1818463564,LC17,NA,LC17,NA,4
1817448921,1848151877,LC17,LC17,LC17,LC17,3
1817448921,1848492714,LC17,LC17,LC17,LC17,2
1817448921,1848506334,LC17,NA,LC17,NA,2
1817448921,1848820426,LC17,LC17(lVLPT7)_R,LC17,LC17,3
1817448921,1880209425,LC17,LC17(lVLPT7)_R,LC17,LC17,2
1817448921,1939904964,LC17,LC17,LC17,LC17,3
1817448921,2065413261,LC17,NA,LC17,NA,2
1817448921,2067105695,LC17,NA,LC17,NA,2
1817448921,5812999009,LC17,LC17(lVLPT4)_R,LC17,LC17,3
1817448921,5813017315,LC17,AVLP479_R,LC17,AVLP479,9
1817448921,5813039148,LC17,PVLP011_R,LC17,PVLP011,40
1817448921,5813057579,LC17,AVLP538_R,LC17,AVLP538,16
1817448921,5813077633,LC17,AVLP479_R,LC17,AVLP479,4
1817448921,5813080260,LC17,AVLP153_R,LC17,AVLP153,6
1817448971,447228814,LC17,PVLP106_R,LC17,PVLP106,41
1817448971,1068885266,LC17,PVLP151(SCB004)_R,LC17,PVLP151,8
1817448971,1221285175,LC17,LC17,LC17,LC17,3
1817448971,1250277991,LC17,LC17,LC17,LC17,2
1817448971,1312061760,LC17,AVLP572_R,LC17,AVLP572,2
1817448971,1321305370,LC17,PVLP061_R,LC17,PVLP061,76
1817448971,1354394414,LC17,PVLP120_R,LC17,PVLP120,5
1817448971,1374063129,LC17,PVLP132_R,LC17,PVLP132,13
1817448971,1381997776,LC17,PVLP071_R,LC17,PVLP071,3
1817448971,1382308349,LC17,PVLP071_R,LC17,PVLP071,4
1817448971,1435791739,LC17,PVLP132_R,LC17,PVLP132,2
1817448971,1449486007,LC17,AVLP537_R,LC17,AVLP537,11
1817448971,1471610338,LC17,LC17,LC17,LC17,4
1817448971,1473648518,LC17,LC17,LC17,LC17,3
1817448971,1479147574,LC17,PVLP072_R,LC17,PVLP072,15
1817448971,1479492693,LC17,PVLP072_R,LC17,PVLP072,3
1817448971,1508123633,LC17,PVLP018_R,LC17,PVLP018,6
1817448971,1528577476,LC17,LC17,LC17,LC17,3
1817448971,1535082316,LC17,PVLP135_R,LC17,PVLP135,17
1817448971,1535086505,LC17,PVLP135_R,LC17,PVLP135,15
1817448971,1565729476,LC17,LC17,LC17,LC17,2
1817448971,1574980522,LC17,AVLP408_R,LC17,AVLP408,2
1817448971,1603645798,LC17,PVLP072_R,LC17,PVLP072,6
1817448971,1628528573,LC17,LC17,LC17,LC17,2
1817448971,1630342162,LC17,PVLP036_R,LC17,PVLP036,9
1817448971,1658881325,LC17,LC17,LC17,LC17,2
1817448971,1663639752,LC17,NA,LC17,NA,2
1817448971,1684443103,LC17,LC17,LC17,LC17,2
1817448971,1689239035,LC17,LC17,LC17,LC17,2
1817448971,1690694192,LC17,PVLP036_R,LC17,PVLP036,6
1817448971,1690698128,LC17,PVLP036_R,LC17,PVLP036,6
1817448971,1695693354,LC17,PVLP072_R,LC17,PVLP072,6
1817448971,1720105182,LC17,NA,LC17,NA,4
1817448971,1747518018,LC17,LC17,LC17,LC17,4
1817448971,1748187330,LC17,LC17,LC17,LC17,2
1817448971,1751262627,LC17,LC17,LC17,LC17,2
1817448971,1751666374,LC17,LC17,LC17,LC17,2
1817448971,1753670596,LC17,LC17(lVLPT4)_R,LC17,LC17,2
1817448971,1754019541,LC17,LC17,LC17,LC17,2
1817448971,1782318275,LC17,LC17,LC17,LC17,2
1817448971,1808241116,LC17,LC17,LC17,LC17,2
1817448971,1813028777,LC17,LC17,LC17,LC17,4
1817448971,1813382259,LC17,LC17(lVLPT7)_R,LC17,LC17,3
1817448971,1814410124,LC17,LC17,LC17,LC17,2
1817448971,1814729223,LC17,LC17(lVLPT7)_R,LC17,LC17,2
1817448971,1814729788,LC17,LC17,LC17,LC17,3
1817448971,1817108009,LC17,LC17,LC17,LC17,2
1817448971,1817112807,LC17,LC17(lVLPT4)_R,LC17,LC17,2
1817448971,1817449236,LC17,LC17,LC17,LC17,4
1817448971,1817449375,LC17,LC17,LC17,LC17,2
1817448971,1817452948,LC17,LC17,LC17,LC17,2
1817448971,1817453257,LC17,LC17,LC17,LC17,2
1817448971,1817457987,LC17,LC17,LC17,LC17,2
1817448971,1817463007,LC17,LC17,LC17,LC17,2
1817448971,1817799390,LC17,LC17,LC17,LC17,2
1817448971,1845772658,LC17,LC17(lVLPT7)_R,LC17,LC17,3
1817448971,1847806203,LC17,LC17,LC17,LC17,2
1817448971,1848143184,LC17,LC17,LC17,LC17,2
1817448971,1848151618,LC17,NA,LC17,NA,2
1817448971,1848156241,LC17,LC17,LC17,LC17,2
1817448971,1848492258,LC17,LC17,LC17,LC17,4
1817448971,1848492714,LC17,LC17,LC17,LC17,2
1817448971,1848506100,LC17,NA,LC17,NA,2
1817448971,1848820426,LC17,LC17(lVLPT7)_R,LC17,LC17,3
1817448971,1849166071,LC17,LC17,LC17,LC17,5
1817448971,1849183960,LC17,LC17(lVLPT7)_R,LC17,LC17,4
1817448971,1849503142,LC17,LC17,LC17,LC17,2
1817448971,1849848921,LC17,NA,LC17,NA,3
1817448971,1879226079,LC17,NA,LC17,NA,2
1817448971,1879877415,LC17,LC17(lVLPT4)_R,LC17,LC17,2
1817448971,1912600163,LC17,LC17,LC17,LC17,3
1817448971,1943301953,LC17,NA,LC17,NA,3
1817448971,1974678421,LC17,NA,LC17,NA,2
1817448971,2003684409,LC17,NA,LC17,NA,2
1817448971,2098149192,LC17,NA,LC17,NA,4
1817448971,2129187723,LC17,NA,LC17,NA,2
1817448971,5812992468,LC17,LC17,LC17,LC17,4
1817448971,5813017315,LC17,AVLP479_R,LC17,AVLP479,6
1817448971,5813027276,LC17,AVLP080_R,LC17,AVLP080,3
1817448971,5813039148,LC17,PVLP011_R,LC17,PVLP011,49
1817448971,5813057178,LC17,PVLP136_R,LC17,PVLP136,6
1817448971,5813057579,LC17,AVLP538_R,LC17,AVLP538,16
1817448971,5813077633,LC17,AVLP479_R,LC17,AVLP479,7
1817448971,5813080260,LC17,AVLP153_R,LC17,AVLP153,2
1817449059,447228814,LC17,PVLP106_R,LC17,PVLP106,30
1817449059,1190250299,LC17,LC17,LC17,LC17,2
1817449059,1221285175,LC17,LC17,LC17,LC17,2
1817449059,1321305370,LC17,PVLP061_R,LC17,PVLP061,73
1817449059,1347812305,LC17,LC17(lVLPT7)_R,LC17,LC17,3
1817449059,1354394414,LC17,PVLP120_R,LC17,PVLP120,2
1817449059,1374063129,LC17,PVLP132_R,LC17,PVLP132,11
1817449059,1382308349,LC17,PVLP071_R,LC17,PVLP071,2
1817449059,1405788552,LC17,LC17,LC17,LC17,3
1817449059,1435791739,LC17,PVLP132_R,LC17,PVLP132,8
1817449059,1437165487,LC17,LC17,LC17,LC17,2
1817449059,1449486007,LC17,AVLP537_R,LC17,AVLP537,11
1817449059,1466844031,LC17,LC17,LC17,LC17,3
1817449059,1473332777,LC17,LC17(lVLPT7)_R,LC17,LC17,2
1817449059,1479147574,LC17,PVLP072_R,LC17,PVLP072,10
1817449059,1479492693,LC17,PVLP072_R,LC17,PVLP072,4
1817449059,1508123633,LC17,PVLP018_R,LC17,PVLP018,9
1817449059,1528577476,LC17,LC17,LC17,LC17,2
1817449059,1534694621,LC17,LC17,LC17,LC17,2
1817449059,1535082316,LC17,PVLP135_R,LC17,PVLP135,15
1817449059,1535086505,LC17,PVLP135_R,LC17,PVLP135,18
1817449059,1601227987,LC17,AVLP552_R,LC17,AVLP552,2
1817449059,1603645798,LC17,PVLP072_R,LC17,PVLP072,6
1817449059,1622360309,LC17,LC17,LC17,LC17,2
1817449059,1625800608,LC17,LC17,LC17,LC17,2
1817449059,1630342162,LC17,PVLP036_R,LC17,PVLP036,9
1817449059,1659515529,LC17,LC17,LC17,LC17,3
1817449059,1690694192,LC17,PVLP036_R,LC17,PVLP036,9
1817449059,1690698128,LC17,PVLP036_R,LC17,PVLP036,2
1817449059,1719928105,LC17,LC17,LC17,LC17,2
1817449059,1720105182,LC17,NA,LC17,NA,4
1817449059,1722307233,LC17,LC17(lVLPT7)_R,LC17,LC17,2
1817449059,1724345210,LC17,NA,LC17,NA,3
1817449059,1750251452,LC17,LC17,LC17,LC17,2
1817449059,1752672460,LC17,LC17,LC17,LC17,2
1817449059,1752962124,LC17,LC17,LC17,LC17,4
1817449059,1779567374,LC17,LC17,LC17,LC17,2
1817449059,1812696567,LC17,LC17,LC17,LC17,2
1817449059,1813028777,LC17,LC17,LC17,LC17,2
1817449059,1813382259,LC17,LC17(lVLPT7)_R,LC17,LC17,2
1817449059,1814729223,LC17,LC17(lVLPT7)_R,LC17,LC17,3
1817449059,1817108009,LC17,LC17,LC17,LC17,2
1817449059,1817112807,LC17,LC17(lVLPT4)_R,LC17,LC17,2
1817449059,1817444555,LC17,LC17,LC17,LC17,4
1817449059,1817448659,LC17,LC17,LC17,LC17,2
1817449059,1817449236,LC17,LC17,LC17,LC17,5
1817449059,1817453257,LC17,LC17,LC17,LC17,2
1817449059,1817457808,LC17,LC17,LC17,LC17,3
1817449059,1817457847,LC17,LC17,LC17,LC17,4
1817449059,1817457987,LC17,LC17,LC17,LC17,2
1817449059,1817790222,LC17,LC17,LC17,LC17,2
1817449059,1847806275,LC17,LC17,LC17,LC17,2
1817449059,1847815147,LC17,LC17(lVLPT7)_R,LC17,LC17,3
1817449059,1848483616,LC17,NA,LC17,NA,2
1817449059,1848506334,LC17,NA,LC17,NA,3
1817449059,1849161407,LC17,LC17,LC17,LC17,2
1817449059,1849178917,LC17,LC17,LC17,LC17,2
1817449059,1879226079,LC17,NA,LC17,NA,2
1817449059,1880887003,LC17,LC17,LC17,LC17,2
1817449059,1939904964,LC17,LC17,LC17,LC17,3
1817449059,1943652542,LC17,NA,LC17,NA,2
1817449059,1966860704,LC17,(PLBDL4)_R,LC17,NA,2
1817449059,2005363241,LC17,NA,LC17,NA,2
1817449059,2035742521,LC17,NA,LC17,NA,2
1817449059,2123680696,LC17,NA,LC17,NA,2
1817449059,5812988086,LC17,LC17,LC17,LC17,2
1817449059,5812993994,LC17,LC17,LC17,LC17,2
1817449059,5813017315,LC17,AVLP479_R,LC17,AVLP479,5
1817449059,5813038918,LC17,LC17,LC17,LC17,3
1817449059,5813039148,LC17,PVLP011_R,LC17,PVLP011,47
1817449059,5813040277,LC17,PVLP115_R,LC17,PVLP115,3
1817449059,5813057579,LC17,AVLP538_R,LC17,AVLP538,7
1817449059,5813060163,LC17,LC17,LC17,LC17,3
1817449059,5813068239,LC17,LC17,LC17,LC17,2
1817449059,5813077633,LC17,AVLP479_R,LC17,AVLP479,4
1817449059,5813080260,LC17,AVLP153_R,LC17,AVLP153,3
1817449116,447228814,LC17(lVLPT4)_R,PVLP106_R,LC17,PVLP106,42
1817449116,1068885266,LC17(lVLPT4)_R,PVLP151(SCB004)_R,LC17,PVLP151,6
1817449116,1070950293,LC17(lVLPT4)_R,PVLP151(SCB004)_R,LC17,PVLP151,2
1817449116,1190250299,LC17(lVLPT4)_R,LC17,LC17,LC17,2
1817449116,1221280490,LC17(lVLPT4)_R,LC17(lVLPT7)_R,LC17,LC17,3
1817449116,1250277991,LC17(lVLPT4)_R,LC17,LC17,LC17,2
1817449116,1321305370,LC17(lVLPT4)_R,PVLP061_R,LC17,PVLP061,66
1817449116,1347126097,LC17(lVLPT4)_R,LC17,LC17,LC17,3
1817449116,1347812305,LC17(lVLPT4)_R,LC17(lVLPT7)_R,LC17,LC17,3
1817449116,1348153557,LC17(lVLPT4)_R,LC17,LC17,LC17,2
1817449116,1354394414,LC17(lVLPT4)_R,PVLP120_R,LC17,PVLP120,7
1817449116,1374063129,LC17(lVLPT4)_R,PVLP132_R,LC17,PVLP132,6
1817449116,1375769049,LC17(lVLPT4)_R,LC17,LC17,LC17,2
1817449116,1381997776,LC17(lVLPT4)_R,PVLP071_R,LC17,PVLP071,3
1817449116,1382308349,LC17(lVLPT4)_R,PVLP071_R,LC17,PVLP071,2
1817449116,1435791739,LC17(lVLPT4)_R,PVLP132_R,LC17,PVLP132,13
1817449116,1437165487,LC17(lVLPT4)_R,LC17,LC17,LC17,4
1817449116,1449486007,LC17(lVLPT4)_R,AVLP537_R,LC17,AVLP537,6
1817449116,1471610338,LC17(lVLPT4)_R,LC17,LC17,LC17,2
1817449116,1479147574,LC17(lVLPT4)_R,PVLP072_R,LC17,PVLP072,12
1817449116,1479492693,LC17(lVLPT4)_R,PVLP072_R,LC17,PVLP072,4
1817449116,1497200791,LC17(lVLPT4)_R,LC17,LC17,LC17,4
1817449116,1504428248,LC17(lVLPT4)_R,PVLP075_R,LC17,PVLP075,2
1817449116,1508123633,LC17(lVLPT4)_R,PVLP018_R,LC17,PVLP018,3
1817449116,1528577476,LC17(lVLPT4)_R,LC17,LC17,LC17,3
1817449116,1534694621,LC17(lVLPT4)_R,LC17,LC17,LC17,3
1817449116,1535082316,LC17(lVLPT4)_R,PVLP135_R,LC17,PVLP135,9
1817449116,1535086505,LC17(lVLPT4)_R,PVLP135_R,LC17,PVLP135,20
1817449116,1561301125,LC17(lVLPT4)_R,LC17,LC17,LC17,2
1817449116,1603645798,LC17(lVLPT4)_R,PVLP072_R,LC17,PVLP072,2
1817449116,1630342162,LC17(lVLPT4)_R,PVLP036_R,LC17,PVLP036,9
1817449116,1656834653,LC17(lVLPT4)_R,LC17,LC17,LC17,2
1817449116,1663639752,LC17(lVLPT4)_R,NA,LC17,NA,2
1817449116,1690694192,LC17(lVLPT4)_R,PVLP036_R,LC17,PVLP036,9
1817449116,1690698128,LC17(lVLPT4)_R,PVLP036_R,LC17,PVLP036,3
1817449116,1690917721,LC17(lVLPT4)_R,LC17,LC17,LC17,2
1817449116,1695693354,LC17(lVLPT4)_R,PVLP072_R,LC17,PVLP072,4
1817449116,1750251452,LC17(lVLPT4)_R,LC17,LC17,LC17,2
1817449116,1753670596,LC17(lVLPT4)_R,LC17(lVLPT4)_R,LC17,LC17,4
1817449116,1781324410,LC17(lVLPT4)_R,LC17,LC17,LC17,4
1817449116,1813028777,LC17(lVLPT4)_R,LC17,LC17,LC17,2
1817449116,1813382259,LC17(lVLPT4)_R,LC17(lVLPT7)_R,LC17,LC17,2
1817449116,1814055949,LC17(lVLPT4)_R,LC17,LC17,LC17,2
1817449116,1814060070,LC17(lVLPT4)_R,LC17,LC17,LC17,2
1817449116,1814729788,LC17(lVLPT4)_R,LC17,LC17,LC17,2
1817449116,1817107934,LC17(lVLPT4)_R,LC17,LC17,LC17,3
1817449116,1817112807,LC17(lVLPT4)_R,LC17(lVLPT4)_R,LC17,LC17,2
1817449116,1817112855,LC17(lVLPT4)_R,LC17,LC17,LC17,2
1817449116,1817449229,LC17(lVLPT4)_R,LC17,LC17,LC17,2
1817449116,1817449236,LC17(lVLPT4)_R,LC17,LC17,LC17,2
1817449116,1817449375,LC17(lVLPT4)_R,LC17,LC17,LC17,3
1817449116,1817457987,LC17(lVLPT4)_R,LC17,LC17,LC17,3
1817449116,1817790222,LC17(lVLPT4)_R,LC17,LC17,LC17,2
1817449116,1817790281,LC17(lVLPT4)_R,LC17(lVLPT4)_R,LC17,LC17,2
1817449116,1847806203,LC17(lVLPT4)_R,LC17,LC17,LC17,3
1817449116,1847815147,LC17(lVLPT4)_R,LC17(lVLPT7)_R,LC17,LC17,2
1817449116,1848151571,LC17(lVLPT4)_R,LC17(lVLPT7)_R,LC17,LC17,2
1817449116,1848492258,LC17(lVLPT4)_R,LC17,LC17,LC17,3
1817449116,1848506334,LC17(lVLPT4)_R,NA,LC17,NA,2
1817449116,1848837843,LC17(lVLPT4)_R,LC17,LC17,LC17,3
1817449116,1849161220,LC17(lVLPT4)_R,LC17,LC17,LC17,3
1817449116,1849161407,LC17(lVLPT4)_R,LC17,LC17,LC17,3
1817449116,1849174879,LC17(lVLPT4)_R,LC17(lVLPT7)_R,LC17,LC17,2
1817449116,1849503142,LC17(lVLPT4)_R,LC17,LC17,LC17,2
1817449116,1880209425,LC17(lVLPT4)_R,LC17(lVLPT7)_R,LC17,LC17,2
1817449116,1910558016,LC17(lVLPT4)_R,NA,LC17,NA,2
1817449116,1910579787,LC17(lVLPT4)_R,NA,LC17,NA,4
1817449116,1911589342,LC17(lVLPT4)_R,NA,LC17,NA,2
1817449116,1937193993,LC17(lVLPT4)_R,LC17,LC17,LC17,3
1817449116,1939904964,LC17(lVLPT4)_R,LC17,LC17,LC17,2
1817449116,1974682390,LC17(lVLPT4)_R,LC17(lVLPT7)_R,LC17,LC17,2
1817449116,2035056038,LC17(lVLPT4)_R,NA,LC17,NA,2
1817449116,2036420122,LC17(lVLPT4)_R,NA,LC17,NA,2
1817449116,2096797326,LC17(lVLPT4)_R,NA,LC17,NA,2
1817449116,5812988086,LC17(lVLPT4)_R,LC17,LC17,LC17,2
1817449116,5812991769,LC17(lVLPT4)_R,LC17,LC17,LC17,2
1817449116,5812992219,LC17(lVLPT4)_R,LC17,LC17,LC17,4
1817449116,5813017315,LC17(lVLPT4)_R,AVLP479_R,LC17,AVLP479,10
1817449116,5813038918,LC17(lVLPT4)_R,LC17,LC17,LC17,3
1817449116,5813039148,LC17(lVLPT4)_R,PVLP011_R,LC17,PVLP011,47
1817449116,5813057178,LC17(lVLPT4)_R,PVLP136_R,LC17,PVLP136,3
1817449116,5813057579,LC17(lVLPT4)_R,AVLP538_R,LC17,AVLP538,15
1817449116,5813068239,LC17(lVLPT4)_R,LC17,LC17,LC17,3
1817449116,5813076492,LC17(lVLPT4)_R,LC17,LC17,LC17,2
1817449116,5813077633,LC17(lVLPT4)_R,AVLP479_R,LC17,AVLP479,9
1817449116,5813080260,LC17(lVLPT4)_R,AVLP153_R,LC17,AVLP153,5
1817449229,447228814,LC17,PVLP106_R,LC17,PVLP106,40
1817449229,1068885266,LC17,PVLP151(SCB004)_R,LC17,PVLP151,4
1817449229,1313702895,LC17,LC17,LC17,LC17,4
1817449229,1321305370,LC17,PVLP061_R,LC17,PVLP061,71
1817449229,1345079276,LC17,LC17,LC17,LC17,2
1817449229,1347812305,LC17,LC17(lVLPT7)_R,LC17,LC17,2
1817449229,1354394414,LC17,PVLP120_R,LC17,PVLP120,14
1817449229,1374063129,LC17,PVLP132_R,LC17,PVLP132,2
1817449229,1382308349,LC17,PVLP071_R,LC17,PVLP071,5
1817449229,1435791739,LC17,PVLP132_R,LC17,PVLP132,12
1817449229,1449486007,LC17,AVLP537_R,LC17,AVLP537,6
1817449229,1471607030,LC17,LC17,LC17,LC17,2
1817449229,1477148598,LC17,PVLP075_R,LC17,PVLP075,2
1817449229,1479147574,LC17,PVLP072_R,LC17,PVLP072,7
1817449229,1479492693,LC17,PVLP072_R,LC17,PVLP072,5
1817449229,1497200791,LC17,LC17,LC17,LC17,3
1817449229,1508123633,LC17,PVLP018_R,LC17,PVLP018,3
1817449229,1512232956,LC17,AVLP135_R,LC17,AVLP135,2
1817449229,1535082316,LC17,PVLP135_R,LC17,PVLP135,17
1817449229,1535086505,LC17,PVLP135_R,LC17,PVLP135,18
1817449229,1562707421,LC17,LC17(lVLPT7)_R,LC17,LC17,2
1817449229,1563355501,LC17,LC17,LC17,LC17,2
1817449229,1589972966,LC17,LC17(lVLPT4)_R,LC17,LC17,3
1817449229,1603645798,LC17,PVLP072_R,LC17,PVLP072,11
1817449229,1603957106,LC17,AVLP409_R,LC17,AVLP409,3
1817449229,1629163100,LC17,LC17(lVLPT7)_R,LC17,LC17,2
1817449229,1630342162,LC17,PVLP036_R,LC17,PVLP036,14
1817449229,1654413566,LC17,LC17,LC17,LC17,2
1817449229,1658881325,LC17,LC17,LC17,LC17,2
1817449229,1684443103,LC17,LC17,LC17,LC17,3
1817449229,1690694192,LC17,PVLP036_R,LC17,PVLP036,9
1817449229,1690698128,LC17,PVLP036_R,LC17,PVLP036,5
1817449229,1695693354,LC17,PVLP072_R,LC17,PVLP072,3
1817449229,1720105182,LC17,NA,LC17,NA,2
1817449229,1720454234,LC17,NA,LC17,NA,3
1817449229,1722307233,LC17,LC17(lVLPT7)_R,LC17,LC17,3
1817449229,1750251452,LC17,LC17,LC17,LC17,2
1817449229,1783361972,LC17,LC17,LC17,LC17,2
1817449229,1814055949,LC17,LC17,LC17,LC17,3
1817449229,1817444315,LC17,LC17(lVLPT7)_R,LC17,LC17,3
1817449229,1817444555,LC17,LC17,LC17,LC17,2
1817449229,1817448659,LC17,LC17,LC17,LC17,2
1817449229,1817449236,LC17,LC17,LC17,LC17,2
1817449229,1817449375,LC17,LC17,LC17,LC17,3
1817449229,1817453065,LC17,LC17,LC17,LC17,2
1817449229,1817457984,LC17,LC17,LC17,LC17,2
1817449229,1817790222,LC17,LC17,LC17,LC17,2
1817449229,1818122205,LC17,LC17,LC17,LC17,2
1817449229,1818136404,LC17,LC17,LC17,LC17,2
1817449229,1818463564,LC17,NA,LC17,NA,2
1817449229,1847806275,LC17,LC17,LC17,LC17,2
1817449229,1848151236,LC17,LC17,LC17,LC17,2
1817449229,1848151877,LC17,LC17,LC17,LC17,5
1817449229,1848483949,LC17,LC17(lVLPT4)_R,LC17,LC17,5
1817449229,1848492258,LC17,LC17,LC17,LC17,2
1817449229,1848492714,LC17,LC17,LC17,LC17,2
1817449229,1848496662,LC17,LC17,LC17,LC17,2
1817449229,1848506334,LC17,NA,LC17,NA,2
1817449229,1848820426,LC17,LC17(lVLPT7)_R,LC17,LC17,3
1817449229,1849161280,LC17,NA,LC17,NA,2
1817449229,1849178917,LC17,LC17,LC17,LC17,2
1817449229,1849179266,LC17,LC17,LC17,LC17,2
1817449229,1849183960,LC17,LC17(lVLPT7)_R,LC17,LC17,2
1817449229,1876820783,LC17,LC17,LC17,LC17,3
1817449229,1879226079,LC17,NA,LC17,NA,2
1817449229,1879877415,LC17,LC17(lVLPT4)_R,LC17,LC17,2
1817449229,1910225770,LC17,NA,LC17,NA,3
1817449229,1910558016,LC17,NA,LC17,NA,2
1817449229,1943634711,LC17,NA,LC17,NA,2
1817449229,1972653359,LC17,NA,LC17,NA,2
1817449229,1972973354,LC17,NA,LC17,NA,2
1817449229,1974682390,LC17,LC17(lVLPT7)_R,LC17,LC17,3
1817449229,2029624973,LC17,LC17,LC17,LC17,3
1817449229,2245501457,LC17,LC17,LC17,LC17,2
1817449229,5812992219,LC17,LC17,LC17,LC17,2
1817449229,5813017315,LC17,AVLP479_R,LC17,AVLP479,6
1817449229,5813034336,LC17,LC17(lVLPT4)_R,LC17,LC17,2
1817449229,5813039148,LC17,PVLP011_R,LC17,PVLP011,45
1817449229,5813039410,LC17,LC17,LC17,LC17,2
1817449229,5813040277,LC17,PVLP115_R,LC17,PVLP115,3
1817449229,5813057579,LC17,AVLP538_R,LC17,AVLP538,7
1817449229,5813077633,LC17,AVLP479_R,LC17,AVLP479,8
1817449229,5813080260,LC17,AVLP153_R,LC17,AVLP153,2
1817449236,447228814,LC17,PVLP106_R,LC17,PVLP106,30
1817449236,1068885266,LC17,PVLP151(SCB004)_R,LC17,PVLP151,6
1817449236,1070950293,LC17,PVLP151(SCB004)_R,LC17,PVLP151,2
1817449236,1158877703,LC17,LC17(lVLPT4)_R,LC17,LC17,2
1817449236,1158877783,LC17,LC17,LC17,LC17,6
1817449236,1221280490,LC17,LC17(lVLPT7)_R,LC17,LC17,2
1817449236,1221285175,LC17,LC17,LC17,LC17,2
1817449236,1250277991,LC17,LC17,LC17,LC17,3
1817449236,1321305370,LC17,PVLP061_R,LC17,PVLP061,68
1817449236,1354394414,LC17,PVLP120_R,LC17,PVLP120,10
1817449236,1374063129,LC17,PVLP132_R,LC17,PVLP132,7
1817449236,1381997776,LC17,PVLP071_R,LC17,PVLP071,2
1817449236,1382308349,LC17,PVLP071_R,LC17,PVLP071,9
1817449236,1435791739,LC17,PVLP132_R,LC17,PVLP132,9
1817449236,1449486007,LC17,AVLP537_R,LC17,AVLP537,6
1817449236,1471607030,LC17,LC17,LC17,LC17,3
1817449236,1473648518,LC17,LC17,LC17,LC17,3
1817449236,1477148598,LC17,PVLP075_R,LC17,PVLP075,2
1817449236,1479147574,LC17,PVLP072_R,LC17,PVLP072,9
1817449236,1479492693,LC17,PVLP072_R,LC17,PVLP072,3
1817449236,1508123633,LC17,PVLP018_R,LC17,PVLP018,9
1817449236,1534694621,LC17,LC17,LC17,LC17,3
1817449236,1535082316,LC17,PVLP135_R,LC17,PVLP135,24
1817449236,1535086505,LC17,PVLP135_R,LC17,PVLP135,18
1817449236,1563355501,LC17,LC17,LC17,LC17,3
1817449236,1589972966,LC17,LC17(lVLPT4)_R,LC17,LC17,3
1817449236,1603645798,LC17,PVLP072_R,LC17,PVLP072,4
1817449236,1603957106,LC17,AVLP409_R,LC17,AVLP409,2
1817449236,1630342162,LC17,PVLP036_R,LC17,PVLP036,5
1817449236,1656153289,LC17,LC17,LC17,LC17,2
1817449236,1658881325,LC17,LC17,LC17,LC17,2
1817449236,1684443103,LC17,LC17,LC17,LC17,2
1817449236,1689187126,LC17,LC17,LC17,LC17,3
1817449236,1689239035,LC17,LC17,LC17,LC17,2
1817449236,1690694192,LC17,PVLP036_R,LC17,PVLP036,5
1817449236,1695693354,LC17,PVLP072_R,LC17,PVLP072,4
1817449236,1714791446,LC17,LC17,LC17,LC17,2
1817449236,1719928105,LC17,LC17,LC17,LC17,2
1817449236,1720105182,LC17,NA,LC17,NA,4
1817449236,1724345210,LC17,NA,LC17,NA,4
1817449236,1752962124,LC17,LC17,LC17,LC17,2
1817449236,1781324410,LC17,LC17,LC17,LC17,2
1817449236,1782680353,LC17,LC17,LC17,LC17,4
1817449236,1807572051,LC17,LC17,LC17,LC17,8
1817449236,1814031575,LC17,LC17,LC17,LC17,2
1817449236,1814729788,LC17,LC17,LC17,LC17,3
1817449236,1817448971,LC17,LC17,LC17,LC17,2
1817449236,1817449059,LC17,LC17,LC17,LC17,2
1817449236,1817452948,LC17,LC17,LC17,LC17,3
1817449236,1817453065,LC17,LC17,LC17,LC17,5
1817449236,1817457808,LC17,LC17,LC17,LC17,4
1817449236,1817457984,LC17,LC17,LC17,LC17,3
1817449236,1817457987,LC17,LC17,LC17,LC17,2
1817449236,1817458164,LC17,LC17,LC17,LC17,3
1817449236,1817785661,LC17,LC17,LC17,LC17,2
1817449236,1817785682,LC17,LC17,LC17,LC17,2
1817449236,1817790222,LC17,LC17,LC17,LC17,2
1817449236,1818473569,LC17,LC17,LC17,LC17,3
1817449236,1847806203,LC17,LC17,LC17,LC17,3
1817449236,1847806275,LC17,LC17,LC17,LC17,2
1817449236,1847815147,LC17,LC17(lVLPT7)_R,LC17,LC17,2
1817449236,1848143184,LC17,LC17,LC17,LC17,4
1817449236,1848151236,LC17,LC17,LC17,LC17,2
1817449236,1848151618,LC17,NA,LC17,NA,2
1817449236,1848483616,LC17,NA,LC17,NA,4
1817449236,1848483949,LC17,LC17(lVLPT4)_R,LC17,LC17,2
1817449236,1848492714,LC17,LC17,LC17,LC17,3
1817449236,1848824817,LC17,LC17,LC17,LC17,3
1817449236,1849161220,LC17,LC17,LC17,LC17,2
1817449236,1849503142,LC17,LC17,LC17,LC17,4
1817449236,1849507321,LC17,LC17,LC17,LC17,2
1817449236,1876820783,LC17,LC17,LC17,LC17,2
1817449236,1879226079,LC17,NA,LC17,NA,3
1817449236,1880887003,LC17,LC17,LC17,LC17,2
1817449236,1908865507,LC17,LC17,LC17,LC17,2
1817449236,1910225770,LC17,NA,LC17,NA,3
1817449236,1937193993,LC17,LC17,LC17,LC17,2
1817449236,1939904964,LC17,LC17,LC17,LC17,2
1817449236,1972653359,LC17,NA,LC17,NA,2
1817449236,2029624973,LC17,LC17,LC17,LC17,3
1817449236,2129187723,LC17,NA,LC17,NA,2
1817449236,5812988086,LC17,LC17,LC17,LC17,3
1817449236,5812992468,LC17,LC17,LC17,LC17,4
1817449236,5812998833,LC17,LC17,LC17,LC17,2
1817449236,5813017315,LC17,AVLP479_R,LC17,AVLP479,10
1817449236,5813034336,LC17,LC17(lVLPT4)_R,LC17,LC17,4
1817449236,5813039148,LC17,PVLP011_R,LC17,PVLP011,39
1817449236,5813057178,LC17,PVLP136_R,LC17,PVLP136,3
1817449236,5813057579,LC17,AVLP538_R,LC17,AVLP538,6
1817449236,5813077633,LC17,AVLP479_R,LC17,AVLP479,11
1817449236,5813080260,LC17,AVLP153_R,LC17,AVLP153,5
1817449375,447228814,LC17,PVLP106_R,LC17,PVLP106,59
1817449375,1068885266,LC17,PVLP151(SCB004)_R,LC17,PVLP151,12
1817449375,1070950293,LC17,PVLP151(SCB004)_R,LC17,PVLP151,3
1817449375,1158877703,LC17,LC17(lVLPT4)_R,LC17,LC17,4
1817449375,1158877783,LC17,LC17,LC17,LC17,4
1817449375,1189567690,LC17,LC17,LC17,LC17,2
1817449375,1190250299,LC17,LC17,LC17,LC17,2
1817449375,1219592090,LC17,LC17(lVLPT7)_R,LC17,LC17,4
1817449375,1313702895,LC17,LC17,LC17,LC17,3
1817449375,1321305370,LC17,PVLP061_R,LC17,PVLP061,70
1817449375,1345079276,LC17,LC17,LC17,LC17,3
1817449375,1346560069,LC17,PLP017_R,LC17,PLP017,2
1817449375,1348153557,LC17,LC17,LC17,LC17,2
1817449375,1354394414,LC17,PVLP120_R,LC17,PVLP120,3
1817449375,1374063129,LC17,PVLP132_R,LC17,PVLP132,8
1817449375,1381997776,LC17,PVLP071_R,LC17,PVLP071,7
1817449375,1382308349,LC17,PVLP071_R,LC17,PVLP071,10
1817449375,1405788552,LC17,LC17,LC17,LC17,3
1817449375,1420172582,LC17,NA,LC17,NA,2
1817449375,1435791739,LC17,PVLP132_R,LC17,PVLP132,13
1817449375,1449486007,LC17,AVLP537_R,LC17,AVLP537,20
1817449375,1471610338,LC17,LC17,LC17,LC17,3
1817449375,1472965897,LC17,LC17,LC17,LC17,2
1817449375,1479147574,LC17,PVLP072_R,LC17,PVLP072,14
1817449375,1479492693,LC17,PVLP072_R,LC17,PVLP072,2
1817449375,1508123633,LC17,PVLP018_R,LC17,PVLP018,7
1817449375,1535082316,LC17,PVLP135_R,LC17,PVLP135,23
1817449375,1535086505,LC17,PVLP135_R,LC17,PVLP135,25
1817449375,1561301125,LC17,LC17,LC17,LC17,3
1817449375,1599872317,LC17,PVLP080_R,LC17,PVLP080,2
1817449375,1603645798,LC17,PVLP072_R,LC17,PVLP072,8
1817449375,1621008677,LC17,LC17,LC17,LC17,2
1817449375,1630342162,LC17,PVLP036_R,LC17,PVLP036,15
1817449375,1656834653,LC17,LC17,LC17,LC17,2
1817449375,1689915765,LC17,LC17,LC17,LC17,2
1817449375,1690694192,LC17,PVLP036_R,LC17,PVLP036,10
1817449375,1695693354,LC17,PVLP072_R,LC17,PVLP072,2
1817449375,1720105182,LC17,NA,LC17,NA,4
1817449375,1722307233,LC17,LC17(lVLPT7)_R,LC17,LC17,2
1817449375,1751262627,LC17,LC17,LC17,LC17,2
1817449375,1752672460,LC17,LC17,LC17,LC17,2
1817449375,1754019541,LC17,LC17,LC17,LC17,2
1817449375,1779567374,LC17,LC17,LC17,LC17,2
1817449375,1782318275,LC17,LC17,LC17,LC17,3
1817449375,1812363713,LC17,LC17,LC17,LC17,2
1817449375,1813028777,LC17,LC17,LC17,LC17,2
1817449375,1814031575,LC17,LC17,LC17,LC17,2
1817449375,1814729788,LC17,LC17,LC17,LC17,4
1817449375,1817113079,LC17,LC17,LC17,LC17,2
1817449375,1817444315,LC17,LC17(lVLPT7)_R,LC17,LC17,2
1817449375,1817448971,LC17,LC17,LC17,LC17,2
1817449375,1817449116,LC17,LC17(lVLPT4)_R,LC17,LC17,2
1817449375,1817449229,LC17,LC17,LC17,LC17,3
1817449375,1817452948,LC17,LC17,LC17,LC17,4
1817449375,1817453065,LC17,LC17,LC17,LC17,2
1817449375,1817457847,LC17,LC17,LC17,LC17,2
1817449375,1817457984,LC17,LC17,LC17,LC17,3
1817449375,1817463007,LC17,LC17,LC17,LC17,2
1817449375,1817790176,LC17,LC17,LC17,LC17,3
1817449375,1817790281,LC17,LC17(lVLPT4)_R,LC17,LC17,2
1817449375,1817790409,LC17,LC17(lVLPT7)_R,LC17,LC17,3
1817449375,1845772658,LC17,LC17(lVLPT7)_R,LC17,LC17,2
1817449375,1847806203,LC17,LC17,LC17,LC17,4
1817449375,1848138779,LC17,LC17,LC17,LC17,2
1817449375,1848151236,LC17,LC17,LC17,LC17,4
1817449375,1848151571,LC17,LC17(lVLPT7)_R,LC17,LC17,3
1817449375,1848483949,LC17,LC17(lVLPT4)_R,LC17,LC17,3
1817449375,1848492258,LC17,LC17,LC17,LC17,2
1817449375,1848506334,LC17,NA,LC17,NA,2
1817449375,1848837843,LC17,LC17,LC17,LC17,2
1817449375,1849161407,LC17,LC17,LC17,LC17,5
1817449375,1849170116,LC17,NA,LC17,NA,2
1817449375,1849174694,LC17,NA,LC17,NA,3
1817449375,1849174873,LC17,NA,LC17,NA,2
1817449375,1849174879,LC17,LC17(lVLPT7)_R,LC17,LC17,2
1817449375,1878845226,LC17,LC17,LC17,LC17,3
1817449375,1878845629,LC17,LC17,LC17,LC17,2
1817449375,1879877415,LC17,LC17(lVLPT4)_R,LC17,LC17,4
1817449375,1880209425,LC17,LC17(lVLPT7)_R,LC17,LC17,2
1817449375,1910920228,LC17,NA,LC17,NA,2
1817449375,1937193993,LC17,LC17,LC17,LC17,2
1817449375,1942965779,LC17,NA,LC17,NA,2
1817449375,1973318509,LC17,NA,LC17,NA,2
1817449375,2067105669,LC17,NA,LC17,NA,2
1817449375,2067446241,LC17,NA,LC17,NA,2
1817449375,2097138693,LC17,NA,LC17,NA,2
1817449375,2097138752,LC17,NA,LC17,NA,2
1817449375,5812988086,LC17,LC17,LC17,LC17,2
1817449375,5812991769,LC17,LC17,LC17,LC17,2
1817449375,5812992219,LC17,LC17,LC17,LC17,2
1817449375,5812998833,LC17,LC17,LC17,LC17,2
1817449375,5813017315,LC17,AVLP479_R,LC17,AVLP479,8
1817449375,5813027276,LC17,AVLP080_R,LC17,AVLP080,2
1817449375,5813034336,LC17,LC17(lVLPT4)_R,LC17,LC17,4
1817449375,5813038679,LC17,LC17,LC17,LC17,2
1817449375,5813038918,LC17,LC17,LC17,LC17,3
1817449375,5813039148,LC17,PVLP011_R,LC17,PVLP011,35
1817449375,5813057579,LC17,AVLP538_R,LC17,AVLP538,20
1817449375,5813077633,LC17,AVLP479_R,LC17,AVLP479,14
1817452948,447228814,LC17,PVLP106_R,LC17,PVLP106,44
1817452948,1068885266,LC17,PVLP151(SCB004)_R,LC17,PVLP151,4
1817452948,1190250299,LC17,LC17,LC17,LC17,2
1817452948,1219592090,LC17,LC17(lVLPT7)_R,LC17,LC17,2
1817452948,1250277991,LC17,LC17,LC17,LC17,5
1817452948,1321305370,LC17,PVLP061_R,LC17,PVLP061,64
1817452948,1345079276,LC17,LC17,LC17,LC17,3
1817452948,1354394414,LC17,PVLP120_R,LC17,PVLP120,9
1817452948,1374063129,LC17,PVLP132_R,LC17,PVLP132,13
1817452948,1381997776,LC17,PVLP071_R,LC17,PVLP071,5
1817452948,1382308349,LC17,PVLP071_R,LC17,PVLP071,4
1817452948,1435791739,LC17,PVLP132_R,LC17,PVLP132,9
1817452948,1449486007,LC17,AVLP537_R,LC17,AVLP537,11
1817452948,1472965897,LC17,LC17,LC17,LC17,3
1817452948,1473648518,LC17,LC17,LC17,LC17,3
1817452948,1477148598,LC17,PVLP075_R,LC17,PVLP075,2
1817452948,1479147574,LC17,PVLP072_R,LC17,PVLP072,9
1817452948,1479492693,LC17,PVLP072_R,LC17,PVLP072,5
1817452948,1508123633,LC17,PVLP018_R,LC17,PVLP018,8
1817452948,1512232956,LC17,AVLP135_R,LC17,AVLP135,2
1817452948,1534694621,LC17,LC17,LC17,LC17,2
1817452948,1535082316,LC17,PVLP135_R,LC17,PVLP135,20
1817452948,1535086505,LC17,PVLP135_R,LC17,PVLP135,20
1817452948,1561301125,LC17,LC17,LC17,LC17,2
1817452948,1562707421,LC17,LC17(lVLPT7)_R,LC17,LC17,2
1817452948,1589972966,LC17,LC17(lVLPT4)_R,LC17,LC17,2
1817452948,1601227987,LC17,AVLP552_R,LC17,AVLP552,3
1817452948,1621008677,LC17,LC17,LC17,LC17,5
1817452948,1622360309,LC17,LC17,LC17,LC17,2
1817452948,1630342162,LC17,PVLP036_R,LC17,PVLP036,11
1817452948,1654413566,LC17,LC17,LC17,LC17,3
1817452948,1658881325,LC17,LC17,LC17,LC17,3
1817452948,1689200671,LC17,LC17,LC17,LC17,2
1817452948,1690694192,LC17,PVLP036_R,LC17,PVLP036,9
1817452948,1690698128,LC17,PVLP036_R,LC17,PVLP036,3
1817452948,1690917721,LC17,LC17,LC17,LC17,2
1817452948,1695693354,LC17,PVLP072_R,LC17,PVLP072,4
1817452948,1720105182,LC17,NA,LC17,NA,2
1817452948,1751262627,LC17,LC17,LC17,LC17,4
1817452948,1754019541,LC17,LC17,LC17,LC17,4
1817452948,1779567374,LC17,LC17,LC17,LC17,3
1817452948,1781324410,LC17,LC17,LC17,LC17,2
1817452948,1782318275,LC17,LC17,LC17,LC17,3
1817452948,1783361972,LC17,LC17,LC17,LC17,2
1817452948,1817107934,LC17,LC17,LC17,LC17,6
1817452948,1817448971,LC17,LC17,LC17,LC17,3
1817452948,1817449236,LC17,LC17,LC17,LC17,3
1817452948,1817449375,LC17,LC17,LC17,LC17,6
1817452948,1817457984,LC17,LC17,LC17,LC17,3
1817452948,1817457987,LC17,LC17,LC17,LC17,3
1817452948,1817790176,LC17,LC17,LC17,LC17,2
1817452948,1817790222,LC17,LC17,LC17,LC17,2
1817452948,1845772658,LC17,LC17(lVLPT7)_R,LC17,LC17,3
1817452948,1847806275,LC17,LC17,LC17,LC17,2
1817452948,1848151571,LC17,LC17(lVLPT7)_R,LC17,LC17,2
1817452948,1848151877,LC17,LC17,LC17,LC17,2
1817452948,1848156241,LC17,LC17,LC17,LC17,2
1817452948,1848492258,LC17,LC17,LC17,LC17,3
1817452948,1848496662,LC17,LC17,LC17,LC17,2
1817452948,1848506334,LC17,NA,LC17,NA,2
1817452948,1848824817,LC17,LC17,LC17,LC17,3
1817452948,1849174694,LC17,NA,LC17,NA,4
1817452948,1849174873,LC17,NA,LC17,NA,2
1817452948,1849174879,LC17,LC17(lVLPT7)_R,LC17,LC17,3
1817452948,1849520324,LC17,LC17,LC17,LC17,3
1817452948,1878845226,LC17,LC17,LC17,LC17,4
1817452948,1878845629,LC17,LC17,LC17,LC17,2
1817452948,1880887003,LC17,LC17,LC17,LC17,2
1817452948,1912600163,LC17,LC17,LC17,LC17,2
1817452948,1942637636,LC17,NA,LC17,NA,3
1817452948,1974682390,LC17,LC17(lVLPT7)_R,LC17,LC17,2
1817452948,5812992468,LC17,LC17,LC17,LC17,2
1817452948,5812999009,LC17,LC17(lVLPT4)_R,LC17,LC17,2
1817452948,5813017315,LC17,AVLP479_R,LC17,AVLP479,5
1817452948,5813039148,LC17,PVLP011_R,LC17,PVLP011,44
1817452948,5813057178,LC17,PVLP136_R,LC17,PVLP136,3
1817452948,5813057579,LC17,AVLP538_R,LC17,AVLP538,10
1817452948,5813077633,LC17,AVLP479_R,LC17,AVLP479,3
1817452948,5813080260,LC17,AVLP153_R,LC17,AVLP153,2
1817453065,447228814,LC17,PVLP106_R,LC17,PVLP106,44
1817453065,1068885266,LC17,PVLP151(SCB004)_R,LC17,PVLP151,5
1817453065,1158877703,LC17,LC17(lVLPT4)_R,LC17,LC17,3
1817453065,1321305370,LC17,PVLP061_R,LC17,PVLP061,77
1817453065,1354394414,LC17,PVLP120_R,LC17,PVLP120,14
1817453065,1374063129,LC17,PVLP132_R,LC17,PVLP132,14
1817453065,1381997776,LC17,PVLP071_R,LC17,PVLP071,6
1817453065,1382308349,LC17,PVLP071_R,LC17,PVLP071,5
1817453065,1435791739,LC17,PVLP132_R,LC17,PVLP132,16
1817453065,1449486007,LC17,AVLP537_R,LC17,AVLP537,5
1817453065,1473332777,LC17,LC17(lVLPT7)_R,LC17,LC17,2
1817453065,1479147574,LC17,PVLP072_R,LC17,PVLP072,8
1817453065,1479492693,LC17,PVLP072_R,LC17,PVLP072,3
1817453065,1508123633,LC17,PVLP018_R,LC17,PVLP018,11
1817453065,1512232956,LC17,AVLP135_R,LC17,AVLP135,5
1817453065,1530606252,LC17,LC17(lVLPT7)_R,LC17,LC17,2
1817453065,1535082316,LC17,PVLP135_R,LC17,PVLP135,16
1817453065,1535086505,LC17,PVLP135_R,LC17,PVLP135,14
1817453065,1539496112,LC17,PVLP073_R,LC17,PVLP073,3
1817453065,1574980522,LC17,AVLP408_R,LC17,AVLP408,2
1817453065,1593012939,LC17,LC17,LC17,LC17,3
1817453065,1601227987,LC17,AVLP552_R,LC17,AVLP552,2
1817453065,1603645798,LC17,PVLP072_R,LC17,PVLP072,3
1817453065,1622360309,LC17,LC17,LC17,LC17,2
1817453065,1625800608,LC17,LC17,LC17,LC17,2
1817453065,1629163100,LC17,LC17(lVLPT7)_R,LC17,LC17,2
1817453065,1630342162,LC17,PVLP036_R,LC17,PVLP036,3
1817453065,1655474822,LC17,LC17,LC17,LC17,3
1817453065,1656153289,LC17,LC17,LC17,LC17,2
1817453065,1663639752,LC17,NA,LC17,NA,2
1817453065,1687831632,LC17,LC17,LC17,LC17,2
1817453065,1689200671,LC17,LC17,LC17,LC17,2
1817453065,1690694192,LC17,PVLP036_R,LC17,PVLP036,9
1817453065,1695693354,LC17,PVLP072_R,LC17,PVLP072,2
1817453065,1720105182,LC17,NA,LC17,NA,6
1817453065,1722307233,LC17,LC17(lVLPT7)_R,LC17,LC17,3
1817453065,1751666374,LC17,LC17,LC17,LC17,2
1817453065,1754019541,LC17,LC17,LC17,LC17,3
1817453065,1782318275,LC17,LC17,LC17,LC17,2
1817453065,1783690466,LC17,LC17,LC17,LC17,2
1817453065,1807572051,LC17,LC17,LC17,LC17,4
1817453065,1813028777,LC17,LC17,LC17,LC17,3
1817453065,1814031575,LC17,LC17,LC17,LC17,2
1817453065,1814055949,LC17,LC17,LC17,LC17,2
1817453065,1814729223,LC17,LC17(lVLPT7)_R,LC17,LC17,2
1817453065,1817108009,LC17,LC17,LC17,LC17,2
1817453065,1817444670,LC17,LC17(lVLPT7)_R,LC17,LC17,2
1817453065,1817448659,LC17,LC17,LC17,LC17,3
1817453065,1817452948,LC17,LC17,LC17,LC17,2
1817453065,1817453257,LC17,LC17,LC17,LC17,2
1817453065,1817457808,LC17,LC17,LC17,LC17,2
1817453065,1817463007,LC17,LC17,LC17,LC17,3
1817453065,1817794820,LC17,LC17(lVLPT7)_R,LC17,LC17,3
1817453065,1847806275,LC17,LC17,LC17,LC17,2
1817453065,1848151618,LC17,NA,LC17,NA,2
1817453065,1848492714,LC17,LC17,LC17,LC17,5
1817453065,1848506334,LC17,NA,LC17,NA,4
1817453065,1849503142,LC17,LC17,LC17,LC17,3
1817453065,1875124235,LC17,LC17,LC17,LC17,2
1817453065,1879226079,LC17,NA,LC17,NA,2
1817453065,1880887003,LC17,LC17,LC17,LC17,2
1817453065,1910212184,LC17,NA,LC17,NA,2
1817453065,1912600163,LC17,LC17,LC17,LC17,3
1817453065,1942633283,LC17,NA,LC17,NA,2
1817453065,2029624973,LC17,LC17,LC17,LC17,3
1817453065,2035742338,LC17,NA,LC17,NA,2
1817453065,2096456595,LC17,NA,LC17,NA,2
1817453065,2096793499,LC17,NA,LC17,NA,2
1817453065,2097816634,LC17,NA,LC17,NA,2
1817453065,5812993994,LC17,LC17,LC17,LC17,4
1817453065,5812998833,LC17,LC17,LC17,LC17,3
1817453065,5813017315,LC17,AVLP479_R,LC17,AVLP479,9
1817453065,5813034336,LC17,LC17(lVLPT4)_R,LC17,LC17,4
1817453065,5813039148,LC17,PVLP011_R,LC17,PVLP011,42
1817453065,5813039410,LC17,LC17,LC17,LC17,2
1817453065,5813040277,LC17,PVLP115_R,LC17,PVLP115,3
1817453065,5813054384,LC17,PPM1203_R,LC17,PPM1203,2
1817453065,5813057579,LC17,AVLP538_R,LC17,AVLP538,8
1817453065,5813068239,LC17,LC17,LC17,LC17,2
1817453065,5813077633,LC17,AVLP479_R,LC17,AVLP479,12
1817453065,5813080260,LC17,AVLP153_R,LC17,AVLP153,4
1817453257,447228814,LC17,PVLP106_R,LC17,PVLP106,34
1817453257,1068885266,LC17,PVLP151(SCB004)_R,LC17,PVLP151,5
1817453257,1189567690,LC17,LC17,LC17,LC17,2
1817453257,1219592090,LC17,LC17(lVLPT7)_R,LC17,LC17,2
1817453257,1221280490,LC17,LC17(lVLPT7)_R,LC17,LC17,4
1817453257,1250277991,LC17,LC17,LC17,LC17,2
1817453257,1312061760,LC17,AVLP572_R,LC17,AVLP572,3
1817453257,1321305370,LC17,PVLP061_R,LC17,PVLP061,80
1817453257,1348153557,LC17,LC17,LC17,LC17,3
1817453257,1354394414,LC17,PVLP120_R,LC17,PVLP120,5
1817453257,1374063129,LC17,PVLP132_R,LC17,PVLP132,15
1817453257,1381997776,LC17,PVLP071_R,LC17,PVLP071,8
1817453257,1382308349,LC17,PVLP071_R,LC17,PVLP071,4
1817453257,1435791739,LC17,PVLP132_R,LC17,PVLP132,11
1817453257,1449486007,LC17,AVLP537_R,LC17,AVLP537,6
1817453257,1477148598,LC17,PVLP075_R,LC17,PVLP075,2
1817453257,1479147574,LC17,PVLP072_R,LC17,PVLP072,5
1817453257,1479492693,LC17,PVLP072_R,LC17,PVLP072,4
1817453257,1497200791,LC17,LC17,LC17,LC17,2
1817453257,1508123633,LC17,PVLP018_R,LC17,PVLP018,6
1817453257,1528577476,LC17,LC17,LC17,LC17,2
1817453257,1534694621,LC17,LC17,LC17,LC17,5
1817453257,1535082316,LC17,PVLP135_R,LC17,PVLP135,20
1817453257,1535086505,LC17,PVLP135_R,LC17,PVLP135,11
1817453257,1562707421,LC17,LC17(lVLPT7)_R,LC17,LC17,2
1817453257,1603645798,LC17,PVLP072_R,LC17,PVLP072,5
1817453257,1625800608,LC17,LC17,LC17,LC17,2
1817453257,1630342162,LC17,PVLP036_R,LC17,PVLP036,8
1817453257,1663639752,LC17,NA,LC17,NA,4
1817453257,1684443103,LC17,LC17,LC17,LC17,4
1817453257,1687831632,LC17,LC17,LC17,LC17,2
1817453257,1689200671,LC17,LC17,LC17,LC17,3
1817453257,1689239035,LC17,LC17,LC17,LC17,3
1817453257,1690694192,LC17,PVLP036_R,LC17,PVLP036,7
1817453257,1690917721,LC17,LC17,LC17,LC17,2
1817453257,1695693354,LC17,PVLP072_R,LC17,PVLP072,6
1817453257,1719928105,LC17,LC17,LC17,LC17,2
1817453257,1720105182,LC17,NA,LC17,NA,6
1817453257,1724345210,LC17,NA,LC17,NA,2
1817453257,1752672460,LC17,LC17,LC17,LC17,3
1817453257,1754019541,LC17,LC17,LC17,LC17,2
1817453257,1776865370,LC17,LC17,LC17,LC17,3
1817453257,1779567374,LC17,LC17,LC17,LC17,2
1817453257,1807572051,LC17,LC17,LC17,LC17,3
1817453257,1812363713,LC17,LC17,LC17,LC17,2
1817453257,1813028777,LC17,LC17,LC17,LC17,3
1817453257,1814060070,LC17,LC17,LC17,LC17,2
1817453257,1817107934,LC17,LC17,LC17,LC17,3
1817453257,1817108009,LC17,LC17,LC17,LC17,3
1817453257,1817112855,LC17,LC17,LC17,LC17,2
1817453257,1817448971,LC17,LC17,LC17,LC17,2
1817453257,1817449059,LC17,LC17,LC17,LC17,2
1817453257,1817449229,LC17,LC17,LC17,LC17,2
1817453257,1817453065,LC17,LC17,LC17,LC17,3
1817453257,1817453557,LC17,LC17(lVLPT4)_R,LC17,LC17,2
1817453257,1817457987,LC17,LC17,LC17,LC17,2
1817453257,1817463007,LC17,LC17,LC17,LC17,4
1817453257,1817785661,LC17,LC17,LC17,LC17,3
1817453257,1817785682,LC17,LC17,LC17,LC17,2
1817453257,1818122205,LC17,LC17,LC17,LC17,4
1817453257,1847806203,LC17,LC17,LC17,LC17,3
1817453257,1848496662,LC17,LC17,LC17,LC17,2
1817453257,1848506334,LC17,NA,LC17,NA,5
1817453257,1848820426,LC17,LC17(lVLPT7)_R,LC17,LC17,2
1817453257,1849179266,LC17,LC17,LC17,LC17,2
1817453257,1908865507,LC17,LC17,LC17,LC17,2
1817453257,1910579787,LC17,NA,LC17,NA,2
1817453257,1912600163,LC17,LC17,LC17,LC17,2
1817453257,1939904964,LC17,LC17,LC17,LC17,2
1817453257,1972662496,LC17,NA,LC17,NA,2
1817453257,1974678308,LC17,NA,LC17,NA,2
1817453257,2066449039,LC17,NA,LC17,NA,2
1817453257,2067463269,LC17,NA,LC17,NA,2
1817453257,2097129738,LC17,NA,LC17,NA,2
1817453257,5812988086,LC17,LC17,LC17,LC17,2
1817453257,5812992219,LC17,LC17,LC17,LC17,2
1817453257,5812992468,LC17,LC17,LC17,LC17,2
1817453257,5812999009,LC17,LC17(lVLPT4)_R,LC17,LC17,2
1817453257,5813017315,LC17,AVLP479_R,LC17,AVLP479,10
1817453257,5813034336,LC17,LC17(lVLPT4)_R,LC17,LC17,2
1817453257,5813039148,LC17,PVLP011_R,LC17,PVLP011,51
1817453257,5813054384,LC17,PPM1203_R,LC17,PPM1203,2
1817453257,5813057178,LC17,PVLP136_R,LC17,PVLP136,2
1817453257,5813057579,LC17,AVLP538_R,LC17,AVLP538,13
1817453257,5813077633,LC17,AVLP479_R,LC17,AVLP479,8
1817453257,5813080260,LC17,AVLP153_R,LC17,AVLP153,3
1817453557,447228814,LC17(lVLPT4)_R,PVLP106_R,LC17,PVLP106,46
1817453557,1068885266,LC17(lVLPT4)_R,PVLP151(SCB004)_R,LC17,PVLP151,5
1817453557,1321305370,LC17(lVLPT4)_R,PVLP061_R,LC17,PVLP061,88
1817453557,1345079276,LC17(lVLPT4)_R,LC17,LC17,LC17,5
1817453557,1347126097,LC17(lVLPT4)_R,LC17,LC17,LC17,3
1817453557,1348153557,LC17(lVLPT4)_R,LC17,LC17,LC17,2
1817453557,1354394414,LC17(lVLPT4)_R,PVLP120_R,LC17,PVLP120,14
1817453557,1374063129,LC17(lVLPT4)_R,PVLP132_R,LC17,PVLP132,12
1817453557,1381997776,LC17(lVLPT4)_R,PVLP071_R,LC17,PVLP071,5
1817453557,1382308349,LC17(lVLPT4)_R,PVLP071_R,LC17,PVLP071,2
1817453557,1435791739,LC17(lVLPT4)_R,PVLP132_R,LC17,PVLP132,19
1817453557,1449486007,LC17(lVLPT4)_R,AVLP537_R,LC17,AVLP537,13
1817453557,1472965897,LC17(lVLPT4)_R,LC17,LC17,LC17,4
1817453557,1473648518,LC17(lVLPT4)_R,LC17,LC17,LC17,2
1817453557,1477148598,LC17(lVLPT4)_R,PVLP075_R,LC17,PVLP075,2
1817453557,1479147574,LC17(lVLPT4)_R,PVLP072_R,LC17,PVLP072,5
1817453557,1479492693,LC17(lVLPT4)_R,PVLP072_R,LC17,PVLP072,3
1817453557,1504428248,LC17(lVLPT4)_R,PVLP075_R,LC17,PVLP075,5
1817453557,1508123633,LC17(lVLPT4)_R,PVLP018_R,LC17,PVLP018,4
1817453557,1530606252,LC17(lVLPT4)_R,LC17(lVLPT7)_R,LC17,LC17,2
1817453557,1535082316,LC17(lVLPT4)_R,PVLP135_R,LC17,PVLP135,14
1817453557,1535086505,LC17(lVLPT4)_R,PVLP135_R,LC17,PVLP135,23
1817453557,1565729476,LC17(lVLPT4)_R,LC17,LC17,LC17,3
1817453557,1601227987,LC17(lVLPT4)_R,AVLP552_R,LC17,AVLP552,3
1817453557,1603645798,LC17(lVLPT4)_R,PVLP072_R,LC17,PVLP072,6
1817453557,1603957106,LC17(lVLPT4)_R,AVLP409_R,LC17,AVLP409,2
1817453557,1629163100,LC17(lVLPT4)_R,LC17(lVLPT7)_R,LC17,LC17,2
1817453557,1630342162,LC17(lVLPT4)_R,PVLP036_R,LC17,PVLP036,6
1817453557,1658881325,LC17(lVLPT4)_R,LC17,LC17,LC17,3
1817453557,1663639752,LC17(lVLPT4)_R,NA,LC17,NA,3
1817453557,1689200671,LC17(lVLPT4)_R,LC17,LC17,LC17,5
1817453557,1690694192,LC17(lVLPT4)_R,PVLP036_R,LC17,PVLP036,11
1817453557,1690698128,LC17(lVLPT4)_R,PVLP036_R,LC17,PVLP036,3
1817453557,1695693354,LC17(lVLPT4)_R,PVLP072_R,LC17,PVLP072,5
1817453557,1722307233,LC17(lVLPT4)_R,LC17(lVLPT7)_R,LC17,LC17,3
1817453557,1724345210,LC17(lVLPT4)_R,NA,LC17,NA,2
1817453557,1747518018,LC17(lVLPT4)_R,LC17,LC17,LC17,2
1817453557,1753670596,LC17(lVLPT4)_R,LC17(lVLPT4)_R,LC17,LC17,4
1817453557,1754019541,LC17(lVLPT4)_R,LC17,LC17,LC17,3
1817453557,1783690466,LC17(lVLPT4)_R,LC17,LC17,LC17,3
1817453557,1808241116,LC17(lVLPT4)_R,LC17,LC17,LC17,2
1817453557,1813382259,LC17(lVLPT4)_R,LC17(lVLPT7)_R,LC17,LC17,2
1817453557,1814060070,LC17(lVLPT4)_R,LC17,LC17,LC17,3
1817453557,1817112807,LC17(lVLPT4)_R,LC17(lVLPT4)_R,LC17,LC17,2
1817453557,1817112855,LC17(lVLPT4)_R,LC17,LC17,LC17,2
1817453557,1817449229,LC17(lVLPT4)_R,LC17,LC17,LC17,2
1817453557,1817457808,LC17(lVLPT4)_R,LC17,LC17,LC17,2
1817453557,1817458052,LC17(lVLPT4)_R,LC17,LC17,LC17,2
1817453557,1817785661,LC17(lVLPT4)_R,LC17,LC17,LC17,4
1817453557,1817790281,LC17(lVLPT4)_R,LC17(lVLPT4)_R,LC17,LC17,3
1817453557,1818122205,LC17(lVLPT4)_R,LC17,LC17,LC17,2
1817453557,1818473569,LC17(lVLPT4)_R,LC17,LC17,LC17,2
1817453557,1845772658,LC17(lVLPT4)_R,LC17(lVLPT7)_R,LC17,LC17,4
1817453557,1848142537,LC17(lVLPT4)_R,NA,LC17,NA,2
1817453557,1848151236,LC17(lVLPT4)_R,LC17,LC17,LC17,2
1817453557,1848483949,LC17(lVLPT4)_R,LC17(lVLPT4)_R,LC17,LC17,4
1817453557,1848492714,LC17(lVLPT4)_R,LC17,LC17,LC17,3
1817453557,1848506334,LC17(lVLPT4)_R,NA,LC17,NA,3
1817453557,1848824817,LC17(lVLPT4)_R,LC17,LC17,LC17,2
1817453557,1848828925,LC17(lVLPT4)_R,LC17(lVLPT7)_R,LC17,LC17,4
1817453557,1849166071,LC17(lVLPT4)_R,LC17,LC17,LC17,2
1817453557,1849183960,LC17(lVLPT4)_R,LC17(lVLPT7)_R,LC17,LC17,2
1817453557,1849503142,LC17(lVLPT4)_R,LC17,LC17,LC17,2
1817453557,1849520324,LC17(lVLPT4)_R,LC17,LC17,LC17,2
1817453557,1878845226,LC17(lVLPT4)_R,LC17,LC17,LC17,3
1817453557,1878845629,LC17(lVLPT4)_R,LC17,LC17,LC17,3
1817453557,1879226079,LC17(lVLPT4)_R,NA,LC17,NA,2
1817453557,1879519066,LC17(lVLPT4)_R,LC17,LC17,LC17,2
1817453557,1879877415,LC17(lVLPT4)_R,LC17(lVLPT4)_R,LC17,LC17,2
1817453557,1880209425,LC17(lVLPT4)_R,LC17(lVLPT7)_R,LC17,LC17,3
1817453557,1880887003,LC17(lVLPT4)_R,LC17,LC17,LC17,2
1817453557,1910920228,LC17(lVLPT4)_R,NA,LC17,NA,3
1817453557,1937193993,LC17(lVLPT4)_R,LC17,LC17,LC17,2
1817453557,1941265025,LC17(lVLPT4)_R,NA,LC17,NA,2
1817453557,1941929607,LC17(lVLPT4)_R,NA,LC17,NA,2
1817453557,1941955396,LC17(lVLPT4)_R,NA,LC17,NA,2
1817453557,2029624973,LC17(lVLPT4)_R,LC17,LC17,LC17,4
1817453557,2036420122,LC17(lVLPT4)_R,NA,LC17,NA,2
1817453557,2066777207,LC17(lVLPT4)_R,NA,LC17,NA,2
1817453557,2098157393,LC17(lVLPT4)_R,NA,LC17,NA,3
1817453557,2245501457,LC17(lVLPT4)_R,LC17,LC17,LC17,2
1817453557,5812988086,LC17(lVLPT4)_R,LC17,LC17,LC17,2
1817453557,5812991769,LC17(lVLPT4)_R,LC17,LC17,LC17,3
1817453557,5812992219,LC17(lVLPT4)_R,LC17,LC17,LC17,4
1817453557,5812999009,LC17(lVLPT4)_R,LC17(lVLPT4)_R,LC17,LC17,4
1817453557,5813017315,LC17(lVLPT4)_R,AVLP479_R,LC17,AVLP479,10
1817453557,5813038679,LC17(lVLPT4)_R,LC17,LC17,LC17,3
1817453557,5813038918,LC17(lVLPT4)_R,LC17,LC17,LC17,4
1817453557,5813039148,LC17(lVLPT4)_R,PVLP011_R,LC17,PVLP011,40
1817453557,5813057178,LC17(lVLPT4)_R,PVLP136_R,LC17,PVLP136,3
1817453557,5813057579,LC17(lVLPT4)_R,AVLP538_R,LC17,AVLP538,16
1817453557,5813077633,LC17(lVLPT4)_R,AVLP479_R,LC17,AVLP479,5
1817453557,5813080260,LC17(lVLPT4)_R,AVLP153_R,LC17,AVLP153,3
1817453557,5901214683,LC17(lVLPT4)_R,AVLP135_R,LC17,AVLP135,2
1817457808,447228814,LC17,PVLP106_R,LC17,PVLP106,34
1817457808,1068885266,LC17,PVLP151(SCB004)_R,LC17,PVLP151,4
1817457808,1070950293,LC17,PVLP151(SCB004)_R,LC17,PVLP151,2
1817457808,1158877703,LC17,LC17(lVLPT4)_R,LC17,LC17,2
1817457808,1221280490,LC17,LC17(lVLPT7)_R,LC17,LC17,3
1817457808,1221285175,LC17,LC17,LC17,LC17,3
1817457808,1250277991,LC17,LC17,LC17,LC17,6
1817457808,1313702895,LC17,LC17,LC17,LC17,5
1817457808,1321305370,LC17,PVLP061_R,LC17,PVLP061,58
1817457808,1345079276,LC17,LC17,LC17,LC17,2
1817457808,1354394414,LC17,PVLP120_R,LC17,PVLP120,7
1817457808,1374063129,LC17,PVLP132_R,LC17,PVLP132,17
1817457808,1381997776,LC17,PVLP071_R,LC17,PVLP071,9
1817457808,1382308349,LC17,PVLP071_R,LC17,PVLP071,6
1817457808,1435791739,LC17,PVLP132_R,LC17,PVLP132,13
1817457808,1449486007,LC17,AVLP537_R,LC17,AVLP537,13
1817457808,1471607030,LC17,LC17,LC17,LC17,2
1817457808,1474424990,LC17,PVLP073_R,LC17,PVLP073,3
1817457808,1477148598,LC17,PVLP075_R,LC17,PVLP075,4
1817457808,1479147574,LC17,PVLP072_R,LC17,PVLP072,17
1817457808,1479492693,LC17,PVLP072_R,LC17,PVLP072,5
1817457808,1508123633,LC17,PVLP018_R,LC17,PVLP018,6
1817457808,1512232956,LC17,AVLP135_R,LC17,AVLP135,2
1817457808,1534694621,LC17,LC17,LC17,LC17,4
1817457808,1535082316,LC17,PVLP135_R,LC17,PVLP135,19
1817457808,1535086505,LC17,PVLP135_R,LC17,PVLP135,24
1817457808,1565729476,LC17,LC17,LC17,LC17,2
1817457808,1603645798,LC17,PVLP072_R,LC17,PVLP072,4
1817457808,1630342162,LC17,PVLP036_R,LC17,PVLP036,8
1817457808,1654413566,LC17,LC17,LC17,LC17,4
1817457808,1655474822,LC17,LC17,LC17,LC17,2
1817457808,1663639752,LC17,NA,LC17,NA,2
1817457808,1690694192,LC17,PVLP036_R,LC17,PVLP036,6
1817457808,1690698128,LC17,PVLP036_R,LC17,PVLP036,3
1817457808,1695693354,LC17,PVLP072_R,LC17,PVLP072,4
1817457808,1719928105,LC17,LC17,LC17,LC17,2
1817457808,1747518018,LC17,LC17,LC17,LC17,2
1817457808,1753670596,LC17,LC17(lVLPT4)_R,LC17,LC17,2
1817457808,1776865370,LC17,LC17,LC17,LC17,3
1817457808,1779567374,LC17,LC17,LC17,LC17,5
1817457808,1808241116,LC17,LC17,LC17,LC17,2
1817457808,1813382259,LC17,LC17(lVLPT7)_R,LC17,LC17,2
1817457808,1814055949,LC17,LC17,LC17,LC17,2
1817457808,1814410124,LC17,LC17,LC17,LC17,3
1817457808,1814729223,LC17,LC17(lVLPT7)_R,LC17,LC17,4
1817457808,1817112807,LC17,LC17(lVLPT4)_R,LC17,LC17,2
1817457808,1817112855,LC17,LC17,LC17,LC17,2
1817457808,1817113079,LC17,LC17,LC17,LC17,2
1817457808,1817444555,LC17,LC17,LC17,LC17,2
1817457808,1817448921,LC17,LC17,LC17,LC17,3
1817457808,1817449059,LC17,LC17,LC17,LC17,2
1817457808,1817453557,LC17,LC17(lVLPT4)_R,LC17,LC17,2
1817457808,1817458164,LC17,LC17,LC17,LC17,2
1817457808,1817790281,LC17,LC17(lVLPT4)_R,LC17,LC17,3
1817457808,1844421716,LC17,LC17,LC17,LC17,3
1817457808,1848151618,LC17,NA,LC17,NA,2
1817457808,1848156241,LC17,LC17,LC17,LC17,4
1817457808,1848820426,LC17,LC17(lVLPT7)_R,LC17,LC17,2
1817457808,1848837784,LC17,NA,LC17,NA,3
1817457808,1849161407,LC17,LC17,LC17,LC17,2
1817457808,1849178917,LC17,LC17,LC17,LC17,3
1817457808,1875460978,LC17,LC17,LC17,LC17,3
1817457808,1876820783,LC17,LC17,LC17,LC17,2
1817457808,1879877415,LC17,LC17(lVLPT4)_R,LC17,LC17,3
1817457808,1912600163,LC17,LC17,LC17,LC17,2
1817457808,1937193993,LC17,LC17,LC17,LC17,3
1817457808,1939904964,LC17,LC17,LC17,LC17,2
1817457808,1974682390,LC17,LC17(lVLPT7)_R,LC17,LC17,2
1817457808,2004374903,LC17,NA,LC17,NA,2
1817457808,2035056038,LC17,NA,LC17,NA,3
1817457808,2097816637,LC17,NA,LC17,NA,2
1817457808,5812992219,LC17,LC17,LC17,LC17,2
1817457808,5813017315,LC17,AVLP479_R,LC17,AVLP479,7
1817457808,5813034336,LC17,LC17(lVLPT4)_R,LC17,LC17,3
1817457808,5813039148,LC17,PVLP011_R,LC17,PVLP011,41
1817457808,5813040277,LC17,PVLP115_R,LC17,PVLP115,2
1817457808,5813057178,LC17,PVLP136_R,LC17,PVLP136,3
1817457808,5813057579,LC17,AVLP538_R,LC17,AVLP538,9
1817457808,5813077633,LC17,AVLP479_R,LC17,AVLP479,4
1817457808,5813080260,LC17,AVLP153_R,LC17,AVLP153,6
1817457847,447228814,LC17,PVLP106_R,LC17,PVLP106,42
1817457847,1068885266,LC17,PVLP151(SCB004)_R,LC17,PVLP151,3
1817457847,1219592090,LC17,LC17(lVLPT7)_R,LC17,LC17,2
1817457847,1250277991,LC17,LC17,LC17,LC17,3
1817457847,1321305370,LC17,PVLP061_R,LC17,PVLP061,68
1817457847,1347126097,LC17,LC17,LC17,LC17,2
1817457847,1354394414,LC17,PVLP120_R,LC17,PVLP120,9
1817457847,1374063129,LC17,PVLP132_R,LC17,PVLP132,16
1817457847,1381997776,LC17,PVLP071_R,LC17,PVLP071,8
1817457847,1382308349,LC17,PVLP071_R,LC17,PVLP071,9
1817457847,1435791739,LC17,PVLP132_R,LC17,PVLP132,14
1817457847,1449486007,LC17,AVLP537_R,LC17,AVLP537,11
1817457847,1477148598,LC17,PVLP075_R,LC17,PVLP075,2
1817457847,1479147574,LC17,PVLP072_R,LC17,PVLP072,12
1817457847,1479492693,LC17,PVLP072_R,LC17,PVLP072,6
1817457847,1504428248,LC17,PVLP075_R,LC17,PVLP075,3
1817457847,1508123633,LC17,PVLP018_R,LC17,PVLP018,3
1817457847,1512232956,LC17,AVLP135_R,LC17,AVLP135,2
1817457847,1535082316,LC17,PVLP135_R,LC17,PVLP135,12
1817457847,1535086505,LC17,PVLP135_R,LC17,PVLP135,26
1817457847,1562707421,LC17,LC17(lVLPT7)_R,LC17,LC17,2
1817457847,1603645798,LC17,PVLP072_R,LC17,PVLP072,7
1817457847,1621008677,LC17,LC17,LC17,LC17,6
1817457847,1622360309,LC17,LC17,LC17,LC17,2
1817457847,1625800608,LC17,LC17,LC17,LC17,3
1817457847,1630230506,LC17,AVLP410_R,LC17,AVLP410,2
1817457847,1630342162,LC17,PVLP036_R,LC17,PVLP036,2
1817457847,1656153289,LC17,LC17,LC17,LC17,3
1817457847,1658881325,LC17,LC17,LC17,LC17,4
1817457847,1663639752,LC17,NA,LC17,NA,4
1817457847,1689200671,LC17,LC17,LC17,LC17,2
1817457847,1689915765,LC17,LC17,LC17,LC17,2
1817457847,1690694192,LC17,PVLP036_R,LC17,PVLP036,10
1817457847,1690698128,LC17,PVLP036_R,LC17,PVLP036,3
1817457847,1695693354,LC17,PVLP072_R,LC17,PVLP072,5
1817457847,1720105182,LC17,NA,LC17,NA,3
1817457847,1724345210,LC17,NA,LC17,NA,2
1817457847,1781324410,LC17,LC17,LC17,LC17,2
1817457847,1781333405,LC17,LC17,LC17,LC17,2
1817457847,1782318275,LC17,LC17,LC17,LC17,3
1817457847,1783690466,LC17,LC17,LC17,LC17,2
1817457847,1807572051,LC17,LC17,LC17,LC17,4
1817457847,1813382259,LC17,LC17(lVLPT7)_R,LC17,LC17,2
1817457847,1814055949,LC17,LC17,LC17,LC17,3
1817457847,1814060070,LC17,LC17,LC17,LC17,2
1817457847,1817112807,LC17,LC17(lVLPT4)_R,LC17,LC17,2
1817457847,1817113079,LC17,LC17,LC17,LC17,3
1817457847,1817444555,LC17,LC17,LC17,LC17,2
1817457847,1817444670,LC17,LC17(lVLPT7)_R,LC17,LC17,2
1817457847,1817448659,LC17,LC17,LC17,LC17,2
1817457847,1817449375,LC17,LC17,LC17,LC17,5
1817457847,1817453065,LC17,LC17,LC17,LC17,2
1817457847,1817453257,LC17,LC17,LC17,LC17,2
1817457847,1817458164,LC17,LC17,LC17,LC17,2
1817457847,1817785661,LC17,LC17,LC17,LC17,2
1817457847,1817790176,LC17,LC17,LC17,LC17,2
1817457847,1817790281,LC17,LC17(lVLPT4)_R,LC17,LC17,2
1817457847,1817790409,LC17,LC17(lVLPT7)_R,LC17,LC17,2
1817457847,1845772658,LC17,LC17(lVLPT7)_R,LC17,LC17,4
1817457847,1847806203,LC17,LC17,LC17,LC17,2
1817457847,1847806275,LC17,LC17,LC17,LC17,2
1817457847,1848151877,LC17,LC17,LC17,LC17,2
1817457847,1848156241,LC17,LC17,LC17,LC17,3
1817457847,1848483949,LC17,LC17(lVLPT4)_R,LC17,LC17,4
1817457847,1848506334,LC17,NA,LC17,NA,3
1817457847,1849178917,LC17,LC17,LC17,LC17,2
1817457847,1875124235,LC17,LC17,LC17,LC17,2
1817457847,1880887003,LC17,LC17,LC17,LC17,4
1817457847,1908865507,LC17,LC17,LC17,LC17,2
1817457847,1937193993,LC17,LC17,LC17,LC17,2
1817457847,1974000346,LC17,NA,LC17,NA,2
1817457847,2029624973,LC17,LC17,LC17,LC17,2
1817457847,2035746834,LC17,NA,LC17,NA,2
1817457847,2067122171,LC17,NA,LC17,NA,2
1817457847,2128505901,LC17,NA,LC17,NA,2
1817457847,5812988086,LC17,LC17,LC17,LC17,2
1817457847,5812991769,LC17,LC17,LC17,LC17,3
1817457847,5812992219,LC17,LC17,LC17,LC17,2
1817457847,5812993994,LC17,LC17,LC17,LC17,3
1817457847,5812999009,LC17,LC17(lVLPT4)_R,LC17,LC17,3
1817457847,5813017315,LC17,AVLP479_R,LC17,AVLP479,7
1817457847,5813027276,LC17,AVLP080_R,LC17,AVLP080,2
1817457847,5813039148,LC17,PVLP011_R,LC17,PVLP011,53
1817457847,5813057178,LC17,PVLP136_R,LC17,PVLP136,5
1817457847,5813057579,LC17,AVLP538_R,LC17,AVLP538,13
1817457847,5813068239,LC17,LC17,LC17,LC17,2
1817457847,5813077633,LC17,AVLP479_R,LC17,AVLP479,11
1817457847,5813080260,LC17,AVLP153_R,LC17,AVLP153,5
1817457984,447228814,LC17,PVLP106_R,LC17,PVLP106,57
1817457984,1068885266,LC17,PVLP151(SCB004)_R,LC17,PVLP151,4
1817457984,1321305370,LC17,PVLP061_R,LC17,PVLP061,69
1817457984,1345079276,LC17,LC17,LC17,LC17,6
1817457984,1348153557,LC17,LC17,LC17,LC17,4
1817457984,1354394414,LC17,PVLP120_R,LC17,PVLP120,3
1817457984,1374063129,LC17,PVLP132_R,LC17,PVLP132,16
1817457984,1375769049,LC17,LC17,LC17,LC17,4
1817457984,1381997776,LC17,PVLP071_R,LC17,PVLP071,2
1817457984,1382308349,LC17,PVLP071_R,LC17,PVLP071,3
1817457984,1405788552,LC17,LC17,LC17,LC17,2
1817457984,1435791739,LC17,PVLP132_R,LC17,PVLP132,15
1817457984,1449486007,LC17,AVLP537_R,LC17,AVLP537,15
1817457984,1472965897,LC17,LC17,LC17,LC17,5
1817457984,1479147574,LC17,PVLP072_R,LC17,PVLP072,12
1817457984,1504428248,LC17,PVLP075_R,LC17,PVLP075,2
1817457984,1508123633,LC17,PVLP018_R,LC17,PVLP018,7
1817457984,1530606252,LC17,LC17(lVLPT7)_R,LC17,LC17,3
1817457984,1535082316,LC17,PVLP135_R,LC17,PVLP135,23
1817457984,1535086505,LC17,PVLP135_R,LC17,PVLP135,20
1817457984,1539496112,LC17,PVLP073_R,LC17,PVLP073,3
1817457984,1589972966,LC17,LC17(lVLPT4)_R,LC17,LC17,3
1817457984,1593012939,LC17,LC17,LC17,LC17,2
1817457984,1603645798,LC17,PVLP072_R,LC17,PVLP072,3
1817457984,1621008677,LC17,LC17,LC17,LC17,2
1817457984,1630342162,LC17,PVLP036_R,LC17,PVLP036,6
1817457984,1654413566,LC17,LC17,LC17,LC17,4
1817457984,1659515529,LC17,LC17,LC17,LC17,2
1817457984,1663639752,LC17,NA,LC17,NA,3
1817457984,1690694192,LC17,PVLP036_R,LC17,PVLP036,14
1817457984,1690698128,LC17,PVLP036_R,LC17,PVLP036,6
1817457984,1690917721,LC17,LC17,LC17,LC17,2
1817457984,1695693354,LC17,PVLP072_R,LC17,PVLP072,8
1817457984,1720105182,LC17,NA,LC17,NA,2
1817457984,1722307233,LC17,LC17(lVLPT7)_R,LC17,LC17,4
1817457984,1747181914,LC17,LC17,LC17,LC17,3
1817457984,1748187330,LC17,LC17,LC17,LC17,3
1817457984,1751262627,LC17,LC17,LC17,LC17,2
1817457984,1752962124,LC17,LC17,LC17,LC17,2
1817457984,1754019541,LC17,LC17,LC17,LC17,3
1817457984,1776865370,LC17,LC17,LC17,LC17,4
1817457984,1781333405,LC17,LC17,LC17,LC17,5
1817457984,1807572051,LC17,LC17,LC17,LC17,2
1817457984,1812696567,LC17,LC17,LC17,LC17,3
1817457984,1814031575,LC17,LC17,LC17,LC17,2
1817457984,1814060070,LC17,LC17,LC17,LC17,3
1817457984,1817112855,LC17,LC17,LC17,LC17,4
1817457984,1817113079,LC17,LC17,LC17,LC17,2
1817457984,1817449375,LC17,LC17,LC17,LC17,4
1817457984,1817452948,LC17,LC17,LC17,LC17,2
1817457984,1817457808,LC17,LC17,LC17,LC17,2
1817457984,1817463007,LC17,LC17,LC17,LC17,2
1817457984,1817790281,LC17,LC17(lVLPT4)_R,LC17,LC17,4
1817457984,1817794820,LC17,LC17(lVLPT7)_R,LC17,LC17,2
1817457984,1847806275,LC17,LC17,LC17,LC17,2
1817457984,1847810811,LC17,LC17(lVLPT7)_R,LC17,LC17,2
1817457984,1848138779,LC17,LC17,LC17,LC17,3
1817457984,1848151618,LC17,NA,LC17,NA,2
1817457984,1848156241,LC17,LC17,LC17,LC17,4
1817457984,1848492258,LC17,LC17,LC17,LC17,2
1817457984,1848824817,LC17,LC17,LC17,LC17,4
1817457984,1848828925,LC17,LC17(lVLPT7)_R,LC17,LC17,3
1817457984,1848837843,LC17,LC17,LC17,LC17,2
1817457984,1849161407,LC17,LC17,LC17,LC17,2
1817457984,1849503142,LC17,LC17,LC17,LC17,2
1817457984,1875460978,LC17,LC17,LC17,LC17,2
1817457984,1910920174,LC17,NA,LC17,NA,3
1817457984,1910920228,LC17,NA,LC17,NA,2
1817457984,1937193993,LC17,LC17,LC17,LC17,2
1817457984,1939904964,LC17,LC17,LC17,LC17,2
1817457984,1974682390,LC17,LC17(lVLPT7)_R,LC17,LC17,2
1817457984,2035064632,LC17,NA,LC17,NA,2
1817457984,2035405815,LC17,NA,LC17,NA,2
1817457984,2097816665,LC17,NA,LC17,NA,3
1817457984,5812991769,LC17,LC17,LC17,LC17,4
1817457984,5813017315,LC17,AVLP479_R,LC17,AVLP479,5
1817457984,5813034336,LC17,LC17(lVLPT4)_R,LC17,LC17,4
1817457984,5813039148,LC17,PVLP011_R,LC17,PVLP011,53
1817457984,5813039410,LC17,LC17,LC17,LC17,2
1817457984,5813054384,LC17,PPM1203_R,LC17,PPM1203,2
1817457984,5813057579,LC17,AVLP538_R,LC17,AVLP538,7
1817457984,5813060163,LC17,LC17,LC17,LC17,2
1817457984,5813077633,LC17,AVLP479_R,LC17,AVLP479,6
1817457987,447228814,LC17,PVLP106_R,LC17,PVLP106,42
1817457987,1068885266,LC17,PVLP151(SCB004)_R,LC17,PVLP151,5
1817457987,1070950293,LC17,PVLP151(SCB004)_R,LC17,PVLP151,4
1817457987,1158877703,LC17,LC17(lVLPT4)_R,LC17,LC17,2
1817457987,1158877783,LC17,LC17,LC17,LC17,2
1817457987,1221280490,LC17,LC17(lVLPT7)_R,LC17,LC17,2
1817457987,1221285175,LC17,LC17,LC17,LC17,2
1817457987,1250277991,LC17,LC17,LC17,LC17,6
1817457987,1312061760,LC17,AVLP572_R,LC17,AVLP572,2
1817457987,1321305370,LC17,PVLP061_R,LC17,PVLP061,76
1817457987,1347126097,LC17,LC17,LC17,LC17,4
1817457987,1347812305,LC17,LC17(lVLPT7)_R,LC17,LC17,2
1817457987,1354394414,LC17,PVLP120_R,LC17,PVLP120,11
1817457987,1374063129,LC17,PVLP132_R,LC17,PVLP132,20
1817457987,1375769049,LC17,LC17,LC17,LC17,2
1817457987,1381997776,LC17,PVLP071_R,LC17,PVLP071,3
1817457987,1382308349,LC17,PVLP071_R,LC17,PVLP071,2
1817457987,1405788552,LC17,LC17,LC17,LC17,2
1817457987,1435791739,LC17,PVLP132_R,LC17,PVLP132,6
1817457987,1435822283,LC17,LC17,LC17,LC17,2
1817457987,1437165487,LC17,LC17,LC17,LC17,2
1817457987,1449486007,LC17,AVLP537_R,LC17,AVLP537,9
1817457987,1472965897,LC17,LC17,LC17,LC17,4
1817457987,1473332777,LC17,LC17(lVLPT7)_R,LC17,LC17,2
1817457987,1474424990,LC17,PVLP073_R,LC17,PVLP073,2
1817457987,1479147574,LC17,PVLP072_R,LC17,PVLP072,15
1817457987,1479492693,LC17,PVLP072_R,LC17,PVLP072,6
1817457987,1504428248,LC17,PVLP075_R,LC17,PVLP075,2
1817457987,1508123633,LC17,PVLP018_R,LC17,PVLP018,5
1817457987,1512232956,LC17,AVLP135_R,LC17,AVLP135,2
1817457987,1534694621,LC17,LC17,LC17,LC17,2
1817457987,1535082316,LC17,PVLP135_R,LC17,PVLP135,21
1817457987,1535086505,LC17,PVLP135_R,LC17,PVLP135,29
1817457987,1565729476,LC17,LC17,LC17,LC17,6
1817457987,1593012939,LC17,LC17,LC17,LC17,3
1817457987,1603645798,LC17,PVLP072_R,LC17,PVLP072,7
1817457987,1621008677,LC17,LC17,LC17,LC17,2
1817457987,1630342162,LC17,PVLP036_R,LC17,PVLP036,12
1817457987,1656834653,LC17,LC17,LC17,LC17,2
1817457987,1658881325,LC17,LC17,LC17,LC17,3
1817457987,1659515529,LC17,LC17,LC17,LC17,2
1817457987,1663639752,LC17,NA,LC17,NA,3
1817457987,1689187126,LC17,LC17,LC17,LC17,3
1817457987,1689200671,LC17,LC17,LC17,LC17,5
1817457987,1689915765,LC17,LC17,LC17,LC17,5
1817457987,1690694192,LC17,PVLP036_R,LC17,PVLP036,9
1817457987,1690698128,LC17,PVLP036_R,LC17,PVLP036,5
1817457987,1695693354,LC17,PVLP072_R,LC17,PVLP072,6
1817457987,1714791446,LC17,LC17,LC17,LC17,5
1817457987,1720105182,LC17,NA,LC17,NA,2
1817457987,1812696567,LC17,LC17,LC17,LC17,4
1817457987,1814410124,LC17,LC17,LC17,LC17,2
1817457987,1817112807,LC17,LC17(lVLPT4)_R,LC17,LC17,2
1817457987,1817448921,LC17,LC17,LC17,LC17,2
1817457987,1817448971,LC17,LC17,LC17,LC17,2
1817457987,1817449116,LC17,LC17(lVLPT4)_R,LC17,LC17,3
1817457987,1817452948,LC17,LC17,LC17,LC17,2
1817457987,1817453557,LC17,LC17(lVLPT4)_R,LC17,LC17,3
1817457987,1817458142,LC17,NA,LC17,NA,2
1817457987,1817463007,LC17,LC17,LC17,LC17,2
1817457987,1817785661,LC17,LC17,LC17,LC17,2
1817457987,1817785682,LC17,LC17,LC17,LC17,2
1817457987,1817790409,LC17,LC17(lVLPT7)_R,LC17,LC17,3
1817457987,1817794820,LC17,LC17(lVLPT7)_R,LC17,LC17,2
1817457987,1818122205,LC17,LC17,LC17,LC17,4
1817457987,1844421716,LC17,LC17,LC17,LC17,4
1817457987,1845772658,LC17,LC17(lVLPT7)_R,LC17,LC17,6
1817457987,1848151236,LC17,LC17,LC17,LC17,2
1817457987,1848156241,LC17,LC17,LC17,LC17,2
1817457987,1848492258,LC17,LC17,LC17,LC17,5
1817457987,1848496662,LC17,LC17,LC17,LC17,3
1817457987,1848824817,LC17,LC17,LC17,LC17,2
1817457987,1849183960,LC17,LC17(lVLPT7)_R,LC17,LC17,3
1817457987,1849520324,LC17,LC17,LC17,LC17,2
1817457987,1875460978,LC17,LC17,LC17,LC17,3
1817457987,1878845629,LC17,LC17,LC17,LC17,2
1817457987,1879226079,LC17,NA,LC17,NA,2
1817457987,1879519066,LC17,LC17,LC17,LC17,2
1817457987,1910916576,LC17,NA,LC17,NA,2
1817457987,1912600163,LC17,LC17,LC17,LC17,2
1817457987,1974682390,LC17,LC17(lVLPT7)_R,LC17,LC17,5
1817457987,2004038224,LC17,NA,LC17,NA,2
1817457987,2004374903,LC17,NA,LC17,NA,2
1817457987,2005044052,LC17,NA,LC17,NA,3
1817457987,2098157393,LC17,NA,LC17,NA,2
1817457987,2098493913,LC17,NA,LC17,NA,2
1817457987,2245501457,LC17,LC17,LC17,LC17,4
1817457987,5813017315,LC17,AVLP479_R,LC17,AVLP479,3
1817457987,5813039148,LC17,PVLP011_R,LC17,PVLP011,53
1817457987,5813057178,LC17,PVLP136_R,LC17,PVLP136,2
1817457987,5813057579,LC17,AVLP538_R,LC17,AVLP538,9
1817457987,5813077633,LC17,AVLP479_R,LC17,AVLP479,8
1817457987,5813080260,LC17,AVLP153_R,LC17,AVLP153,2
1817458052,447228814,LC17,PVLP106_R,LC17,PVLP106,46
1817458052,1068885266,LC17,PVLP151(SCB004)_R,LC17,PVLP151,8
1817458052,1070950293,LC17,PVLP151(SCB004)_R,LC17,PVLP151,2
1817458052,1158877703,LC17,LC17(lVLPT4)_R,LC17,LC17,2
1817458052,1158877783,LC17,LC17,LC17,LC17,4
1817458052,1190250299,LC17,LC17,LC17,LC17,2
1817458052,1321305370,LC17,PVLP061_R,LC17,PVLP061,70
1817458052,1354394414,LC17,PVLP120_R,LC17,PVLP120,7
1817458052,1374063129,LC17,PVLP132_R,LC17,PVLP132,16
1817458052,1381997776,LC17,PVLP071_R,LC17,PVLP071,13
1817458052,1382308349,LC17,PVLP071_R,LC17,PVLP071,13
1817458052,1435791739,LC17,PVLP132_R,LC17,PVLP132,7
1817458052,1449486007,LC17,AVLP537_R,LC17,AVLP537,15
1817458052,1471607030,LC17,LC17,LC17,LC17,3
1817458052,1479147574,LC17,PVLP072_R,LC17,PVLP072,13
1817458052,1479492693,LC17,PVLP072_R,LC17,PVLP072,4
1817458052,1504428248,LC17,PVLP075_R,LC17,PVLP075,3
1817458052,1508123633,LC17,PVLP018_R,LC17,PVLP018,6
1817458052,1512232956,LC17,AVLP135_R,LC17,AVLP135,2
1817458052,1535082316,LC17,PVLP135_R,LC17,PVLP135,24
1817458052,1535086505,LC17,PVLP135_R,LC17,PVLP135,12
1817458052,1603645798,LC17,PVLP072_R,LC17,PVLP072,8
1817458052,1603957106,LC17,AVLP409_R,LC17,AVLP409,2
1817458052,1628528573,LC17,LC17,LC17,LC17,2
1817458052,1629163100,LC17,LC17(lVLPT7)_R,LC17,LC17,3
1817458052,1630342162,LC17,PVLP036_R,LC17,PVLP036,3
1817458052,1654413566,LC17,LC17,LC17,LC17,2
1817458052,1656834653,LC17,LC17,LC17,LC17,5
1817458052,1658881325,LC17,LC17,LC17,LC17,3
1817458052,1690694192,LC17,PVLP036_R,LC17,PVLP036,11
1817458052,1690698128,LC17,PVLP036_R,LC17,PVLP036,4
1817458052,1720105182,LC17,NA,LC17,NA,3
1817458052,1722307233,LC17,LC17(lVLPT7)_R,LC17,LC17,3
1817458052,1747181914,LC17,LC17,LC17,LC17,3
1817458052,1779567374,LC17,LC17,LC17,LC17,4
1817458052,1781333405,LC17,LC17,LC17,LC17,2
1817458052,1782318275,LC17,LC17,LC17,LC17,3
1817458052,1783361972,LC17,LC17,LC17,LC17,2
1817458052,1812696567,LC17,LC17,LC17,LC17,3
1817458052,1817107934,LC17,LC17,LC17,LC17,3
1817458052,1817449229,LC17,LC17,LC17,LC17,2
1817458052,1817449375,LC17,LC17,LC17,LC17,2
1817458052,1817452948,LC17,LC17,LC17,LC17,3
1817458052,1817453065,LC17,LC17,LC17,LC17,2
1817458052,1817457984,LC17,LC17,LC17,LC17,4
1817458052,1817786077,LC17,LC17,LC17,LC17,3
1817458052,1817790281,LC17,LC17(lVLPT4)_R,LC17,LC17,2
1817458052,1844421716,LC17,LC17,LC17,LC17,2
1817458052,1847806203,LC17,LC17,LC17,LC17,2
1817458052,1847806275,LC17,LC17,LC17,LC17,2
1817458052,1848828925,LC17,LC17(lVLPT7)_R,LC17,LC17,4
1817458052,1849161407,LC17,LC17,LC17,LC17,4
1817458052,1849174879,LC17,LC17(lVLPT7)_R,LC17,LC17,5
1817458052,1849178917,LC17,LC17,LC17,LC17,2
1817458052,1849179266,LC17,LC17,LC17,LC17,2
1817458052,1849183960,LC17,LC17(lVLPT7)_R,LC17,LC17,3
1817458052,1876820783,LC17,LC17,LC17,LC17,4
1817458052,1879519066,LC17,LC17,LC17,LC17,3
1817458052,1879877415,LC17,LC17(lVLPT4)_R,LC17,LC17,4
1817458052,1911257021,LC17,NA,LC17,NA,2
1817458052,1912608441,LC17,NA,LC17,NA,2
1817458052,1941610388,LC17,NA,LC17,NA,2
1817458052,2029624973,LC17,LC17,LC17,LC17,2
1817458052,2035405815,LC17,NA,LC17,NA,2
1817458052,2066095352,LC17,NA,LC17,NA,3
1817458052,2098157305,LC17,NA,LC17,NA,2
1817458052,2098161599,LC17,NA,LC17,NA,2
1817458052,2098493913,LC17,NA,LC17,NA,2
1817458052,5813017315,LC17,AVLP479_R,LC17,AVLP479,9
1817458052,5813027276,LC17,AVLP080_R,LC17,AVLP080,2
1817458052,5813034336,LC17,LC17(lVLPT4)_R,LC17,LC17,3
1817458052,5813039148,LC17,PVLP011_R,LC17,PVLP011,48
1817458052,5813040277,LC17,PVLP115_R,LC17,PVLP115,3
1817458052,5813057579,LC17,AVLP538_R,LC17,AVLP538,17
1817458052,5813060163,LC17,LC17,LC17,LC17,2
1817458052,5813068559,LC17,AVLP396_R,LC17,AVLP396,2
1817458052,5813077633,LC17,AVLP479_R,LC17,AVLP479,8
1817458052,5813080260,LC17,AVLP153_R,LC17,AVLP153,6
1817458164,447228814,LC17,PVLP106_R,LC17,PVLP106,43
1817458164,1068885266,LC17,PVLP151(SCB004)_R,LC17,PVLP151,12
1817458164,1070950293,LC17,PVLP151(SCB004)_R,LC17,PVLP151,2
1817458164,1221285175,LC17,LC17,LC17,LC17,3
1817458164,1321305370,LC17,PVLP061_R,LC17,PVLP061,63
1817458164,1346560069,LC17,PLP017_R,LC17,PLP017,2
1817458164,1347812305,LC17,LC17(lVLPT7)_R,LC17,LC17,4
1817458164,1354394414,LC17,PVLP120_R,LC17,PVLP120,10
1817458164,1374063129,LC17,PVLP132_R,LC17,PVLP132,9
1817458164,1381997776,LC17,PVLP071_R,LC17,PVLP071,7
1817458164,1382308349,LC17,PVLP071_R,LC17,PVLP071,5
1817458164,1435791739,LC17,PVLP132_R,LC17,PVLP132,15
1817458164,1449486007,LC17,AVLP537_R,LC17,AVLP537,4
1817458164,1466844031,LC17,LC17,LC17,LC17,3
1817458164,1479147574,LC17,PVLP072_R,LC17,PVLP072,4
1817458164,1479492693,LC17,PVLP072_R,LC17,PVLP072,2
1817458164,1504428248,LC17,PVLP075_R,LC17,PVLP075,2
1817458164,1508123633,LC17,PVLP018_R,LC17,PVLP018,5
1817458164,1534694621,LC17,LC17,LC17,LC17,2
1817458164,1535082316,LC17,PVLP135_R,LC17,PVLP135,20
1817458164,1535086505,LC17,PVLP135_R,LC17,PVLP135,27
1817458164,1589972966,LC17,LC17(lVLPT4)_R,LC17,LC17,2
1817458164,1601227987,LC17,AVLP552_R,LC17,AVLP552,2
1817458164,1622360309,LC17,LC17,LC17,LC17,3
1817458164,1625800608,LC17,LC17,LC17,LC17,2
1817458164,1630342162,LC17,PVLP036_R,LC17,PVLP036,4
1817458164,1654413566,LC17,LC17,LC17,LC17,2
1817458164,1655474822,LC17,LC17,LC17,LC17,2
1817458164,1659515529,LC17,LC17,LC17,LC17,2
1817458164,1663639752,LC17,NA,LC17,NA,2
1817458164,1690694192,LC17,PVLP036_R,LC17,PVLP036,15
1817458164,1690698128,LC17,PVLP036_R,LC17,PVLP036,3
1817458164,1695693354,LC17,PVLP072_R,LC17,PVLP072,4
1817458164,1720105182,LC17,NA,LC17,NA,4
1817458164,1747518018,LC17,LC17,LC17,LC17,2
1817458164,1750251452,LC17,LC17,LC17,LC17,3
1817458164,1782680353,LC17,LC17,LC17,LC17,2
1817458164,1812696567,LC17,LC17,LC17,LC17,2
1817458164,1814031575,LC17,LC17,LC17,LC17,2
1817458164,1814729788,LC17,LC17,LC17,LC17,2
1817458164,1817107934,LC17,LC17,LC17,LC17,3
1817458164,1817448659,LC17,LC17,LC17,LC17,2
1817458164,1817448921,LC17,LC17,LC17,LC17,2
1817458164,1817457808,LC17,LC17,LC17,LC17,3
1817458164,1817785682,LC17,LC17,LC17,LC17,2
1817458164,1817790281,LC17,LC17(lVLPT4)_R,LC17,LC17,2
1817458164,1817794820,LC17,LC17(lVLPT7)_R,LC17,LC17,3
1817458164,1817799390,LC17,LC17,LC17,LC17,4
1817458164,1818122205,LC17,LC17,LC17,LC17,3
1817458164,1818473569,LC17,LC17,LC17,LC17,2
1817458164,1848143184,LC17,LC17,LC17,LC17,5
1817458164,1848151236,LC17,LC17,LC17,LC17,2
1817458164,1848151571,LC17,LC17(lVLPT7)_R,LC17,LC17,2
1817458164,1848151618,LC17,NA,LC17,NA,2
1817458164,1848483949,LC17,LC17(lVLPT4)_R,LC17,LC17,3
1817458164,1848492258,LC17,LC17,LC17,LC17,2
1817458164,1848828925,LC17,LC17(lVLPT7)_R,LC17,LC17,2
1817458164,1848837843,LC17,LC17,LC17,LC17,2
1817458164,1849161407,LC17,LC17,LC17,LC17,5
1817458164,1879519066,LC17,LC17,LC17,LC17,3
1817458164,1880209425,LC17,LC17(lVLPT7)_R,LC17,LC17,2
1817458164,1908865507,LC17,LC17,LC17,LC17,2
1817458164,1910920474,LC17,NA,LC17,NA,2
1817458164,2005389920,LC17,NA,LC17,NA,2
1817458164,2006067880,LC17,NA,LC17,NA,2
1817458164,2029624973,LC17,LC17,LC17,LC17,4
1817458164,2067800573,LC17,NA,LC17,NA,2
1817458164,2098498534,LC17,NA,LC17,NA,3
1817458164,2245501457,LC17,LC17,LC17,LC17,7
1817458164,5812988086,LC17,LC17,LC17,LC17,2
1817458164,5812998833,LC17,LC17,LC17,LC17,2
1817458164,5813017315,LC17,AVLP479_R,LC17,AVLP479,3
1817458164,5813039148,LC17,PVLP011_R,LC17,PVLP011,40
1817458164,5813054384,LC17,PPM1203_R,LC17,PPM1203,2
1817458164,5813057178,LC17,PVLP136_R,LC17,PVLP136,3
1817458164,5813057579,LC17,AVLP538_R,LC17,AVLP538,10
1817458164,5813076492,LC17,LC17,LC17,LC17,2
1817458164,5813077633,LC17,AVLP479_R,LC17,AVLP479,4
1817463007,447228814,LC17,PVLP106_R,LC17,PVLP106,34
1817463007,1068885266,LC17,PVLP151(SCB004)_R,LC17,PVLP151,5
1817463007,1158877703,LC17,LC17(lVLPT4)_R,LC17,LC17,2
1817463007,1189567690,LC17,LC17,LC17,LC17,6
1817463007,1221280490,LC17,LC17(lVLPT7)_R,LC17,LC17,2
1817463007,1221285175,LC17,LC17,LC17,LC17,4
1817463007,1250277991,LC17,LC17,LC17,LC17,3
1817463007,1312061760,LC17,AVLP572_R,LC17,AVLP572,2
1817463007,1313702895,LC17,LC17,LC17,LC17,2
1817463007,1321305370,LC17,PVLP061_R,LC17,PVLP061,53
1817463007,1348153557,LC17,LC17,LC17,LC17,2
1817463007,1354394414,LC17,PVLP120_R,LC17,PVLP120,9
1817463007,1374063129,LC17,PVLP132_R,LC17,PVLP132,9
1817463007,1381997776,LC17,PVLP071_R,LC17,PVLP071,9
1817463007,1382308349,LC17,PVLP071_R,LC17,PVLP071,5
1817463007,1435791739,LC17,PVLP132_R,LC17,PVLP132,11
1817463007,1449486007,LC17,AVLP537_R,LC17,AVLP537,11
1817463007,1466844031,LC17,LC17,LC17,LC17,2
1817463007,1467859487,LC17,LC17,LC17,LC17,2
1817463007,1479147574,LC17,PVLP072_R,LC17,PVLP072,6
1817463007,1479492693,LC17,PVLP072_R,LC17,PVLP072,8
1817463007,1504428248,LC17,PVLP075_R,LC17,PVLP075,3
1817463007,1508123633,LC17,PVLP018_R,LC17,PVLP018,4
1817463007,1512232956,LC17,AVLP135_R,LC17,AVLP135,2
1817463007,1535082316,LC17,PVLP135_R,LC17,PVLP135,17
1817463007,1535086505,LC17,PVLP135_R,LC17,PVLP135,22
1817463007,1563355501,LC17,LC17,LC17,LC17,4
1817463007,1593012939,LC17,LC17,LC17,LC17,2
1817463007,1603645798,LC17,PVLP072_R,LC17,PVLP072,7
1817463007,1621008677,LC17,LC17,LC17,LC17,2
1817463007,1622360309,LC17,LC17,LC17,LC17,2
1817463007,1630342162,LC17,PVLP036_R,LC17,PVLP036,2
1817463007,1659515529,LC17,LC17,LC17,LC17,2
1817463007,1689239035,LC17,LC17,LC17,LC17,2
1817463007,1690694192,LC17,PVLP036_R,LC17,PVLP036,14
1817463007,1690698128,LC17,PVLP036_R,LC17,PVLP036,4
1817463007,1714791446,LC17,LC17,LC17,LC17,2
1817463007,1719928105,LC17,LC17,LC17,LC17,4
1817463007,1720105182,LC17,NA,LC17,NA,2
1817463007,1747181914,LC17,LC17,LC17,LC17,2
1817463007,1750251452,LC17,LC17,LC17,LC17,2
1817463007,1752672460,LC17,LC17,LC17,LC17,3
1817463007,1752962124,LC17,LC17,LC17,LC17,2
1817463007,1782318275,LC17,LC17,LC17,LC17,2
1817463007,1783690466,LC17,LC17,LC17,LC17,2
1817463007,1808241116,LC17,LC17,LC17,LC17,2
1817463007,1813382259,LC17,LC17(lVLPT7)_R,LC17,LC17,2
1817463007,1817448971,LC17,LC17,LC17,LC17,3
1817463007,1817453065,LC17,LC17,LC17,LC17,2
1817463007,1817453257,LC17,LC17,LC17,LC17,2
1817463007,1817457987,LC17,LC17,LC17,LC17,3
1817463007,1817458164,LC17,LC17,LC17,LC17,2
1817463007,1817785682,LC17,LC17,LC17,LC17,3
1817463007,1818122205,LC17,LC17,LC17,LC17,2
1817463007,1848151571,LC17,LC17(lVLPT7)_R,LC17,LC17,2
1817463007,1848156241,LC17,LC17,LC17,LC17,4
1817463007,1848488366,LC17,NA,LC17,NA,3
1817463007,1848496662,LC17,LC17,LC17,LC17,2
1817463007,1848506100,LC17,NA,LC17,NA,2
1817463007,1848506334,LC17,NA,LC17,NA,3
1817463007,1848820426,LC17,LC17(lVLPT7)_R,LC17,LC17,2
1817463007,1848824817,LC17,LC17,LC17,LC17,2
1817463007,1849183960,LC17,LC17(lVLPT7)_R,LC17,LC17,2
1817463007,1878845226,LC17,LC17,LC17,LC17,2
1817463007,1878845629,LC17,LC17,LC17,LC17,2
1817463007,1879226079,LC17,NA,LC17,NA,4
1817463007,1879522681,LC17,NA,LC17,NA,2
1817463007,1910579992,LC17,NA,LC17,NA,2
1817463007,1911598304,LC17,NA,LC17,NA,2
1817463007,1912271690,LC17,NA,LC17,NA,2
1817463007,1973655171,LC17,NA,LC17,NA,2
1817463007,2034723252,LC17,NA,LC17,NA,2
1817463007,2036092461,LC17,NA,LC17,NA,2
1817463007,2036752730,LC17,NA,LC17,NA,2
1817463007,2037097519,LC17,NA,LC17,NA,2
1817463007,2097816617,LC17,NA,LC17,NA,2
1817463007,5812988086,LC17,LC17,LC17,LC17,2
1817463007,5813017315,LC17,AVLP479_R,LC17,AVLP479,12
1817463007,5813034336,LC17,LC17(lVLPT4)_R,LC17,LC17,3
1817463007,5813039148,LC17,PVLP011_R,LC17,PVLP011,42
1817463007,5813057178,LC17,PVLP136_R,LC17,PVLP136,2
1817463007,5813057579,LC17,AVLP538_R,LC17,AVLP538,19
1817463007,5813060163,LC17,LC17,LC17,LC17,4
1817463007,5813068239,LC17,LC17,LC17,LC17,3
1817463007,5813077633,LC17,AVLP479_R,LC17,AVLP479,9
1817463007,5813080260,LC17,AVLP153_R,LC17,AVLP153,3
1817785661,447228814,LC17,PVLP106_R,LC17,PVLP106,32
1817785661,912601209,LC17,PLP244(SCB010)_L,LC17,PLP244,2
1817785661,1007576087,LC17,LT79_R,LC17,LT79,2
1817785661,1068885266,LC17,PVLP151(SCB004)_R,LC17,PVLP151,2
1817785661,1158877783,LC17,LC17,LC17,LC17,2
1817785661,1189567690,LC17,LC17,LC17,LC17,2
1817785661,1321305370,LC17,PVLP061_R,LC17,PVLP061,62
1817785661,1345442381,LC17,Li19_R,LC17,Li19,3
1817785661,1348153557,LC17,LC17,LC17,LC17,3
1817785661,1354394414,LC17,PVLP120_R,LC17,PVLP120,13
1817785661,1374063129,LC17,PVLP132_R,LC17,PVLP132,9
1817785661,1375769049,LC17,LC17,LC17,LC17,2
1817785661,1381997776,LC17,PVLP071_R,LC17,PVLP071,4
1817785661,1435791739,LC17,PVLP132_R,LC17,PVLP132,7
1817785661,1437165487,LC17,LC17,LC17,LC17,2
1817785661,1449486007,LC17,AVLP537_R,LC17,AVLP537,8
1817785661,1467859487,LC17,LC17,LC17,LC17,2
1817785661,1473648518,LC17,LC17,LC17,LC17,2
1817785661,1479147574,LC17,PVLP072_R,LC17,PVLP072,3
1817785661,1479492693,LC17,PVLP072_R,LC17,PVLP072,4
1817785661,1497200791,LC17,LC17,LC17,LC17,2
1817785661,1504428248,LC17,PVLP075_R,LC17,PVLP075,2
1817785661,1508123633,LC17,PVLP018_R,LC17,PVLP018,6
1817785661,1528577476,LC17,LC17,LC17,LC17,2
1817785661,1530606252,LC17,LC17(lVLPT7)_R,LC17,LC17,2
1817785661,1535082316,LC17,PVLP135_R,LC17,PVLP135,21
1817785661,1535086505,LC17,PVLP135_R,LC17,PVLP135,13
1817785661,1593012939,LC17,LC17,LC17,LC17,2
1817785661,1603645798,LC17,PVLP072_R,LC17,PVLP072,7
1817785661,1622360309,LC17,LC17,LC17,LC17,2
1817785661,1628528573,LC17,LC17,LC17,LC17,2
1817785661,1629163100,LC17,LC17(lVLPT7)_R,LC17,LC17,3
1817785661,1630342162,LC17,PVLP036_R,LC17,PVLP036,14
1817785661,1658881325,LC17,LC17,LC17,LC17,2
1817785661,1659515529,LC17,LC17,LC17,LC17,2
1817785661,1663639752,LC17,NA,LC17,NA,4
1817785661,1684443103,LC17,LC17,LC17,LC17,2
1817785661,1687831632,LC17,LC17,LC17,LC17,2
1817785661,1690694192,LC17,PVLP036_R,LC17,PVLP036,11
1817785661,1695693354,LC17,PVLP072_R,LC17,PVLP072,4
1817785661,1719928105,LC17,LC17,LC17,LC17,3
1817785661,1752962124,LC17,LC17,LC17,LC17,3
1817785661,1781333405,LC17,LC17,LC17,LC17,2
1817785661,1814729223,LC17,LC17(lVLPT7)_R,LC17,LC17,2
1817785661,1817444555,LC17,LC17,LC17,LC17,2
1817785661,1817449116,LC17,LC17(lVLPT4)_R,LC17,LC17,3
1817785661,1817453257,LC17,LC17,LC17,LC17,2
1817785661,1817453557,LC17,LC17(lVLPT4)_R,LC17,LC17,2
1817785661,1817457847,LC17,LC17,LC17,LC17,2
1817785661,1818122205,LC17,LC17,LC17,LC17,3
1817785661,1847806203,LC17,LC17,LC17,LC17,6
1817785661,1848156241,LC17,LC17,LC17,LC17,2
1817785661,1848506334,LC17,NA,LC17,NA,2
1817785661,1848828925,LC17,LC17(lVLPT7)_R,LC17,LC17,2
1817785661,1848837843,LC17,LC17,LC17,LC17,2
1817785661,1849178917,LC17,LC17,LC17,LC17,2
1817785661,1849179266,LC17,LC17,LC17,LC17,3
1817785661,1849507321,LC17,LC17,LC17,LC17,2
1817785661,1849520324,LC17,LC17,LC17,LC17,3
1817785661,1876484146,LC17,LPLC2_R,LC17,LPLC2,2
1817785661,1876820783,LC17,LC17,LC17,LC17,3
1817785661,1941277568,LC17,NA,LC17,NA,2
1817785661,1941618573,LC17,NA,LC17,NA,3
1817785661,2028563754,LC17,NA,LC17,NA,2
1817785661,2035746834,LC17,NA,LC17,NA,2
1817785661,2059593985,LC17,NA,LC17,NA,2
1817785661,2245501457,LC17,LC17,LC17,LC17,3
1817785661,5812992468,LC17,LC17,LC17,LC17,2
1817785661,5813017315,LC17,AVLP479_R,LC17,AVLP479,4
1817785661,5813039148,LC17,PVLP011_R,LC17,PVLP011,38
1817785661,5813040277,LC17,PVLP115_R,LC17,PVLP115,2
1817785661,5813054384,LC17,PPM1203_R,LC17,PPM1203,2
1817785661,5813057178,LC17,PVLP136_R,LC17,PVLP136,3
1817785661,5813057579,LC17,AVLP538_R,LC17,AVLP538,16
1817785661,5813077633,LC17,AVLP479_R,LC17,AVLP479,5
1817785661,5813080260,LC17,AVLP153_R,LC17,AVLP153,8
1817785661,5901207252,LC17,LC20,LC17,LC20,3
1817785682,447228814,LC17,PVLP106_R,LC17,PVLP106,38
1817785682,1068885266,LC17,PVLP151(SCB004)_R,LC17,PVLP151,9
1817785682,1190250299,LC17,LC17,LC17,LC17,3
1817785682,1321305370,LC17,PVLP061_R,LC17,PVLP061,85
1817785682,1345079276,LC17,LC17,LC17,LC17,2
1817785682,1348153557,LC17,LC17,LC17,LC17,2
1817785682,1354394414,LC17,PVLP120_R,LC17,PVLP120,7
1817785682,1374063129,LC17,PVLP132_R,LC17,PVLP132,16
1817785682,1382308349,LC17,PVLP071_R,LC17,PVLP071,7
1817785682,1435791739,LC17,PVLP132_R,LC17,PVLP132,9
1817785682,1449486007,LC17,AVLP537_R,LC17,AVLP537,6
1817785682,1471610338,LC17,LC17,LC17,LC17,3
1817785682,1479147574,LC17,PVLP072_R,LC17,PVLP072,13
1817785682,1479492693,LC17,PVLP072_R,LC17,PVLP072,3
1817785682,1508123633,LC17,PVLP018_R,LC17,PVLP018,7
1817785682,1534694621,LC17,LC17,LC17,LC17,3
1817785682,1535082316,LC17,PVLP135_R,LC17,PVLP135,22
1817785682,1535086505,LC17,PVLP135_R,LC17,PVLP135,19
1817785682,1565729476,LC17,LC17,LC17,LC17,3
1817785682,1593012939,LC17,LC17,LC17,LC17,2
1817785682,1603645798,LC17,PVLP072_R,LC17,PVLP072,8
1817785682,1625800608,LC17,LC17,LC17,LC17,2
1817785682,1630342162,LC17,PVLP036_R,LC17,PVLP036,10
1817785682,1654413566,LC17,LC17,LC17,LC17,2
1817785682,1658881325,LC17,LC17,LC17,LC17,2
1817785682,1689200671,LC17,LC17,LC17,LC17,2
1817785682,1690694192,LC17,PVLP036_R,LC17,PVLP036,3
1817785682,1690698128,LC17,PVLP036_R,LC17,PVLP036,7
1817785682,1714791446,LC17,LC17,LC17,LC17,4
1817785682,1720105182,LC17,NA,LC17,NA,4
1817785682,1722307233,LC17,LC17(lVLPT7)_R,LC17,LC17,2
1817785682,1747181914,LC17,LC17,LC17,LC17,2
1817785682,1752672460,LC17,LC17,LC17,LC17,2
1817785682,1753670596,LC17,LC17(lVLPT4)_R,LC17,LC17,2
1817785682,1781333405,LC17,LC17,LC17,LC17,8
1817785682,1808241116,LC17,LC17,LC17,LC17,4
1817785682,1812696567,LC17,LC17,LC17,LC17,2
1817785682,1817107934,LC17,LC17,LC17,LC17,4
1817785682,1817112807,LC17,LC17(lVLPT4)_R,LC17,LC17,3
1817785682,1817448659,LC17,LC17,LC17,LC17,3
1817785682,1817448971,LC17,LC17,LC17,LC17,3
1817785682,1817449375,LC17,LC17,LC17,LC17,2
1817785682,1817457987,LC17,LC17,LC17,LC17,2
1817785682,1817463007,LC17,LC17,LC17,LC17,4
1817785682,1817790176,LC17,LC17,LC17,LC17,2
1817785682,1818136404,LC17,LC17,LC17,LC17,2
1817785682,1844421716,LC17,LC17,LC17,LC17,2
1817785682,1845772658,LC17,LC17(lVLPT7)_R,LC17,LC17,3
1817785682,1848138779,LC17,LC17,LC17,LC17,2
1817785682,1848151236,LC17,LC17,LC17,LC17,2
1817785682,1848483949,LC17,LC17(lVLPT4)_R,LC17,LC17,3
1817785682,1849161407,LC17,LC17,LC17,LC17,2
1817785682,1849166071,LC17,LC17,LC17,LC17,2
1817785682,1849178917,LC17,LC17,LC17,LC17,3
1817785682,1849179266,LC17,LC17,LC17,LC17,2
1817785682,1849183960,LC17,LC17(lVLPT7)_R,LC17,LC17,2
1817785682,1849503142,LC17,LC17,LC17,LC17,2
1817785682,1875124235,LC17,LC17,LC17,LC17,2
1817785682,1875460978,LC17,LC17,LC17,LC17,2
1817785682,1878845629,LC17,LC17,LC17,LC17,2
1817785682,1879519066,LC17,LC17,LC17,LC17,4
1817785682,1880196354,LC17,NA,LC17,NA,2
1817785682,1880209425,LC17,LC17(lVLPT7)_R,LC17,LC17,2
1817785682,1880887003,LC17,LC17,LC17,LC17,4
1817785682,1908865507,LC17,LC17,LC17,LC17,2
1817785682,1912600163,LC17,LC17,LC17,LC17,3
1817785682,1937193993,LC17,LC17,LC17,LC17,2
1817785682,1941951066,LC17,NA,LC17,NA,3
1817785682,1941955505,LC17,NA,LC17,NA,2
1817785682,1974337437,LC17,NA,LC17,NA,2
1817785682,2003684278,LC17,NA,LC17,NA,2
1817785682,2006067880,LC17,NA,LC17,NA,3
1817785682,5812992468,LC17,LC17,LC17,LC17,2
1817785682,5812993994,LC17,LC17,LC17,LC17,2
1817785682,5813017315,LC17,AVLP479_R,LC17,AVLP479,12
1817785682,5813034336,LC17,LC17(lVLPT4)_R,LC17,LC17,2
1817785682,5813039148,LC17,PVLP011_R,LC17,PVLP011,46
1817785682,5813057178,LC17,PVLP136_R,LC17,PVLP136,2
1817785682,5813057579,LC17,AVLP538_R,LC17,AVLP538,13
1817785682,5813068239,LC17,LC17,LC17,LC17,2
1817785682,5813077633,LC17,AVLP479_R,LC17,AVLP479,7
1817786077,447228814,LC17,PVLP106_R,LC17,PVLP106,45
1817786077,1068885266,LC17,PVLP151(SCB004)_R,LC17,PVLP151,6
1817786077,1070950293,LC17,PVLP151(SCB004)_R,LC17,PVLP151,2
1817786077,1158877783,LC17,LC17,LC17,LC17,2
1817786077,1189567690,LC17,LC17,LC17,LC17,2
1817786077,1219592090,LC17,LC17(lVLPT7)_R,LC17,LC17,3
1817786077,1313702895,LC17,LC17,LC17,LC17,2
1817786077,1321305370,LC17,PVLP061_R,LC17,PVLP061,69
1817786077,1354394414,LC17,PVLP120_R,LC17,PVLP120,10
1817786077,1374063129,LC17,PVLP132_R,LC17,PVLP132,20
1817786077,1381997776,LC17,PVLP071_R,LC17,PVLP071,6
1817786077,1382308349,LC17,PVLP071_R,LC17,PVLP071,7
1817786077,1405788552,LC17,LC17,LC17,LC17,3
1817786077,1420172582,LC17,NA,LC17,NA,2
1817786077,1435791739,LC17,PVLP132_R,LC17,PVLP132,10
1817786077,1435822283,LC17,LC17,LC17,LC17,3
1817786077,1449486007,LC17,AVLP537_R,LC17,AVLP537,11
1817786077,1449848294,LC17,AVLP221_R,LC17,AVLP221,2
1817786077,1471610338,LC17,LC17,LC17,LC17,3
1817786077,1479147574,LC17,PVLP072_R,LC17,PVLP072,7
1817786077,1479492693,LC17,PVLP072_R,LC17,PVLP072,8
1817786077,1504428248,LC17,PVLP075_R,LC17,PVLP075,2
1817786077,1508123633,LC17,PVLP018_R,LC17,PVLP018,5
1817786077,1528577476,LC17,LC17,LC17,LC17,2
1817786077,1535082316,LC17,PVLP135_R,LC17,PVLP135,18
1817786077,1535086505,LC17,PVLP135_R,LC17,PVLP135,24
1817786077,1539496112,LC17,PVLP073_R,LC17,PVLP073,2
1817786077,1561301125,LC17,LC17,LC17,LC17,2
1817786077,1601227987,LC17,AVLP552_R,LC17,AVLP552,3
1817786077,1603645798,LC17,PVLP072_R,LC17,PVLP072,10
1817786077,1621008677,LC17,LC17,LC17,LC17,2
1817786077,1625800608,LC17,LC17,LC17,LC17,3
1817786077,1628528573,LC17,LC17,LC17,LC17,2
1817786077,1630342162,LC17,PVLP036_R,LC17,PVLP036,14
1817786077,1654413566,LC17,LC17,LC17,LC17,2
1817786077,1656834653,LC17,LC17,LC17,LC17,2
1817786077,1658881325,LC17,LC17,LC17,LC17,2
1817786077,1690694192,LC17,PVLP036_R,LC17,PVLP036,8
1817786077,1690698128,LC17,PVLP036_R,LC17,PVLP036,4
1817786077,1690917721,LC17,LC17,LC17,LC17,3
1817786077,1719928105,LC17,LC17,LC17,LC17,3
1817786077,1720105182,LC17,NA,LC17,NA,4
1817786077,1747181914,LC17,LC17,LC17,LC17,6
1817786077,1750251452,LC17,LC17,LC17,LC17,3
1817786077,1751262627,LC17,LC17,LC17,LC17,4
1817786077,1751666374,LC17,LC17,LC17,LC17,2
1817786077,1779567374,LC17,LC17,LC17,LC17,4
1817786077,1808241116,LC17,LC17,LC17,LC17,3
1817786077,1812696567,LC17,LC17,LC17,LC17,5
1817786077,1813028777,LC17,LC17,LC17,LC17,3
1817786077,1814055949,LC17,LC17,LC17,LC17,3
1817786077,1814060070,LC17,LC17,LC17,LC17,2
1817786077,1817107934,LC17,LC17,LC17,LC17,5
1817786077,1817112855,LC17,LC17,LC17,LC17,2
1817786077,1817444315,LC17,LC17(lVLPT7)_R,LC17,LC17,4
1817786077,1817444555,LC17,LC17,LC17,LC17,2
1817786077,1817444670,LC17,LC17(lVLPT7)_R,LC17,LC17,3
1817786077,1817448921,LC17,LC17,LC17,LC17,3
1817786077,1817448971,LC17,LC17,LC17,LC17,2
1817786077,1817458052,LC17,LC17,LC17,LC17,5
1817786077,1817458164,LC17,LC17,LC17,LC17,3
1817786077,1817463007,LC17,LC17,LC17,LC17,2
1817786077,1817790176,LC17,LC17,LC17,LC17,2
1817786077,1818122205,LC17,LC17,LC17,LC17,3
1817786077,1818136404,LC17,LC17,LC17,LC17,3
1817786077,1845772658,LC17,LC17(lVLPT7)_R,LC17,LC17,2
1817786077,1848156241,LC17,LC17,LC17,LC17,2
1817786077,1848820426,LC17,LC17(lVLPT7)_R,LC17,LC17,2
1817786077,1849161220,LC17,LC17,LC17,LC17,4
1817786077,1849507321,LC17,LC17,LC17,LC17,2
1817786077,1875460978,LC17,LC17,LC17,LC17,4
1817786077,1878845629,LC17,LC17,LC17,LC17,3
1817786077,1879514663,LC17,NA,LC17,NA,2
1817786077,1880209425,LC17,LC17(lVLPT7)_R,LC17,LC17,2
1817786077,1880878726,LC17,NA,LC17,NA,2
1817786077,1910579424,LC17,NA,LC17,NA,3
1817786077,1912600163,LC17,LC17,LC17,LC17,2
1817786077,1937193993,LC17,LC17,LC17,LC17,2
1817786077,1943297847,LC17,NA,LC17,NA,2
1817786077,1943301953,LC17,NA,LC17,NA,3
1817786077,1943639296,LC17,NA,LC17,NA,2
1817786077,1973336056,LC17,NA,LC17,NA,2
1817786077,1974332954,LC17,NA,LC17,NA,2
1817786077,1974686827,LC17,NA,LC17,NA,2
1817786077,2004374641,LC17,NA,LC17,NA,2
1817786077,5812992468,LC17,LC17,LC17,LC17,2
1817786077,5812998833,LC17,LC17,LC17,LC17,2
1817786077,5813017315,LC17,AVLP479_R,LC17,AVLP479,9
1817786077,5813027276,LC17,AVLP080_R,LC17,AVLP080,2
1817786077,5813038918,LC17,LC17,LC17,LC17,4
1817786077,5813039148,LC17,PVLP011_R,LC17,PVLP011,45
1817786077,5813040277,LC17,PVLP115_R,LC17,PVLP115,2
1817786077,5813053860,LC17,PVLP151(SCB004)_L,LC17,PVLP151,2
1817786077,5813057579,LC17,AVLP538_R,LC17,AVLP538,24
1817786077,5813068239,LC17,LC17,LC17,LC17,2
1817786077,5813077633,LC17,AVLP479_R,LC17,AVLP479,7
1817786077,5813080260,LC17,AVLP153_R,LC17,AVLP153,8
1817790176,447228814,LC17,PVLP106_R,LC17,PVLP106,36
1817790176,1068885266,LC17,PVLP151(SCB004)_R,LC17,PVLP151,13
1817790176,1070950293,LC17,PVLP151(SCB004)_R,LC17,PVLP151,3
1817790176,1158877703,LC17,LC17(lVLPT4)_R,LC17,LC17,4
1817790176,1158877783,LC17,LC17,LC17,LC17,2
1817790176,1221285175,LC17,LC17,LC17,LC17,2
1817790176,1321305370,LC17,PVLP061_R,LC17,PVLP061,77
1817790176,1354394414,LC17,PVLP120_R,LC17,PVLP120,11
1817790176,1374063129,LC17,PVLP132_R,LC17,PVLP132,16
1817790176,1381997776,LC17,PVLP071_R,LC17,PVLP071,6
1817790176,1382308349,LC17,PVLP071_R,LC17,PVLP071,5
1817790176,1435791739,LC17,PVLP132_R,LC17,PVLP132,11
1817790176,1437165487,LC17,LC17,LC17,LC17,2
1817790176,1449486007,LC17,AVLP537_R,LC17,AVLP537,16
1817790176,1471610338,LC17,LC17,LC17,LC17,2
1817790176,1472965897,LC17,LC17,LC17,LC17,2
1817790176,1474424990,LC17,PVLP073_R,LC17,PVLP073,3
1817790176,1479147574,LC17,PVLP072_R,LC17,PVLP072,14
1817790176,1479492693,LC17,PVLP072_R,LC17,PVLP072,7
1817790176,1504428248,LC17,PVLP075_R,LC17,PVLP075,4
1817790176,1508123633,LC17,PVLP018_R,LC17,PVLP018,2
1817790176,1512232956,LC17,AVLP135_R,LC17,AVLP135,3
1817790176,1528577476,LC17,LC17,LC17,LC17,2
1817790176,1535082316,LC17,PVLP135_R,LC17,PVLP135,26
1817790176,1535086505,LC17,PVLP135_R,LC17,PVLP135,19
1817790176,1539496112,LC17,PVLP073_R,LC17,PVLP073,2
1817790176,1563355501,LC17,LC17,LC17,LC17,2
1817790176,1601227987,LC17,AVLP552_R,LC17,AVLP552,2
1817790176,1603645798,LC17,PVLP072_R,LC17,PVLP072,17
1817790176,1603957106,LC17,AVLP409_R,LC17,AVLP409,2
1817790176,1622360309,LC17,LC17,LC17,LC17,2
1817790176,1625800608,LC17,LC17,LC17,LC17,2
1817790176,1628528573,LC17,LC17,LC17,LC17,5
1817790176,1630342162,LC17,PVLP036_R,LC17,PVLP036,10
1817790176,1654413566,LC17,LC17,LC17,LC17,2
1817790176,1663639752,LC17,NA,LC17,NA,2
1817790176,1684443103,LC17,LC17,LC17,LC17,2
1817790176,1690694192,LC17,PVLP036_R,LC17,PVLP036,14
1817790176,1690698128,LC17,PVLP036_R,LC17,PVLP036,3
1817790176,1695693354,LC17,PVLP072_R,LC17,PVLP072,2
1817790176,1720105182,LC17,NA,LC17,NA,6
1817790176,1722307233,LC17,LC17(lVLPT7)_R,LC17,LC17,4
1817790176,1724345210,LC17,NA,LC17,NA,5
1817790176,1753670596,LC17,LC17(lVLPT4)_R,LC17,LC17,3
1817790176,1754019541,LC17,LC17,LC17,LC17,2
1817790176,1783361972,LC17,LC17,LC17,LC17,2
1817790176,1812696567,LC17,LC17,LC17,LC17,2
1817790176,1813382259,LC17,LC17(lVLPT7)_R,LC17,LC17,5
1817790176,1814060070,LC17,LC17,LC17,LC17,2
1817790176,1814410124,LC17,LC17,LC17,LC17,2
1817790176,1814729223,LC17,LC17(lVLPT7)_R,LC17,LC17,3
1817790176,1817107934,LC17,LC17,LC17,LC17,5
1817790176,1817108009,LC17,LC17,LC17,LC17,3
1817790176,1817112855,LC17,LC17,LC17,LC17,6
1817790176,1817448921,LC17,LC17,LC17,LC17,2
1817790176,1817449375,LC17,LC17,LC17,LC17,2
1817790176,1817453557,LC17,LC17(lVLPT4)_R,LC17,LC17,2
1817790176,1817457984,LC17,LC17,LC17,LC17,2
1817790176,1817786077,LC17,LC17,LC17,LC17,2
1817790176,1817790222,LC17,LC17,LC17,LC17,4
1817790176,1817790409,LC17,LC17(lVLPT7)_R,LC17,LC17,2
1817790176,1818122205,LC17,LC17,LC17,LC17,3
1817790176,1818136404,LC17,LC17,LC17,LC17,2
1817790176,1844421716,LC17,LC17,LC17,LC17,2
1817790176,1847810811,LC17,LC17(lVLPT7)_R,LC17,LC17,2
1817790176,1847815147,LC17,LC17(lVLPT7)_R,LC17,LC17,2
1817790176,1848143184,LC17,LC17,LC17,LC17,3
1817790176,1848151618,LC17,NA,LC17,NA,2
1817790176,1848151746,LC17,NA,LC17,NA,2
1817790176,1848492714,LC17,LC17,LC17,LC17,2
1817790176,1848506334,LC17,NA,LC17,NA,4
1817790176,1848837843,LC17,LC17,LC17,LC17,2
1817790176,1849179266,LC17,LC17,LC17,LC17,2
1817790176,1849183960,LC17,LC17(lVLPT7)_R,LC17,LC17,2
1817790176,1849520324,LC17,LC17,LC17,LC17,3
1817790176,1875460978,LC17,LC17,LC17,LC17,2
1817790176,1879519066,LC17,LC17,LC17,LC17,3
1817790176,1879877415,LC17,LC17(lVLPT4)_R,LC17,LC17,2
1817790176,1941955396,LC17,NA,LC17,NA,3
1817790176,1973672576,LC17,NA,LC17,NA,3
1817790176,2003001972,LC17,NA,LC17,NA,2
1817790176,2003343289,LC17,NA,LC17,NA,3
1817790176,2029624973,LC17,LC17,LC17,LC17,4
1817790176,2097138693,LC17,NA,LC17,NA,2
1817790176,5812992468,LC17,LC17,LC17,LC17,2
1817790176,5813017315,LC17,AVLP479_R,LC17,AVLP479,4
1817790176,5813034336,LC17,LC17(lVLPT4)_R,LC17,LC17,2
1817790176,5813039148,LC17,PVLP011_R,LC17,PVLP011,49
1817790176,5813057178,LC17,PVLP136_R,LC17,PVLP136,4
1817790176,5813057579,LC17,AVLP538_R,LC17,AVLP538,22
1817790176,5813077633,LC17,AVLP479_R,LC17,AVLP479,10
1817790176,5813080260,LC17,AVLP153_R,LC17,AVLP153,5
1817790222,447228814,LC17,PVLP106_R,LC17,PVLP106,48
1817790222,1068885266,LC17,PVLP151(SCB004)_R,LC17,PVLP151,14
1817790222,1070950293,LC17,PVLP151(SCB004)_R,LC17,PVLP151,2
1817790222,1189567690,LC17,LC17,LC17,LC17,2
1817790222,1250277991,LC17,LC17,LC17,LC17,3
1817790222,1313702895,LC17,LC17,LC17,LC17,2
1817790222,1321305370,LC17,PVLP061_R,LC17,PVLP061,66
1817790222,1345079276,LC17,LC17,LC17,LC17,4
1817790222,1347812305,LC17,LC17(lVLPT7)_R,LC17,LC17,2
1817790222,1348153557,LC17,LC17,LC17,LC17,3
1817790222,1354394414,LC17,PVLP120_R,LC17,PVLP120,21
1817790222,1374063129,LC17,PVLP132_R,LC17,PVLP132,11
1817790222,1381997776,LC17,PVLP071_R,LC17,PVLP071,7
1817790222,1382308349,LC17,PVLP071_R,LC17,PVLP071,5
1817790222,1435791739,LC17,PVLP132_R,LC17,PVLP132,6
1817790222,1449486007,LC17,AVLP537_R,LC17,AVLP537,12
1817790222,1472965897,LC17,LC17,LC17,LC17,2
1817790222,1479147574,LC17,PVLP072_R,LC17,PVLP072,12
1817790222,1479492693,LC17,PVLP072_R,LC17,PVLP072,5
1817790222,1497200791,LC17,LC17,LC17,LC17,2
1817790222,1508123633,LC17,PVLP018_R,LC17,PVLP018,14
1817790222,1535082316,LC17,PVLP135_R,LC17,PVLP135,27
1817790222,1535086505,LC17,PVLP135_R,LC17,PVLP135,23
1817790222,1603645798,LC17,PVLP072_R,LC17,PVLP072,9
1817790222,1603957106,LC17,AVLP409_R,LC17,AVLP409,5
1817790222,1621008677,LC17,LC17,LC17,LC17,3
1817790222,1625800608,LC17,LC17,LC17,LC17,2
1817790222,1630342162,LC17,PVLP036_R,LC17,PVLP036,14
1817790222,1690694192,LC17,PVLP036_R,LC17,PVLP036,15
1817790222,1690698128,LC17,PVLP036_R,LC17,PVLP036,3
1817790222,1690917721,LC17,LC17,LC17,LC17,2
1817790222,1724345210,LC17,NA,LC17,NA,3
1817790222,1747181914,LC17,LC17,LC17,LC17,4
1817790222,1781333405,LC17,LC17,LC17,LC17,2
1817790222,1783690466,LC17,LC17,LC17,LC17,2
1817790222,1814060070,LC17,LC17,LC17,LC17,2
1817790222,1814729788,LC17,LC17,LC17,LC17,3
1817790222,1817107934,LC17,LC17,LC17,LC17,2
1817790222,1817108009,LC17,LC17,LC17,LC17,2
1817790222,1817449229,LC17,LC17,LC17,LC17,2
1817790222,1817453065,LC17,LC17,LC17,LC17,2
1817790222,1817790176,LC17,LC17,LC17,LC17,3
1817790222,1847806203,LC17,LC17,LC17,LC17,3
1817790222,1848151571,LC17,LC17(lVLPT7)_R,LC17,LC17,3
1817790222,1848151877,LC17,LC17,LC17,LC17,2
1817790222,1848483949,LC17,LC17(lVLPT4)_R,LC17,LC17,3
1817790222,1848506334,LC17,NA,LC17,NA,2
1817790222,1848820426,LC17,LC17(lVLPT7)_R,LC17,LC17,2
1817790222,1849166071,LC17,LC17,LC17,LC17,2
1817790222,1849174879,LC17,LC17(lVLPT7)_R,LC17,LC17,3
1817790222,1849179266,LC17,LC17,LC17,LC17,4
1817790222,1849502810,LC17,NA,LC17,NA,4
1817790222,1849507321,LC17,LC17,LC17,LC17,2
1817790222,1879226079,LC17,NA,LC17,NA,4
1817790222,1908865507,LC17,LC17,LC17,LC17,2
1817790222,1939904964,LC17,LC17,LC17,LC17,3
1817790222,1941929302,LC17,NA,LC17,NA,2
1817790222,1974682390,LC17,LC17(lVLPT7)_R,LC17,LC17,4
1817790222,2005044052,LC17,NA,LC17,NA,2
1817790222,2029624973,LC17,LC17,LC17,LC17,2
1817790222,2036420122,LC17,NA,LC17,NA,2
1817790222,2097138752,LC17,NA,LC17,NA,2
1817790222,2098148780,LC17,NA,LC17,NA,3
1817790222,5812991769,LC17,LC17,LC17,LC17,2
1817790222,5812992468,LC17,LC17,LC17,LC17,2
1817790222,5812993994,LC17,LC17,LC17,LC17,2
1817790222,5812999009,LC17,LC17(lVLPT4)_R,LC17,LC17,6
1817790222,5813017315,LC17,AVLP479_R,LC17,AVLP479,6
1817790222,5813034336,LC17,LC17(lVLPT4)_R,LC17,LC17,4
1817790222,5813038679,LC17,LC17,LC17,LC17,3
1817790222,5813038918,LC17,LC17,LC17,LC17,2
1817790222,5813039148,LC17,PVLP011_R,LC17,PVLP011,51
1817790222,5813040277,LC17,PVLP115_R,LC17,PVLP115,5
1817790222,5813057579,LC17,AVLP538_R,LC17,AVLP538,22
1817790222,5813076492,LC17,LC17,LC17,LC17,2
1817790222,5813077633,LC17,AVLP479_R,LC17,AVLP479,14
1817790222,5813080260,LC17,AVLP153_R,LC17,AVLP153,2
1817790281,447228814,LC17(lVLPT4)_R,PVLP106_R,LC17,PVLP106,39
1817790281,1068885266,LC17(lVLPT4)_R,PVLP151(SCB004)_R,LC17,PVLP151,3
1817790281,1158877703,LC17(lVLPT4)_R,LC17(lVLPT4)_R,LC17,LC17,4
1817790281,1221280490,LC17(lVLPT4)_R,LC17(lVLPT7)_R,LC17,LC17,2
1817790281,1313702895,LC17(lVLPT4)_R,LC17,LC17,LC17,6
1817790281,1321305370,LC17(lVLPT4)_R,PVLP061_R,LC17,PVLP061,85
1817790281,1345079276,LC17(lVLPT4)_R,LC17,LC17,LC17,2
1817790281,1347126097,LC17(lVLPT4)_R,LC17,LC17,LC17,2
1817790281,1347812305,LC17(lVLPT4)_R,LC17(lVLPT7)_R,LC17,LC17,2
1817790281,1354394414,LC17(lVLPT4)_R,PVLP120_R,LC17,PVLP120,6
1817790281,1374063129,LC17(lVLPT4)_R,PVLP132_R,LC17,PVLP132,9
1817790281,1381997776,LC17(lVLPT4)_R,PVLP071_R,LC17,PVLP071,3
1817790281,1382308349,LC17(lVLPT4)_R,PVLP071_R,LC17,PVLP071,6
1817790281,1435791739,LC17(lVLPT4)_R,PVLP132_R,LC17,PVLP132,7
1817790281,1449486007,LC17(lVLPT4)_R,AVLP537_R,LC17,AVLP537,15
1817790281,1466844031,LC17(lVLPT4)_R,LC17,LC17,LC17,2
1817790281,1471607030,LC17(lVLPT4)_R,LC17,LC17,LC17,4
1817790281,1474424990,LC17(lVLPT4)_R,PVLP073_R,LC17,PVLP073,3
1817790281,1479147574,LC17(lVLPT4)_R,PVLP072_R,LC17,PVLP072,10
1817790281,1479492693,LC17(lVLPT4)_R,PVLP072_R,LC17,PVLP072,5
1817790281,1508123633,LC17(lVLPT4)_R,PVLP018_R,LC17,PVLP018,6
1817790281,1530606252,LC17(lVLPT4)_R,LC17(lVLPT7)_R,LC17,LC17,2
1817790281,1534694621,LC17(lVLPT4)_R,LC17,LC17,LC17,2
1817790281,1535082316,LC17(lVLPT4)_R,PVLP135_R,LC17,PVLP135,16
1817790281,1535086505,LC17(lVLPT4)_R,PVLP135_R,LC17,PVLP135,26
1817790281,1539193374,LC17(lVLPT4)_R,AVLP152_R,LC17,AVLP152,2
1817790281,1539496112,LC17(lVLPT4)_R,PVLP073_R,LC17,PVLP073,3
1817790281,1561301125,LC17(lVLPT4)_R,LC17,LC17,LC17,2
1817790281,1565729476,LC17(lVLPT4)_R,LC17,LC17,LC17,2
1817790281,1603645798,LC17(lVLPT4)_R,PVLP072_R,LC17,PVLP072,9
1817790281,1630342162,LC17(lVLPT4)_R,PVLP036_R,LC17,PVLP036,7
1817790281,1630683107,LC17(lVLPT4)_R,PVLP038_R,LC17,PVLP038,2
1817790281,1654413566,LC17(lVLPT4)_R,LC17,LC17,LC17,2
1817790281,1655474822,LC17(lVLPT4)_R,LC17,LC17,LC17,2
1817790281,1663639752,LC17(lVLPT4)_R,NA,LC17,NA,3
1817790281,1689200671,LC17(lVLPT4)_R,LC17,LC17,LC17,3
1817790281,1689239035,LC17(lVLPT4)_R,LC17,LC17,LC17,3
1817790281,1690694192,LC17(lVLPT4)_R,PVLP036_R,LC17,PVLP036,3
1817790281,1695693354,LC17(lVLPT4)_R,PVLP072_R,LC17,PVLP072,5
1817790281,1720105182,LC17(lVLPT4)_R,NA,LC17,NA,3
1817790281,1748187330,LC17(lVLPT4)_R,LC17,LC17,LC17,3
1817790281,1750251452,LC17(lVLPT4)_R,LC17,LC17,LC17,3
1817790281,1751262627,LC17(lVLPT4)_R,LC17,LC17,LC17,2
1817790281,1752672460,LC17(lVLPT4)_R,LC17,LC17,LC17,2
1817790281,1776865370,LC17(lVLPT4)_R,LC17,LC17,LC17,4
1817790281,1814055949,LC17(lVLPT4)_R,LC17,LC17,LC17,4
1817790281,1817108009,LC17(lVLPT4)_R,LC17,LC17,LC17,2
1817790281,1817444555,LC17(lVLPT4)_R,LC17,LC17,LC17,5
1817790281,1817444670,LC17(lVLPT4)_R,LC17(lVLPT7)_R,LC17,LC17,2
1817790281,1817453557,LC17(lVLPT4)_R,LC17(lVLPT4)_R,LC17,LC17,5
1817790281,1817457808,LC17(lVLPT4)_R,LC17,LC17,LC17,3
1817790281,1817457984,LC17(lVLPT4)_R,LC17,LC17,LC17,2
1817790281,1817458052,LC17(lVLPT4)_R,LC17,LC17,LC17,2
1817790281,1817463007,LC17(lVLPT4)_R,LC17,LC17,LC17,3
1817790281,1817799390,LC17(lVLPT4)_R,LC17,LC17,LC17,2
1817790281,1818136404,LC17(lVLPT4)_R,LC17,LC17,LC17,4
1817790281,1845772658,LC17(lVLPT4)_R,LC17(lVLPT7)_R,LC17,LC17,2
1817790281,1848151236,LC17(lVLPT4)_R,LC17,LC17,LC17,2
1817790281,1848492714,LC17(lVLPT4)_R,LC17,LC17,LC17,3
1817790281,1848506334,LC17(lVLPT4)_R,NA,LC17,NA,2
1817790281,1848837843,LC17(lVLPT4)_R,LC17,LC17,LC17,3
1817790281,1849161220,LC17(lVLPT4)_R,LC17,LC17,LC17,3
1817790281,1849179266,LC17(lVLPT4)_R,LC17,LC17,LC17,2
1817790281,1875460978,LC17(lVLPT4)_R,LC17,LC17,LC17,2
1817790281,1880209425,LC17(lVLPT4)_R,LC17(lVLPT7)_R,LC17,LC17,2
1817790281,1880887003,LC17(lVLPT4)_R,LC17,LC17,LC17,5
1817790281,1912600163,LC17(lVLPT4)_R,LC17,LC17,LC17,2
1817790281,1941610388,LC17(lVLPT4)_R,NA,LC17,NA,2
1817790281,1941951365,LC17(lVLPT4)_R,NA,LC17,NA,2
1817790281,1974000696,LC17(lVLPT4)_R,NA,LC17,NA,2
1817790281,1974682390,LC17(lVLPT4)_R,LC17(lVLPT7)_R,LC17,LC17,2
1817790281,2003679847,LC17(lVLPT4)_R,NA,LC17,NA,2
1817790281,2004033743,LC17(lVLPT4)_R,NA,LC17,NA,2
1817790281,2036765330,LC17(lVLPT4)_R,NA,LC17,NA,3
1817790281,2065413261,LC17(lVLPT4)_R,NA,LC17,NA,2
1817790281,2067105695,LC17(lVLPT4)_R,NA,LC17,NA,2
1817790281,2245501457,LC17(lVLPT4)_R,LC17,LC17,LC17,2
1817790281,5812998833,LC17(lVLPT4)_R,LC17,LC17,LC17,3
1817790281,5813017315,LC17(lVLPT4)_R,AVLP479_R,LC17,AVLP479,4
1817790281,5813034336,LC17(lVLPT4)_R,LC17(lVLPT4)_R,LC17,LC17,2
1817790281,5813039148,LC17(lVLPT4)_R,PVLP011_R,LC17,PVLP011,55
1817790281,5813057178,LC17(lVLPT4)_R,PVLP136_R,LC17,PVLP136,2
1817790281,5813057579,LC17(lVLPT4)_R,AVLP538_R,LC17,AVLP538,17
1817790281,5813068239,LC17(lVLPT4)_R,LC17,LC17,LC17,3
1817790281,5813076492,LC17(lVLPT4)_R,LC17,LC17,LC17,4
1817790281,5813077633,LC17(lVLPT4)_R,AVLP479_R,LC17,AVLP479,3
1817790281,5813080260,LC17(lVLPT4)_R,AVLP153_R,LC17,AVLP153,9
1817790409,447228814,LC17(lVLPT7)_R,PVLP106_R,LC17,PVLP106,44
1817790409,1068885266,LC17(lVLPT7)_R,PVLP151(SCB004)_R,LC17,PVLP151,5
1817790409,1070950293,LC17(lVLPT7)_R,PVLP151(SCB004)_R,LC17,PVLP151,2
1817790409,1158877703,LC17(lVLPT7)_R,LC17(lVLPT4)_R,LC17,LC17,4
1817790409,1158877783,LC17(lVLPT7)_R,LC17,LC17,LC17,3
1817790409,1313702895,LC17(lVLPT7)_R,LC17,LC17,LC17,2
1817790409,1321305370,LC17(lVLPT7)_R,PVLP061_R,LC17,PVLP061,68
1817790409,1354394414,LC17(lVLPT7)_R,PVLP120_R,LC17,PVLP120,5
1817790409,1374063129,LC17(lVLPT7)_R,PVLP132_R,LC17,PVLP132,16
1817790409,1420172582,LC17(lVLPT7)_R,NA,LC17,NA,2
1817790409,1435791739,LC17(lVLPT7)_R,PVLP132_R,LC17,PVLP132,8
1817790409,1435822283,LC17(lVLPT7)_R,LC17,LC17,LC17,2
1817790409,1449486007,LC17(lVLPT7)_R,AVLP537_R,LC17,AVLP537,10
1817790409,1471610338,LC17(lVLPT7)_R,LC17,LC17,LC17,2
1817790409,1479147574,LC17(lVLPT7)_R,PVLP072_R,LC17,PVLP072,9
1817790409,1479492693,LC17(lVLPT7)_R,PVLP072_R,LC17,PVLP072,5
1817790409,1508123633,LC17(lVLPT7)_R,PVLP018_R,LC17,PVLP018,2
1817790409,1535082316,LC17(lVLPT7)_R,PVLP135_R,LC17,PVLP135,11
1817790409,1535086505,LC17(lVLPT7)_R,PVLP135_R,LC17,PVLP135,21
1817790409,1593012939,LC17(lVLPT7)_R,LC17,LC17,LC17,2
1817790409,1603645798,LC17(lVLPT7)_R,PVLP072_R,LC17,PVLP072,4
1817790409,1621008677,LC17(lVLPT7)_R,LC17,LC17,LC17,3
1817790409,1630342162,LC17(lVLPT7)_R,PVLP036_R,LC17,PVLP036,12
1817790409,1658881325,LC17(lVLPT7)_R,LC17,LC17,LC17,4
1817790409,1663639752,LC17(lVLPT7)_R,NA,LC17,NA,2
1817790409,1687831632,LC17(lVLPT7)_R,LC17,LC17,LC17,3
1817790409,1690694192,LC17(lVLPT7)_R,PVLP036_R,LC17,PVLP036,14
1817790409,1690698128,LC17(lVLPT7)_R,PVLP036_R,LC17,PVLP036,4
1817790409,1690917721,LC17(lVLPT7)_R,LC17,LC17,LC17,2
1817790409,1695693354,LC17(lVLPT7)_R,PVLP072_R,LC17,PVLP072,3
1817790409,1722307233,LC17(lVLPT7)_R,LC17(lVLPT7)_R,LC17,LC17,4
1817790409,1747181914,LC17(lVLPT7)_R,LC17,LC17,LC17,2
1817790409,1751262627,LC17(lVLPT7)_R,LC17,LC17,LC17,2
1817790409,1753670596,LC17(lVLPT7)_R,LC17(lVLPT4)_R,LC17,LC17,2
1817790409,1779567374,LC17(lVLPT7)_R,LC17,LC17,LC17,4
1817790409,1781324410,LC17(lVLPT7)_R,LC17,LC17,LC17,3
1817790409,1782318275,LC17(lVLPT7)_R,LC17,LC17,LC17,2
1817790409,1812696567,LC17(lVLPT7)_R,LC17,LC17,LC17,2
1817790409,1813028777,LC17(lVLPT7)_R,LC17,LC17,LC17,2
1817790409,1817107934,LC17(lVLPT7)_R,LC17,LC17,LC17,2
1817790409,1817108009,LC17(lVLPT7)_R,LC17,LC17,LC17,2
1817790409,1817444670,LC17(lVLPT7)_R,LC17(lVLPT7)_R,LC17,LC17,3
1817790409,1817448659,LC17(lVLPT7)_R,LC17,LC17,LC17,4
1817790409,1817449116,LC17(lVLPT7)_R,LC17(lVLPT4)_R,LC17,LC17,2
1817790409,1817452948,LC17(lVLPT7)_R,LC17,LC17,LC17,2
1817790409,1817457847,LC17(lVLPT7)_R,LC17,LC17,LC17,3
1817790409,1817457987,LC17(lVLPT7)_R,LC17,LC17,LC17,2
1817790409,1817790176,LC17(lVLPT7)_R,LC17,LC17,LC17,2
1817790409,1818122205,LC17(lVLPT7)_R,LC17,LC17,LC17,4
1817790409,1818131769,LC17(lVLPT7)_R,NA,LC17,NA,3
1817790409,1818473569,LC17(lVLPT7)_R,LC17,LC17,LC17,3
1817790409,1848143184,LC17(lVLPT7)_R,LC17,LC17,LC17,2
1817790409,1848496662,LC17(lVLPT7)_R,LC17,LC17,LC17,4
1817790409,1848506334,LC17(lVLPT7)_R,NA,LC17,NA,3
1817790409,1848820426,LC17(lVLPT7)_R,LC17(lVLPT7)_R,LC17,LC17,3
1817790409,1848824817,LC17(lVLPT7)_R,LC17,LC17,LC17,3
1817790409,1848837843,LC17(lVLPT7)_R,LC17,LC17,LC17,2
1817790409,1849161220,LC17(lVLPT7)_R,LC17,LC17,LC17,5
1817790409,1849503142,LC17(lVLPT7)_R,LC17,LC17,LC17,2
1817790409,1876820783,LC17(lVLPT7)_R,LC17,LC17,LC17,2
1817790409,1912604538,LC17(lVLPT7)_R,NA,LC17,NA,2
1817790409,1942279336,LC17(lVLPT7)_R,NA,LC17,NA,2
1817790409,1942611754,LC17(lVLPT7)_R,NA,LC17,NA,2
1817790409,1943639251,LC17(lVLPT7)_R,NA,LC17,NA,2
1817790409,2004012518,LC17(lVLPT7)_R,NA,LC17,NA,2
1817790409,2005385380,LC17(lVLPT7)_R,NA,LC17,NA,2
1817790409,2029624973,LC17(lVLPT7)_R,LC17,LC17,LC17,2
1817790409,2066773102,LC17(lVLPT7)_R,NA,LC17,NA,2
1817790409,2096456595,LC17(lVLPT7)_R,NA,LC17,NA,4
1817790409,2097138752,LC17(lVLPT7)_R,NA,LC17,NA,2
1817790409,2128505901,LC17(lVLPT7)_R,NA,LC17,NA,2
1817790409,2245501457,LC17(lVLPT7)_R,LC17,LC17,LC17,2
1817790409,5812992468,LC17(lVLPT7)_R,LC17,LC17,LC17,3
1817790409,5813017315,LC17(lVLPT7)_R,AVLP479_R,LC17,AVLP479,5
1817790409,5813027276,LC17(lVLPT7)_R,AVLP080_R,LC17,AVLP080,2
1817790409,5813039148,LC17(lVLPT7)_R,PVLP011_R,LC17,PVLP011,50
1817790409,5813057579,LC17(lVLPT7)_R,AVLP538_R,LC17,AVLP538,16
1817790409,5813068239,LC17(lVLPT7)_R,LC17,LC17,LC17,5
1817790409,5813076492,LC17(lVLPT7)_R,LC17,LC17,LC17,5
1817790409,5813077633,LC17(lVLPT7)_R,AVLP479_R,LC17,AVLP479,9
1817790409,5813080260,LC17(lVLPT7)_R,AVLP153_R,LC17,AVLP153,2
1817790409,5901214683,LC17(lVLPT7)_R,AVLP135_R,LC17,AVLP135,2
1817794820,447228814,LC17(lVLPT7)_R,PVLP106_R,LC17,PVLP106,35
1817794820,1068885266,LC17(lVLPT7)_R,PVLP151(SCB004)_R,LC17,PVLP151,9
1817794820,1321305370,LC17(lVLPT7)_R,PVLP061_R,LC17,PVLP061,75
1817794820,1354394414,LC17(lVLPT7)_R,PVLP120_R,LC17,PVLP120,14
1817794820,1374063129,LC17(lVLPT7)_R,PVLP132_R,LC17,PVLP132,20
1817794820,1381997776,LC17(lVLPT7)_R,PVLP071_R,LC17,PVLP071,3
1817794820,1382308349,LC17(lVLPT7)_R,PVLP071_R,LC17,PVLP071,2
1817794820,1435791739,LC17(lVLPT7)_R,PVLP132_R,LC17,PVLP132,12
1817794820,1437165487,LC17(lVLPT7)_R,LC17,LC17,LC17,2
1817794820,1449486007,LC17(lVLPT7)_R,AVLP537_R,LC17,AVLP537,4
1817794820,1471607030,LC17(lVLPT7)_R,LC17,LC17,LC17,2
1817794820,1474424990,LC17(lVLPT7)_R,PVLP073_R,LC17,PVLP073,2
1817794820,1477148598,LC17(lVLPT7)_R,PVLP075_R,LC17,PVLP075,3
1817794820,1479147574,LC17(lVLPT7)_R,PVLP072_R,LC17,PVLP072,16
1817794820,1479492693,LC17(lVLPT7)_R,PVLP072_R,LC17,PVLP072,3
1817794820,1508123633,LC17(lVLPT7)_R,PVLP018_R,LC17,PVLP018,10
1817794820,1530606252,LC17(lVLPT7)_R,LC17(lVLPT7)_R,LC17,LC17,3
1817794820,1534694621,LC17(lVLPT7)_R,LC17,LC17,LC17,3
1817794820,1535082316,LC17(lVLPT7)_R,PVLP135_R,LC17,PVLP135,12
1817794820,1535086505,LC17(lVLPT7)_R,PVLP135_R,LC17,PVLP135,19
1817794820,1561301125,LC17(lVLPT7)_R,LC17,LC17,LC17,3
1817794820,1562707421,LC17(lVLPT7)_R,LC17(lVLPT7)_R,LC17,LC17,2
1817794820,1563355501,LC17(lVLPT7)_R,LC17,LC17,LC17,4
1817794820,1589972966,LC17(lVLPT7)_R,LC17(lVLPT4)_R,LC17,LC17,3
1817794820,1603645798,LC17(lVLPT7)_R,PVLP072_R,LC17,PVLP072,4
1817794820,1628528573,LC17(lVLPT7)_R,LC17,LC17,LC17,2
1817794820,1629163100,LC17(lVLPT7)_R,LC17(lVLPT7)_R,LC17,LC17,3
1817794820,1630342162,LC17(lVLPT7)_R,PVLP036_R,LC17,PVLP036,11
1817794820,1656834653,LC17(lVLPT7)_R,LC17,LC17,LC17,4
1817794820,1690694192,LC17(lVLPT7)_R,PVLP036_R,LC17,PVLP036,12
1817794820,1690698128,LC17(lVLPT7)_R,PVLP036_R,LC17,PVLP036,3
1817794820,1719928105,LC17(lVLPT7)_R,LC17,LC17,LC17,3
1817794820,1720105182,LC17(lVLPT7)_R,NA,LC17,NA,3
1817794820,1783361972,LC17(lVLPT7)_R,LC17,LC17,LC17,2
1817794820,1814031575,LC17(lVLPT7)_R,LC17,LC17,LC17,2
1817794820,1814410124,LC17(lVLPT7)_R,LC17,LC17,LC17,4
1817794820,1814729788,LC17(lVLPT7)_R,LC17,LC17,LC17,5
1817794820,1817107934,LC17(lVLPT7)_R,LC17,LC17,LC17,4
1817794820,1817108009,LC17(lVLPT7)_R,LC17,LC17,LC17,2
1817794820,1817113079,LC17(lVLPT7)_R,LC17,LC17,LC17,2
1817794820,1817452948,LC17(lVLPT7)_R,LC17,LC17,LC17,2
1817794820,1817453065,LC17(lVLPT7)_R,LC17,LC17,LC17,2
1817794820,1817453557,LC17(lVLPT7)_R,LC17(lVLPT4)_R,LC17,LC17,2
1817794820,1817457808,LC17(lVLPT7)_R,LC17,LC17,LC17,2
1817794820,1817457847,LC17(lVLPT7)_R,LC17,LC17,LC17,2
1817794820,1817457984,LC17(lVLPT7)_R,LC17,LC17,LC17,3
1817794820,1817458164,LC17(lVLPT7)_R,LC17,LC17,LC17,2
1817794820,1817785682,LC17(lVLPT7)_R,LC17,LC17,LC17,2
1817794820,1817794771,LC17(lVLPT7)_R,NA,LC17,NA,2
1817794820,1818122205,LC17(lVLPT7)_R,LC17,LC17,LC17,4
1817794820,1847815147,LC17(lVLPT7)_R,LC17(lVLPT7)_R,LC17,LC17,3
1817794820,1848138779,LC17(lVLPT7)_R,LC17,LC17,LC17,2
1817794820,1848143184,LC17(lVLPT7)_R,LC17,LC17,LC17,2
1817794820,1848151571,LC17(lVLPT7)_R,LC17(lVLPT7)_R,LC17,LC17,3
1817794820,1848483949,LC17(lVLPT7)_R,LC17(lVLPT4)_R,LC17,LC17,2
1817794820,1848492258,LC17(lVLPT7)_R,LC17,LC17,LC17,2
1817794820,1848506334,LC17(lVLPT7)_R,NA,LC17,NA,3
1817794820,1848824817,LC17(lVLPT7)_R,LC17,LC17,LC17,2
1817794820,1848828925,LC17(lVLPT7)_R,LC17(lVLPT7)_R,LC17,LC17,2
1817794820,1849161407,LC17(lVLPT7)_R,LC17,LC17,LC17,2
1817794820,1849179266,LC17(lVLPT7)_R,LC17,LC17,LC17,3
1817794820,1849183960,LC17(lVLPT7)_R,LC17(lVLPT7)_R,LC17,LC17,2
1817794820,1849520324,LC17(lVLPT7)_R,LC17,LC17,LC17,2
1817794820,1875124235,LC17(lVLPT7)_R,LC17,LC17,LC17,4
1817794820,1875460978,LC17(lVLPT7)_R,LC17,LC17,LC17,3
1817794820,1879877415,LC17(lVLPT7)_R,LC17(lVLPT4)_R,LC17,LC17,3
1817794820,1909880056,LC17(lVLPT7)_R,NA,LC17,NA,2
1817794820,1939904964,LC17(lVLPT7)_R,LC17,LC17,LC17,4
1817794820,1973327063,LC17(lVLPT7)_R,NA,LC17,NA,2
1817794820,1974678572,LC17(lVLPT7)_R,NA,LC17,NA,2
1817794820,5812992219,LC17(lVLPT7)_R,LC17,LC17,LC17,2
1817794820,5813017315,LC17(lVLPT7)_R,AVLP479_R,LC17,AVLP479,12
1817794820,5813039148,LC17(lVLPT7)_R,PVLP011_R,LC17,PVLP011,46
1817794820,5813057178,LC17(lVLPT7)_R,PVLP136_R,LC17,PVLP136,2
1817794820,5813057579,LC17(lVLPT7)_R,AVLP538_R,LC17,AVLP538,15
1817794820,5813077633,LC17(lVLPT7)_R,AVLP479_R,LC17,AVLP479,9
1817799390,447228814,LC17,PVLP106_R,LC17,PVLP106,50
1817799390,1068885266,LC17,PVLP151(SCB004)_R,LC17,PVLP151,8
1817799390,1190250299,LC17,LC17,LC17,LC17,2
1817799390,1321305370,LC17,PVLP061_R,LC17,PVLP061,68
1817799390,1348153557,LC17,LC17,LC17,LC17,2
1817799390,1354394414,LC17,PVLP120_R,LC17,PVLP120,14
1817799390,1374063129,LC17,PVLP132_R,LC17,PVLP132,17
1817799390,1381997776,LC17,PVLP071_R,LC17,PVLP071,3
1817799390,1382308349,LC17,PVLP071_R,LC17,PVLP071,6
1817799390,1420172582,LC17,NA,LC17,NA,2
1817799390,1435791739,LC17,PVLP132_R,LC17,PVLP132,10
1817799390,1449486007,LC17,AVLP537_R,LC17,AVLP537,4
1817799390,1467859487,LC17,LC17,LC17,LC17,2
1817799390,1471610338,LC17,LC17,LC17,LC17,3
1817799390,1474424990,LC17,PVLP073_R,LC17,PVLP073,2
1817799390,1479147574,LC17,PVLP072_R,LC17,PVLP072,14
1817799390,1479492693,LC17,PVLP072_R,LC17,PVLP072,4
1817799390,1508123633,LC17,PVLP018_R,LC17,PVLP018,5
1817799390,1535082316,LC17,PVLP135_R,LC17,PVLP135,15
1817799390,1535086505,LC17,PVLP135_R,LC17,PVLP135,22
1817799390,1539496112,LC17,PVLP073_R,LC17,PVLP073,2
1817799390,1565729476,LC17,LC17,LC17,LC17,2
1817799390,1603645798,LC17,PVLP072_R,LC17,PVLP072,4
1817799390,1630342162,LC17,PVLP036_R,LC17,PVLP036,6
1817799390,1663639752,LC17,NA,LC17,NA,3
1817799390,1689187126,LC17,LC17,LC17,LC17,2
1817799390,1689200671,LC17,LC17,LC17,LC17,2
1817799390,1690694192,LC17,PVLP036_R,LC17,PVLP036,5
1817799390,1690917721,LC17,LC17,LC17,LC17,2
1817799390,1695693354,LC17,PVLP072_R,LC17,PVLP072,6
1817799390,1720105182,LC17,NA,LC17,NA,3
1817799390,1724345210,LC17,NA,LC17,NA,2
1817799390,1748187330,LC17,LC17,LC17,LC17,2
1817799390,1750251452,LC17,LC17,LC17,LC17,2
1817799390,1751262627,LC17,LC17,LC17,LC17,4
1817799390,1752962124,LC17,LC17,LC17,LC17,2
1817799390,1754019541,LC17,LC17,LC17,LC17,6
1817799390,1781333405,LC17,LC17,LC17,LC17,2
1817799390,1783361972,LC17,LC17,LC17,LC17,4
1817799390,1783690466,LC17,LC17,LC17,LC17,3
1817799390,1813382259,LC17,LC17(lVLPT7)_R,LC17,LC17,3
1817799390,1814410124,LC17,LC17,LC17,LC17,3
1817799390,1817108009,LC17,LC17,LC17,LC17,2
1817799390,1817112855,LC17,LC17,LC17,LC17,2
1817799390,1817448659,LC17,LC17,LC17,LC17,2
1817799390,1817448921,LC17,LC17,LC17,LC17,3
1817799390,1817448971,LC17,LC17,LC17,LC17,2
1817799390,1817449059,LC17,LC17,LC17,LC17,2
1817799390,1817458052,LC17,LC17,LC17,LC17,2
1817799390,1817458164,LC17,LC17,LC17,LC17,5
1817799390,1817790281,LC17,LC17(lVLPT4)_R,LC17,LC17,3
1817799390,1818136404,LC17,LC17,LC17,LC17,2
1817799390,1818463564,LC17,NA,LC17,NA,2
1817799390,1844421716,LC17,LC17,LC17,LC17,2
1817799390,1847806203,LC17,LC17,LC17,LC17,2
1817799390,1848151877,LC17,LC17,LC17,LC17,3
1817799390,1848492258,LC17,LC17,LC17,LC17,2
1817799390,1848506334,LC17,NA,LC17,NA,3
1817799390,1848824817,LC17,LC17,LC17,LC17,2
1817799390,1849161220,LC17,LC17,LC17,LC17,2
1817799390,1849166071,LC17,LC17,LC17,LC17,2
1817799390,1849183960,LC17,LC17(lVLPT7)_R,LC17,LC17,2
1817799390,1878845629,LC17,LC17,LC17,LC17,2
1817799390,1879519066,LC17,LC17,LC17,LC17,2
1817799390,1939904964,LC17,LC17,LC17,LC17,2
1817799390,1974682390,LC17,LC17(lVLPT7)_R,LC17,LC17,2
1817799390,2034378361,LC17,NA,LC17,NA,2
1817799390,2036065828,LC17,NA,LC17,NA,2
1817799390,2098153433,LC17,NA,LC17,NA,2
1817799390,2129192808,LC17,NA,LC17,NA,3
1817799390,5812992468,LC17,LC17,LC17,LC17,4
1817799390,5812998833,LC17,LC17,LC17,LC17,3
1817799390,5812999009,LC17,LC17(lVLPT4)_R,LC17,LC17,2
1817799390,5813017315,LC17,AVLP479_R,LC17,AVLP479,10
1817799390,5813027276,LC17,AVLP080_R,LC17,AVLP080,2
1817799390,5813038918,LC17,LC17,LC17,LC17,3
1817799390,5813039148,LC17,PVLP011_R,LC17,PVLP011,43
1817799390,5813057178,LC17,PVLP136_R,LC17,PVLP136,3
1817799390,5813057579,LC17,AVLP538_R,LC17,AVLP538,14
1817799390,5813060163,LC17,LC17,LC17,LC17,6
1817799390,5813076492,LC17,LC17,LC17,LC17,3
1817799390,5813077633,LC17,AVLP479_R,LC17,AVLP479,5
1817799390,5813080260,LC17,AVLP153_R,LC17,AVLP153,2
1818122205,447228814,LC17,PVLP106_R,LC17,PVLP106,46
1818122205,1068885266,LC17,PVLP151(SCB004)_R,LC17,PVLP151,6
1818122205,1070950293,LC17,PVLP151(SCB004)_R,LC17,PVLP151,2
1818122205,1158877703,LC17,LC17(lVLPT4)_R,LC17,LC17,2
1818122205,1189567690,LC17,LC17,LC17,LC17,2
1818122205,1190250299,LC17,LC17,LC17,LC17,2
1818122205,1219592090,LC17,LC17(lVLPT7)_R,LC17,LC17,3
1818122205,1312061760,LC17,AVLP572_R,LC17,AVLP572,3
1818122205,1321305370,LC17,PVLP061_R,LC17,PVLP061,75
1818122205,1345079276,LC17,LC17,LC17,LC17,2
1818122205,1354394414,LC17,PVLP120_R,LC17,PVLP120,15
1818122205,1374063129,LC17,PVLP132_R,LC17,PVLP132,18
1818122205,1381997776,LC17,PVLP071_R,LC17,PVLP071,5
1818122205,1382308349,LC17,PVLP071_R,LC17,PVLP071,4
1818122205,1405788552,LC17,LC17,LC17,LC17,2
1818122205,1435791739,LC17,PVLP132_R,LC17,PVLP132,13
1818122205,1449486007,LC17,AVLP537_R,LC17,AVLP537,3
1818122205,1449848294,LC17,AVLP221_R,LC17,AVLP221,2
1818122205,1473332777,LC17,LC17(lVLPT7)_R,LC17,LC17,2
1818122205,1479147574,LC17,PVLP072_R,LC17,PVLP072,11
1818122205,1479492693,LC17,PVLP072_R,LC17,PVLP072,4
1818122205,1508123633,LC17,PVLP018_R,LC17,PVLP018,14
1818122205,1534694621,LC17,LC17,LC17,LC17,3
1818122205,1535082316,LC17,PVLP135_R,LC17,PVLP135,16
1818122205,1535086505,LC17,PVLP135_R,LC17,PVLP135,29
1818122205,1601227987,LC17,AVLP552_R,LC17,AVLP552,3
1818122205,1603645798,LC17,PVLP072_R,LC17,PVLP072,3
1818122205,1603957106,LC17,AVLP409_R,LC17,AVLP409,4
1818122205,1628528573,LC17,LC17,LC17,LC17,3
1818122205,1630342162,LC17,PVLP036_R,LC17,PVLP036,10
1818122205,1658881325,LC17,LC17,LC17,LC17,3
1818122205,1690694192,LC17,PVLP036_R,LC17,PVLP036,11
1818122205,1690698128,LC17,PVLP036_R,LC17,PVLP036,2
1818122205,1690917721,LC17,LC17,LC17,LC17,2
1818122205,1695693354,LC17,PVLP072_R,LC17,PVLP072,3
1818122205,1719928105,LC17,LC17,LC17,LC17,2
1818122205,1720105182,LC17,NA,LC17,NA,6
1818122205,1722307233,LC17,LC17(lVLPT7)_R,LC17,LC17,2
1818122205,1747181914,LC17,LC17,LC17,LC17,2
1818122205,1750251452,LC17,LC17,LC17,LC17,3
1818122205,1751666374,LC17,LC17,LC17,LC17,2
1818122205,1752672460,LC17,LC17,LC17,LC17,3
1818122205,1776865370,LC17,LC17,LC17,LC17,2
1818122205,1779567374,LC17,LC17,LC17,LC17,2
1818122205,1781324410,LC17,LC17,LC17,LC17,6
1818122205,1781333405,LC17,LC17,LC17,LC17,5
1818122205,1783690466,LC17,LC17,LC17,LC17,2
1818122205,1807572051,LC17,LC17,LC17,LC17,4
1818122205,1813382259,LC17,LC17(lVLPT7)_R,LC17,LC17,5
1818122205,1814410124,LC17,LC17,LC17,LC17,2
1818122205,1814729788,LC17,LC17,LC17,LC17,5
1818122205,1817112807,LC17,LC17(lVLPT4)_R,LC17,LC17,2
1818122205,1817444315,LC17,LC17(lVLPT7)_R,LC17,LC17,2
1818122205,1817448921,LC17,LC17,LC17,LC17,2
1818122205,1817449229,LC17,LC17,LC17,LC17,4
1818122205,1817453257,LC17,LC17,LC17,LC17,2
1818122205,1817453557,LC17,LC17(lVLPT4)_R,LC17,LC17,3
1818122205,1817457987,LC17,LC17,LC17,LC17,4
1818122205,1817458164,LC17,LC17,LC17,LC17,3
1818122205,1817785661,LC17,LC17,LC17,LC17,3
1818122205,1817785682,LC17,LC17,LC17,LC17,2
1818122205,1817790176,LC17,LC17,LC17,LC17,3
1818122205,1817790409,LC17,LC17(lVLPT7)_R,LC17,LC17,3
1818122205,1817794820,LC17,LC17(lVLPT7)_R,LC17,LC17,2
1818122205,1845772658,LC17,LC17(lVLPT7)_R,LC17,LC17,4
1818122205,1847806203,LC17,LC17,LC17,LC17,3
1818122205,1847810811,LC17,LC17(lVLPT7)_R,LC17,LC17,2
1818122205,1848151571,LC17,LC17(lVLPT7)_R,LC17,LC17,5
1818122205,1848492714,LC17,LC17,LC17,LC17,2
1818122205,1848820426,LC17,LC17(lVLPT7)_R,LC17,LC17,4
1818122205,1848824817,LC17,LC17,LC17,LC17,5
1818122205,1848828925,LC17,LC17(lVLPT7)_R,LC17,LC17,4
1818122205,1849174879,LC17,LC17(lVLPT7)_R,LC17,LC17,4
1818122205,1849178917,LC17,LC17,LC17,LC17,4
1818122205,1849183960,LC17,LC17(lVLPT7)_R,LC17,LC17,2
1818122205,1849507321,LC17,LC17,LC17,LC17,2
1818122205,1878845226,LC17,LC17,LC17,LC17,2
1818122205,1878845629,LC17,LC17,LC17,LC17,2
1818122205,1879226079,LC17,NA,LC17,NA,2
1818122205,1879519066,LC17,LC17,LC17,LC17,3
1818122205,1908865507,LC17,LC17,LC17,LC17,2
1818122205,1910562172,LC17,NA,LC17,NA,2
1818122205,1912271719,LC17,NA,LC17,NA,2
1818122205,1912271899,LC17,NA,LC17,NA,2
1818122205,1937193993,LC17,LC17,LC17,LC17,2
1818122205,1941260433,LC17,NA,LC17,NA,2
1818122205,1943310950,LC17,NA,LC17,NA,2
1818122205,1974682390,LC17,LC17(lVLPT7)_R,LC17,LC17,2
1818122205,2029624973,LC17,LC17,LC17,LC17,3
1818122205,2036420165,LC17,NA,LC17,NA,2
1818122205,2245501457,LC17,LC17,LC17,LC17,2
1818122205,5812988086,LC17,LC17,LC17,LC17,3
1818122205,5812991769,LC17,LC17,LC17,LC17,2
1818122205,5812992219,LC17,LC17,LC17,LC17,2
1818122205,5812992468,LC17,LC17,LC17,LC17,2
1818122205,5812998833,LC17,LC17,LC17,LC17,2
1818122205,5813017315,LC17,AVLP479_R,LC17,AVLP479,9
1818122205,5813039148,LC17,PVLP011_R,LC17,PVLP011,55
1818122205,5813057579,LC17,AVLP538_R,LC17,AVLP538,17
1818122205,5813068239,LC17,LC17,LC17,LC17,2
1818122205,5813077633,LC17,AVLP479_R,LC17,AVLP479,16
1818136404,447228814,LC17,PVLP106_R,LC17,PVLP106,44
1818136404,1068885266,LC17,PVLP151(SCB004)_R,LC17,PVLP151,6
1818136404,1070950293,LC17,PVLP151(SCB004)_R,LC17,PVLP151,2
1818136404,1158877703,LC17,LC17(lVLPT4)_R,LC17,LC17,3
1818136404,1190250299,LC17,LC17,LC17,LC17,4
1818136404,1219592090,LC17,LC17(lVLPT7)_R,LC17,LC17,3
1818136404,1221285175,LC17,LC17,LC17,LC17,4
1818136404,1313702895,LC17,LC17,LC17,LC17,3
1818136404,1321305370,LC17,PVLP061_R,LC17,PVLP061,64
1818136404,1345079276,LC17,LC17,LC17,LC17,2
1818136404,1347126097,LC17,LC17,LC17,LC17,2
1818136404,1347812305,LC17,LC17(lVLPT7)_R,LC17,LC17,3
1818136404,1354394414,LC17,PVLP120_R,LC17,PVLP120,6
1818136404,1374063129,LC17,PVLP132_R,LC17,PVLP132,15
1818136404,1375769049,LC17,LC17,LC17,LC17,2
1818136404,1381997776,LC17,PVLP071_R,LC17,PVLP071,3
1818136404,1382308349,LC17,PVLP071_R,LC17,PVLP071,4
1818136404,1435791739,LC17,PVLP132_R,LC17,PVLP132,13
1818136404,1435822283,LC17,LC17,LC17,LC17,4
1818136404,1437165487,LC17,LC17,LC17,LC17,2
1818136404,1449486007,LC17,AVLP537_R,LC17,AVLP537,7
1818136404,1477148598,LC17,PVLP075_R,LC17,PVLP075,7
1818136404,1479147574,LC17,PVLP072_R,LC17,PVLP072,16
1818136404,1479492693,LC17,PVLP072_R,LC17,PVLP072,6
1818136404,1497200791,LC17,LC17,LC17,LC17,2
1818136404,1508123633,LC17,PVLP018_R,LC17,PVLP018,11
1818136404,1530606252,LC17,LC17(lVLPT7)_R,LC17,LC17,2
1818136404,1535082316,LC17,PVLP135_R,LC17,PVLP135,12
1818136404,1535086505,LC17,PVLP135_R,LC17,PVLP135,26
1818136404,1603645798,LC17,PVLP072_R,LC17,PVLP072,3
1818136404,1603957106,LC17,AVLP409_R,LC17,AVLP409,2
1818136404,1629163100,LC17,LC17(lVLPT7)_R,LC17,LC17,2
1818136404,1630342162,LC17,PVLP036_R,LC17,PVLP036,11
1818136404,1663639752,LC17,NA,LC17,NA,3
1818136404,1687831632,LC17,LC17,LC17,LC17,2
1818136404,1690694192,LC17,PVLP036_R,LC17,PVLP036,17
1818136404,1690698128,LC17,PVLP036_R,LC17,PVLP036,3
1818136404,1695693354,LC17,PVLP072_R,LC17,PVLP072,11
1818136404,1720105182,LC17,NA,LC17,NA,4
1818136404,1722307233,LC17,LC17(lVLPT7)_R,LC17,LC17,2
1818136404,1750251452,LC17,LC17,LC17,LC17,2
1818136404,1751262627,LC17,LC17,LC17,LC17,4
1818136404,1751666374,LC17,LC17,LC17,LC17,2
1818136404,1753670596,LC17,LC17(lVLPT4)_R,LC17,LC17,3
1818136404,1781333405,LC17,LC17,LC17,LC17,2
1818136404,1783690466,LC17,LC17,LC17,LC17,4
1818136404,1812363713,LC17,LC17,LC17,LC17,2
1818136404,1814055949,LC17,LC17,LC17,LC17,2
1818136404,1814729223,LC17,LC17(lVLPT7)_R,LC17,LC17,2
1818136404,1817112807,LC17,LC17(lVLPT4)_R,LC17,LC17,3
1818136404,1817113079,LC17,LC17,LC17,LC17,2
1818136404,1817444555,LC17,LC17,LC17,LC17,2
1818136404,1817457847,LC17,LC17,LC17,LC17,2
1818136404,1817786077,LC17,LC17,LC17,LC17,3
1818136404,1817790281,LC17,LC17(lVLPT4)_R,LC17,LC17,3
1818136404,1817794442,LC17,NA,LC17,NA,2
1818136404,1818136333,LC17,NA,LC17,NA,3
1818136404,1848151571,LC17,LC17(lVLPT7)_R,LC17,LC17,2
1818136404,1848483949,LC17,LC17(lVLPT4)_R,LC17,LC17,3
1818136404,1848492258,LC17,LC17,LC17,LC17,3
1818136404,1848492714,LC17,LC17,LC17,LC17,3
1818136404,1848506334,LC17,NA,LC17,NA,3
1818136404,1848824817,LC17,LC17,LC17,LC17,2
1818136404,1848828925,LC17,LC17(lVLPT7)_R,LC17,LC17,2
1818136404,1849183960,LC17,LC17(lVLPT7)_R,LC17,LC17,2
1818136404,1849507321,LC17,LC17,LC17,LC17,3
1818136404,1875460978,LC17,LC17,LC17,LC17,2
1818136404,1876820783,LC17,LC17,LC17,LC17,2
1818136404,1879226079,LC17,NA,LC17,NA,2
1818136404,1879519066,LC17,LC17,LC17,LC17,2
1818136404,1880887003,LC17,LC17,LC17,LC17,4
1818136404,1909880056,LC17,NA,LC17,NA,2
1818136404,1939904964,LC17,LC17,LC17,LC17,3
1818136404,1941268788,LC17,NA,LC17,NA,2
1818136404,1941964272,LC17,NA,LC17,NA,2
1818136404,1942611743,LC17,NA,LC17,NA,3
1818136404,2036087361,LC17,NA,LC17,NA,2
1818136404,2097129738,LC17,NA,LC17,NA,2
1818136404,5812991769,LC17,LC17,LC17,LC17,3
1818136404,5812992468,LC17,LC17,LC17,LC17,2
1818136404,5813017315,LC17,AVLP479_R,LC17,AVLP479,12
1818136404,5813038918,LC17,LC17,LC17,LC17,5
1818136404,5813039148,LC17,PVLP011_R,LC17,PVLP011,50
1818136404,5813045381,LC17,NA,LC17,NA,2
1818136404,5813054384,LC17,PPM1203_R,LC17,PPM1203,3
1818136404,5813057178,LC17,PVLP136_R,LC17,PVLP136,3
1818136404,5813057579,LC17,AVLP538_R,LC17,AVLP538,8
1818136404,5813077633,LC17,AVLP479_R,LC17,AVLP479,2
1818136404,5813080260,LC17,AVLP153_R,LC17,AVLP153,4
1818473569,447228814,LC17,PVLP106_R,LC17,PVLP106,37
1818473569,1068885266,LC17,PVLP151(SCB004)_R,LC17,PVLP151,4
1818473569,1189567690,LC17,LC17,LC17,LC17,2
1818473569,1219592090,LC17,LC17(lVLPT7)_R,LC17,LC17,2
1818473569,1250277991,LC17,LC17,LC17,LC17,2
1818473569,1313702895,LC17,LC17,LC17,LC17,2
1818473569,1321305370,LC17,PVLP061_R,LC17,PVLP061,72
1818473569,1347812305,LC17,LC17(lVLPT7)_R,LC17,LC17,4
1818473569,1354394414,LC17,PVLP120_R,LC17,PVLP120,7
1818473569,1374063129,LC17,PVLP132_R,LC17,PVLP132,7
1818473569,1381997776,LC17,PVLP071_R,LC17,PVLP071,5
1818473569,1405788552,LC17,LC17,LC17,LC17,4
1818473569,1435791739,LC17,PVLP132_R,LC17,PVLP132,13
1818473569,1449486007,LC17,AVLP537_R,LC17,AVLP537,10
1818473569,1467859487,LC17,LC17,LC17,LC17,2
1818473569,1471607030,LC17,LC17,LC17,LC17,3
1818473569,1471610338,LC17,LC17,LC17,LC17,3
1818473569,1479147574,LC17,PVLP072_R,LC17,PVLP072,8
1818473569,1479492693,LC17,PVLP072_R,LC17,PVLP072,3
1818473569,1497200791,LC17,LC17,LC17,LC17,2
1818473569,1508123633,LC17,PVLP018_R,LC17,PVLP018,5
1818473569,1535082316,LC17,PVLP135_R,LC17,PVLP135,10
1818473569,1535086505,LC17,PVLP135_R,LC17,PVLP135,21
1818473569,1561301125,LC17,LC17,LC17,LC17,2
1818473569,1563355501,LC17,LC17,LC17,LC17,2
1818473569,1603645798,LC17,PVLP072_R,LC17,PVLP072,7
1818473569,1621008677,LC17,LC17,LC17,LC17,2
1818473569,1625800608,LC17,LC17,LC17,LC17,2
1818473569,1630342162,LC17,PVLP036_R,LC17,PVLP036,11
1818473569,1656153289,LC17,LC17,LC17,LC17,2
1818473569,1663639752,LC17,NA,LC17,NA,3
1818473569,1689187126,LC17,LC17,LC17,LC17,3
1818473569,1690694192,LC17,PVLP036_R,LC17,PVLP036,11
1818473569,1690698128,LC17,PVLP036_R,LC17,PVLP036,3
1818473569,1690917721,LC17,LC17,LC17,LC17,2
1818473569,1695693354,LC17,PVLP072_R,LC17,PVLP072,3
1818473569,1750251452,LC17,LC17,LC17,LC17,2
1818473569,1781324410,LC17,LC17,LC17,LC17,2
1818473569,1782680353,LC17,LC17,LC17,LC17,3
1818473569,1814031575,LC17,LC17,LC17,LC17,2
1818473569,1817113079,LC17,LC17,LC17,LC17,2
1818473569,1817121540,LC17,NA,LC17,NA,2
1818473569,1817444555,LC17,LC17,LC17,LC17,2
1818473569,1817448659,LC17,LC17,LC17,LC17,2
1818473569,1817449059,LC17,LC17,LC17,LC17,3
1818473569,1817449236,LC17,LC17,LC17,LC17,3
1818473569,1817452948,LC17,LC17,LC17,LC17,2
1818473569,1817453557,LC17,LC17(lVLPT4)_R,LC17,LC17,4
1818473569,1817457808,LC17,LC17,LC17,LC17,2
1818473569,1817458052,LC17,LC17,LC17,LC17,2
1818473569,1817458164,LC17,LC17,LC17,LC17,2
1818473569,1817785682,LC17,LC17,LC17,LC17,2
1818473569,1817790176,LC17,LC17,LC17,LC17,4
1818473569,1817790409,LC17,LC17(lVLPT7)_R,LC17,LC17,2
1818473569,1844421716,LC17,LC17,LC17,LC17,3
1818473569,1847806275,LC17,LC17,LC17,LC17,2
1818473569,1848151618,LC17,NA,LC17,NA,2
1818473569,1848156241,LC17,LC17,LC17,LC17,2
1818473569,1848483949,LC17,LC17(lVLPT4)_R,LC17,LC17,4
1818473569,1848506334,LC17,NA,LC17,NA,4
1818473569,1849166071,LC17,LC17,LC17,LC17,2
1818473569,1849179266,LC17,LC17,LC17,LC17,3
1818473569,1849183960,LC17,LC17(lVLPT7)_R,LC17,LC17,2
1818473569,1849503142,LC17,LC17,LC17,LC17,2
1818473569,1878845226,LC17,LC17,LC17,LC17,2
1818473569,1879226079,LC17,NA,LC17,NA,5
1818473569,1880209425,LC17,LC17(lVLPT7)_R,LC17,LC17,2
1818473569,1880887003,LC17,LC17,LC17,LC17,3
1818473569,1881215402,LC17,NA,LC17,NA,2
1818473569,1911585571,LC17,NA,LC17,NA,2
1818473569,2004357629,LC17,NA,LC17,NA,2
1818473569,5812999009,LC17,LC17(lVLPT4)_R,LC17,LC17,2
1818473569,5813017315,LC17,AVLP479_R,LC17,AVLP479,11
1818473569,5813039148,LC17,PVLP011_R,LC17,PVLP011,37
1818473569,5813057178,LC17,PVLP136_R,LC17,PVLP136,2
1818473569,5813057579,LC17,AVLP538_R,LC17,AVLP538,13
1818473569,5813068239,LC17,LC17,LC17,LC17,2
1818473569,5813077633,LC17,AVLP479_R,LC17,AVLP479,7
1818473569,5813080260,LC17,AVLP153_R,LC17,AVLP153,4
1844421716,447228814,LC17,PVLP106_R,LC17,PVLP106,37
1844421716,1068885266,LC17,PVLP151(SCB004)_R,LC17,PVLP151,4
1844421716,1158877783,LC17,LC17,LC17,LC17,2
1844421716,1189567690,LC17,LC17,LC17,LC17,2
1844421716,1321305370,LC17,PVLP061_R,LC17,PVLP061,53
1844421716,1345079276,LC17,LC17,LC17,LC17,2
1844421716,1347812305,LC17,LC17(lVLPT7)_R,LC17,LC17,2
1844421716,1354394414,LC17,PVLP120_R,LC17,PVLP120,6
1844421716,1374063129,LC17,PVLP132_R,LC17,PVLP132,9
1844421716,1381997776,LC17,PVLP071_R,LC17,PVLP071,6
1844421716,1382308349,LC17,PVLP071_R,LC17,PVLP071,13
1844421716,1405788552,LC17,LC17,LC17,LC17,4
1844421716,1420172582,LC17,NA,LC17,NA,3
1844421716,1435791739,LC17,PVLP132_R,LC17,PVLP132,12
1844421716,1449486007,LC17,AVLP537_R,LC17,AVLP537,7
1844421716,1471607030,LC17,LC17,LC17,LC17,3
1844421716,1471610338,LC17,LC17,LC17,LC17,4
1844421716,1472965897,LC17,LC17,LC17,LC17,2
1844421716,1479147574,LC17,PVLP072_R,LC17,PVLP072,9
1844421716,1479492693,LC17,PVLP072_R,LC17,PVLP072,4
1844421716,1508123633,LC17,PVLP018_R,LC17,PVLP018,9
1844421716,1528914548,LC17,NA,LC17,NA,2
1844421716,1535082316,LC17,PVLP135_R,LC17,PVLP135,14
1844421716,1535086505,LC17,PVLP135_R,LC17,PVLP135,30
1844421716,1561301125,LC17,LC17,LC17,LC17,3
1844421716,1562707421,LC17,LC17(lVLPT7)_R,LC17,LC17,2
1844421716,1563355501,LC17,LC17,LC17,LC17,3
1844421716,1603645798,LC17,PVLP072_R,LC17,PVLP072,5
1844421716,1628528573,LC17,LC17,LC17,LC17,2
1844421716,1630342162,LC17,PVLP036_R,LC17,PVLP036,2
1844421716,1655474822,LC17,LC17,LC17,LC17,4
1844421716,1655496596,LC17,LC21(PLBDL4)_R,LC17,LC21,2
1844421716,1663639752,LC17,NA,LC17,NA,2
1844421716,1689187126,LC17,LC17,LC17,LC17,3
1844421716,1690694192,LC17,PVLP036_R,LC17,PVLP036,9
1844421716,1690698128,LC17,PVLP036_R,LC17,PVLP036,7
1844421716,1695693354,LC17,PVLP072_R,LC17,PVLP072,2
1844421716,1714791446,LC17,LC17,LC17,LC17,2
1844421716,1720105182,LC17,NA,LC17,NA,5
1844421716,1747181914,LC17,LC17,LC17,LC17,4
1844421716,1748187330,LC17,LC17,LC17,LC17,4
1844421716,1751666374,LC17,LC17,LC17,LC17,2
1844421716,1781324410,LC17,LC17,LC17,LC17,3
1844421716,1781333405,LC17,LC17,LC17,LC17,2
1844421716,1810944084,LC17,LC15(LWF6)_R,LC17,LC15,3
1844421716,1814060070,LC17,LC17,LC17,LC17,2
1844421716,1817452948,LC17,LC17,LC17,LC17,2
1844421716,1817457987,LC17,LC17,LC17,LC17,6
1844421716,1817458052,LC17,LC17,LC17,LC17,2
1844421716,1817458164,LC17,LC17,LC17,LC17,2
1844421716,1817785661,LC17,LC17,LC17,LC17,2
1844421716,1817785682,LC17,LC17,LC17,LC17,2
1844421716,1817790176,LC17,LC17,LC17,LC17,2
1844421716,1817790222,LC17,LC17,LC17,LC17,3
1844421716,1818122205,LC17,LC17,LC17,LC17,2
1844421716,1818473569,LC17,LC17,LC17,LC17,3
1844421716,1847806203,LC17,LC17,LC17,LC17,2
1844421716,1847815147,LC17,LC17(lVLPT7)_R,LC17,LC17,2
1844421716,1848143184,LC17,LC17,LC17,LC17,3
1844421716,1848506334,LC17,NA,LC17,NA,2
1844421716,1848820426,LC17,LC17(lVLPT7)_R,LC17,LC17,2
1844421716,1849161220,LC17,LC17,LC17,LC17,2
1844421716,1849166071,LC17,LC17,LC17,LC17,3
1844421716,1876820783,LC17,LC17,LC17,LC17,2
1844421716,1879877415,LC17,LC17(lVLPT4)_R,LC17,LC17,2
1844421716,1908865507,LC17,LC17,LC17,LC17,2
1844421716,1910212184,LC17,NA,LC17,NA,5
1844421716,1912600163,LC17,LC17,LC17,LC17,3
1844421716,1941273016,LC17,NA,LC17,NA,2
1844421716,1943639319,LC17,NA,LC17,NA,2
1844421716,2066444647,LC17,NA,LC17,NA,2
1844421716,2067787078,LC17,NA,LC17,NA,2
1844421716,2096797637,LC17,NA,LC17,NA,2
1844421716,5812988294,LC17,LC18,LC17,LC18,4
1844421716,5812999009,LC17,LC17(lVLPT4)_R,LC17,LC17,2
1844421716,5813017315,LC17,AVLP479_R,LC17,AVLP479,2
1844421716,5813039148,LC17,PVLP011_R,LC17,PVLP011,48
1844421716,5813057579,LC17,AVLP538_R,LC17,AVLP538,19
1844421716,5813060163,LC17,LC17,LC17,LC17,3
1844421716,5813068239,LC17,LC17,LC17,LC17,3
1844421716,5813076492,LC17,LC17,LC17,LC17,2
1844421716,5813077633,LC17,AVLP479_R,LC17,AVLP479,12
1844421716,5813080260,LC17,AVLP153_R,LC17,AVLP153,6
1844421716,5901214683,LC17,AVLP135_R,LC17,AVLP135,2
1845772658,447228814,LC17(lVLPT7)_R,PVLP106_R,LC17,PVLP106,53
1845772658,1068885266,LC17(lVLPT7)_R,PVLP151(SCB004)_R,LC17,PVLP151,8
1845772658,1190250299,LC17(lVLPT7)_R,LC17,LC17,LC17,3
1845772658,1313702895,LC17(lVLPT7)_R,LC17,LC17,LC17,3
1845772658,1321305370,LC17(lVLPT7)_R,PVLP061_R,LC17,PVLP061,76
1845772658,1354394414,LC17(lVLPT7)_R,PVLP120_R,LC17,PVLP120,7
1845772658,1374063129,LC17(lVLPT7)_R,PVLP132_R,LC17,PVLP132,20
1845772658,1381997776,LC17(lVLPT7)_R,PVLP071_R,LC17,PVLP071,2
1845772658,1435791739,LC17(lVLPT7)_R,PVLP132_R,LC17,PVLP132,12
1845772658,1449486007,LC17(lVLPT7)_R,AVLP537_R,LC17,AVLP537,8
1845772658,1471610338,LC17(lVLPT7)_R,LC17,LC17,LC17,3
1845772658,1474424990,LC17(lVLPT7)_R,PVLP073_R,LC17,PVLP073,2
1845772658,1477148598,LC17(lVLPT7)_R,PVLP075_R,LC17,PVLP075,2
1845772658,1479147574,LC17(lVLPT7)_R,PVLP072_R,LC17,PVLP072,10
1845772658,1479492693,LC17(lVLPT7)_R,PVLP072_R,LC17,PVLP072,2
1845772658,1508123633,LC17(lVLPT7)_R,PVLP018_R,LC17,PVLP018,5
1845772658,1535082316,LC17(lVLPT7)_R,PVLP135_R,LC17,PVLP135,10
1845772658,1535086505,LC17(lVLPT7)_R,PVLP135_R,LC17,PVLP135,30
1845772658,1539496112,LC17(lVLPT7)_R,PVLP073_R,LC17,PVLP073,2
1845772658,1562707421,LC17(lVLPT7)_R,LC17(lVLPT7)_R,LC17,LC17,2
1845772658,1565729476,LC17(lVLPT7)_R,LC17,LC17,LC17,2
1845772658,1603645798,LC17(lVLPT7)_R,PVLP072_R,LC17,PVLP072,11
1845772658,1621008677,LC17(lVLPT7)_R,LC17,LC17,LC17,3
1845772658,1622360309,LC17(lVLPT7)_R,LC17,LC17,LC17,2
1845772658,1630342162,LC17(lVLPT7)_R,PVLP036_R,LC17,PVLP036,12
1845772658,1656153289,LC17(lVLPT7)_R,LC17,LC17,LC17,4
1845772658,1659515529,LC17(lVLPT7)_R,LC17,LC17,LC17,3
1845772658,1689187126,LC17(lVLPT7)_R,LC17,LC17,LC17,3
1845772658,1690694192,LC17(lVLPT7)_R,PVLP036_R,LC17,PVLP036,9
1845772658,1719928105,LC17(lVLPT7)_R,LC17,LC17,LC17,2
1845772658,1720105182,LC17(lVLPT7)_R,NA,LC17,NA,3
1845772658,1751262627,LC17(lVLPT7)_R,LC17,LC17,LC17,2
1845772658,1752672460,LC17(lVLPT7)_R,LC17,LC17,LC17,3
1845772658,1752962124,LC17(lVLPT7)_R,LC17,LC17,LC17,2
1845772658,1754019541,LC17(lVLPT7)_R,LC17,LC17,LC17,4
1845772658,1776865370,LC17(lVLPT7)_R,LC17,LC17,LC17,2
1845772658,1779567374,LC17(lVLPT7)_R,LC17,LC17,LC17,2
1845772658,1782680353,LC17(lVLPT7)_R,LC17,LC17,LC17,3
1845772658,1783361972,LC17(lVLPT7)_R,LC17,LC17,LC17,4
1845772658,1807572051,LC17(lVLPT7)_R,LC17,LC17,LC17,2
1845772658,1813028777,LC17(lVLPT7)_R,LC17,LC17,LC17,2
1845772658,1813382259,LC17(lVLPT7)_R,LC17(lVLPT7)_R,LC17,LC17,2
1845772658,1814055949,LC17(lVLPT7)_R,LC17,LC17,LC17,2
1845772658,1814410124,LC17(lVLPT7)_R,LC17,LC17,LC17,2
1845772658,1817108009,LC17(lVLPT7)_R,LC17,LC17,LC17,3
1845772658,1817112807,LC17(lVLPT7)_R,LC17(lVLPT4)_R,LC17,LC17,2
1845772658,1817444670,LC17(lVLPT7)_R,LC17(lVLPT7)_R,LC17,LC17,2
1845772658,1817448971,LC17(lVLPT7)_R,LC17,LC17,LC17,3
1845772658,1817449116,LC17(lVLPT7)_R,LC17(lVLPT4)_R,LC17,LC17,2
1845772658,1817449375,LC17(lVLPT7)_R,LC17,LC17,LC17,3
1845772658,1817452948,LC17(lVLPT7)_R,LC17,LC17,LC17,2
1845772658,1817453257,LC17(lVLPT7)_R,LC17,LC17,LC17,2
1845772658,1817453557,LC17(lVLPT7)_R,LC17(lVLPT4)_R,LC17,LC17,2
1845772658,1817457847,LC17(lVLPT7)_R,LC17,LC17,LC17,3
1845772658,1817457984,LC17(lVLPT7)_R,LC17,LC17,LC17,2
1845772658,1817457987,LC17(lVLPT7)_R,LC17,LC17,LC17,2
1845772658,1817790176,LC17(lVLPT7)_R,LC17,LC17,LC17,3
1845772658,1817790281,LC17(lVLPT7)_R,LC17(lVLPT4)_R,LC17,LC17,2
1845772658,1817790409,LC17(lVLPT7)_R,LC17(lVLPT7)_R,LC17,LC17,3
1845772658,1817799390,LC17(lVLPT7)_R,LC17,LC17,LC17,4
1845772658,1847806203,LC17(lVLPT7)_R,LC17,LC17,LC17,2
1845772658,1847815147,LC17(lVLPT7)_R,LC17(lVLPT7)_R,LC17,LC17,2
1845772658,1848138779,LC17(lVLPT7)_R,LC17,LC17,LC17,3
1845772658,1848151236,LC17(lVLPT7)_R,LC17,LC17,LC17,5
1845772658,1848151571,LC17(lVLPT7)_R,LC17(lVLPT7)_R,LC17,LC17,2
1845772658,1848151877,LC17(lVLPT7)_R,LC17,LC17,LC17,3
1845772658,1848492258,LC17(lVLPT7)_R,LC17,LC17,LC17,3
1845772658,1848837843,LC17(lVLPT7)_R,LC17,LC17,LC17,2
1845772658,1849183960,LC17(lVLPT7)_R,LC17(lVLPT7)_R,LC17,LC17,2
1845772658,1849503142,LC17(lVLPT7)_R,LC17,LC17,LC17,2
1845772658,1849507321,LC17(lVLPT7)_R,LC17,LC17,LC17,3
1845772658,1879519066,LC17(lVLPT7)_R,LC17,LC17,LC17,2
1845772658,1879877415,LC17(lVLPT7)_R,LC17(lVLPT4)_R,LC17,LC17,3
1845772658,1911231415,LC17(lVLPT7)_R,NA,LC17,NA,2
1845772658,1939904964,LC17(lVLPT7)_R,LC17,LC17,LC17,2
1845772658,1941609989,LC17(lVLPT7)_R,NA,LC17,NA,2
1845772658,1941955396,LC17(lVLPT7)_R,NA,LC17,NA,2
1845772658,1943298081,LC17(lVLPT7)_R,NA,LC17,NA,2
1845772658,2067105669,LC17(lVLPT7)_R,NA,LC17,NA,2
1845772658,2096797326,LC17(lVLPT7)_R,NA,LC17,NA,2
1845772658,5812991769,LC17(lVLPT7)_R,LC17,LC17,LC17,2
1845772658,5812992219,LC17(lVLPT7)_R,LC17,LC17,LC17,2
1845772658,5812999009,LC17(lVLPT7)_R,LC17(lVLPT4)_R,LC17,LC17,4
1845772658,5813017315,LC17(lVLPT7)_R,AVLP479_R,LC17,AVLP479,17
1845772658,5813034336,LC17(lVLPT7)_R,LC17(lVLPT4)_R,LC17,LC17,3
1845772658,5813039148,LC17(lVLPT7)_R,PVLP011_R,LC17,PVLP011,51
1845772658,5813039410,LC17(lVLPT7)_R,LC17,LC17,LC17,2
1845772658,5813057178,LC17(lVLPT7)_R,PVLP136_R,LC17,PVLP136,4
1845772658,5813057579,LC17(lVLPT7)_R,AVLP538_R,LC17,AVLP538,15
1845772658,5813077633,LC17(lVLPT7)_R,AVLP479_R,LC17,AVLP479,9
1847806203,447228814,LC17,PVLP106_R,LC17,PVLP106,43
1847806203,1068885266,LC17,PVLP151(SCB004)_R,LC17,PVLP151,7
1847806203,1158877783,LC17,LC17,LC17,LC17,5
1847806203,1190250299,LC17,LC17,LC17,LC17,4
1847806203,1313702895,LC17,LC17,LC17,LC17,2
1847806203,1321305370,LC17,PVLP061_R,LC17,PVLP061,67
1847806203,1354394414,LC17,PVLP120_R,LC17,PVLP120,10
1847806203,1374063129,LC17,PVLP132_R,LC17,PVLP132,7
1847806203,1382308349,LC17,PVLP071_R,LC17,PVLP071,8
1847806203,1435791739,LC17,PVLP132_R,LC17,PVLP132,16
1847806203,1449486007,LC17,AVLP537_R,LC17,AVLP537,9
1847806203,1472965897,LC17,LC17,LC17,LC17,3
1847806203,1473332777,LC17,LC17(lVLPT7)_R,LC17,LC17,3
1847806203,1479147574,LC17,PVLP072_R,LC17,PVLP072,6
1847806203,1479492693,LC17,PVLP072_R,LC17,PVLP072,5
1847806203,1508123633,LC17,PVLP018_R,LC17,PVLP018,4
1847806203,1535082316,LC17,PVLP135_R,LC17,PVLP135,11
1847806203,1535086505,LC17,PVLP135_R,LC17,PVLP135,23
1847806203,1603645798,LC17,PVLP072_R,LC17,PVLP072,6
1847806203,1603957106,LC17,AVLP409_R,LC17,AVLP409,3
1847806203,1625800608,LC17,LC17,LC17,LC17,3
1847806203,1629163100,LC17,LC17(lVLPT7)_R,LC17,LC17,2
1847806203,1630342162,LC17,PVLP036_R,LC17,PVLP036,11
1847806203,1656153289,LC17,LC17,LC17,LC17,3
1847806203,1656834653,LC17,LC17,LC17,LC17,3
1847806203,1687831632,LC17,LC17,LC17,LC17,2
1847806203,1689200671,LC17,LC17,LC17,LC17,2
1847806203,1689239035,LC17,LC17,LC17,LC17,2
1847806203,1690694192,LC17,PVLP036_R,LC17,PVLP036,13
1847806203,1695693354,LC17,PVLP072_R,LC17,PVLP072,13
1847806203,1720105182,LC17,NA,LC17,NA,3
1847806203,1753670596,LC17,LC17(lVLPT4)_R,LC17,LC17,2
1847806203,1754019541,LC17,LC17,LC17,LC17,2
1847806203,1776865370,LC17,LC17,LC17,LC17,2
1847806203,1779567374,LC17,LC17,LC17,LC17,2
1847806203,1782680353,LC17,LC17,LC17,LC17,5
1847806203,1812363713,LC17,LC17,LC17,LC17,3
1847806203,1813382259,LC17,LC17(lVLPT7)_R,LC17,LC17,2
1847806203,1814055949,LC17,LC17,LC17,LC17,2
1847806203,1814060070,LC17,LC17,LC17,LC17,2
1847806203,1817107934,LC17,LC17,LC17,LC17,3
1847806203,1817108009,LC17,LC17,LC17,LC17,4
1847806203,1817112807,LC17,LC17(lVLPT4)_R,LC17,LC17,4
1847806203,1817112989,LC17,NA,LC17,NA,2
1847806203,1817113079,LC17,LC17,LC17,LC17,2
1847806203,1817449059,LC17,LC17,LC17,LC17,2
1847806203,1817449116,LC17,LC17(lVLPT4)_R,LC17,LC17,3
1847806203,1817449375,LC17,LC17,LC17,LC17,2
1847806203,1817453557,LC17,LC17(lVLPT4)_R,LC17,LC17,2
1847806203,1817458052,LC17,LC17,LC17,LC17,2
1847806203,1817785661,LC17,LC17,LC17,LC17,3
1847806203,1817790222,LC17,LC17,LC17,LC17,2
1847806203,1818122205,LC17,LC17,LC17,LC17,2
1847806203,1844421716,LC17,LC17,LC17,LC17,2
1847806203,1847806275,LC17,LC17,LC17,LC17,3
1847806203,1847815147,LC17,LC17(lVLPT7)_R,LC17,LC17,2
1847806203,1848151236,LC17,LC17,LC17,LC17,3
1847806203,1848151571,LC17,LC17(lVLPT7)_R,LC17,LC17,3
1847806203,1848506334,LC17,NA,LC17,NA,2
1847806203,1849161220,LC17,LC17,LC17,LC17,4
1847806203,1849161407,LC17,LC17,LC17,LC17,6
1847806203,1849166071,LC17,LC17,LC17,LC17,2
1847806203,1849178917,LC17,LC17,LC17,LC17,2
1847806203,1878845226,LC17,LC17,LC17,LC17,3
1847806203,1879226079,LC17,NA,LC17,NA,2
1847806203,1879877415,LC17,LC17(lVLPT4)_R,LC17,LC17,2
1847806203,1911266206,LC17,NA,LC17,NA,4
1847806203,1937193993,LC17,LC17,LC17,LC17,4
1847806203,1943297823,LC17,NA,LC17,NA,2
1847806203,5812991769,LC17,LC17,LC17,LC17,2
1847806203,5812992468,LC17,LC17,LC17,LC17,3
1847806203,5813017315,LC17,AVLP479_R,LC17,AVLP479,14
1847806203,5813039148,LC17,PVLP011_R,LC17,PVLP011,55
1847806203,5813057178,LC17,PVLP136_R,LC17,PVLP136,5
1847806203,5813057579,LC17,AVLP538_R,LC17,AVLP538,12
1847806203,5813060163,LC17,LC17,LC17,LC17,2
1847806203,5813077633,LC17,AVLP479_R,LC17,AVLP479,4
1847806203,5813080260,LC17,AVLP153_R,LC17,AVLP153,4
1847806275,447228814,LC17,PVLP106_R,LC17,PVLP106,28
1847806275,1068885266,LC17,PVLP151(SCB004)_R,LC17,PVLP151,6
1847806275,1070950293,LC17,PVLP151(SCB004)_R,LC17,PVLP151,2
1847806275,1190250299,LC17,LC17,LC17,LC17,3
1847806275,1321305370,LC17,PVLP061_R,LC17,PVLP061,66
1847806275,1345079276,LC17,LC17,LC17,LC17,4
1847806275,1354394414,LC17,PVLP120_R,LC17,PVLP120,6
1847806275,1374063129,LC17,PVLP132_R,LC17,PVLP132,4
1847806275,1381997776,LC17,PVLP071_R,LC17,PVLP071,7
1847806275,1382308349,LC17,PVLP071_R,LC17,PVLP071,10
1847806275,1435791739,LC17,PVLP132_R,LC17,PVLP132,10
1847806275,1449486007,LC17,AVLP537_R,LC17,AVLP537,8
1847806275,1471610338,LC17,LC17,LC17,LC17,3
1847806275,1473332777,LC17,LC17(lVLPT7)_R,LC17,LC17,3
1847806275,1479147574,LC17,PVLP072_R,LC17,PVLP072,9
1847806275,1479492693,LC17,PVLP072_R,LC17,PVLP072,5
1847806275,1508123633,LC17,PVLP018_R,LC17,PVLP018,7
1847806275,1534694621,LC17,LC17,LC17,LC17,2
1847806275,1535082316,LC17,PVLP135_R,LC17,PVLP135,18
1847806275,1535086505,LC17,PVLP135_R,LC17,PVLP135,18
1847806275,1539496112,LC17,PVLP073_R,LC17,PVLP073,4
1847806275,1574980522,LC17,AVLP408_R,LC17,AVLP408,2
1847806275,1630342162,LC17,PVLP036_R,LC17,PVLP036,7
1847806275,1656834653,LC17,LC17,LC17,LC17,3
1847806275,1659515529,LC17,LC17,LC17,LC17,2
1847806275,1689187126,LC17,LC17,LC17,LC17,3
1847806275,1690694192,LC17,PVLP036_R,LC17,PVLP036,5
1847806275,1690698128,LC17,PVLP036_R,LC17,PVLP036,4
1847806275,1714791446,LC17,LC17,LC17,LC17,2
1847806275,1750251452,LC17,LC17,LC17,LC17,2
1847806275,1751262627,LC17,LC17,LC17,LC17,2
1847806275,1751666374,LC17,LC17,LC17,LC17,2
1847806275,1754019541,LC17,LC17,LC17,LC17,2
1847806275,1782318275,LC17,LC17,LC17,LC17,2
1847806275,1782680353,LC17,LC17,LC17,LC17,3
1847806275,1812696567,LC17,LC17,LC17,LC17,2
1847806275,1813382259,LC17,LC17(lVLPT7)_R,LC17,LC17,3
1847806275,1817107934,LC17,LC17,LC17,LC17,2
1847806275,1817444315,LC17,LC17(lVLPT7)_R,LC17,LC17,3
1847806275,1817444555,LC17,LC17,LC17,LC17,3
1847806275,1817449375,LC17,LC17,LC17,LC17,2
1847806275,1817452948,LC17,LC17,LC17,LC17,2
1847806275,1817457984,LC17,LC17,LC17,LC17,3
1847806275,1817458052,LC17,LC17,LC17,LC17,2
1847806275,1817790222,LC17,LC17,LC17,LC17,2
1847806275,1817790409,LC17,LC17(lVLPT7)_R,LC17,LC17,2
1847806275,1818122205,LC17,LC17,LC17,LC17,4
1847806275,1818473569,LC17,LC17,LC17,LC17,4
1847806275,1848151877,LC17,LC17,LC17,LC17,3
1847806275,1848156241,LC17,LC17,LC17,LC17,5
1847806275,1848506334,LC17,NA,LC17,NA,5
1847806275,1849502810,LC17,NA,LC17,NA,2
1847806275,1849520554,LC17,NA,LC17,NA,2
1847806275,1878845226,LC17,LC17,LC17,LC17,3
1847806275,1878845629,LC17,LC17,LC17,LC17,2
1847806275,1880887003,LC17,LC17,LC17,LC17,3
1847806275,1910579424,LC17,NA,LC17,NA,2
1847806275,1910579787,LC17,NA,LC17,NA,2
1847806275,1910916105,LC17,NA,LC17,NA,2
1847806275,1912600163,LC17,LC17,LC17,LC17,2
1847806275,1912604538,LC17,NA,LC17,NA,3
1847806275,1937193993,LC17,LC17,LC17,LC17,2
1847806275,1941623121,LC17,NA,LC17,NA,2
1847806275,1941623174,LC17,NA,LC17,NA,3
1847806275,1974682390,LC17,LC17(lVLPT7)_R,LC17,LC17,2
1847806275,2067800573,LC17,NA,LC17,NA,3
1847806275,2098493913,LC17,NA,LC17,NA,2
1847806275,5812988086,LC17,LC17,LC17,LC17,4
1847806275,5812989161,LC17,Li12_R,LC17,Li12,2
1847806275,5812991769,LC17,LC17,LC17,LC17,4
1847806275,5813017315,LC17,AVLP479_R,LC17,AVLP479,10
1847806275,5813038918,LC17,LC17,LC17,LC17,2
1847806275,5813039148,LC17,PVLP011_R,LC17,PVLP011,38
1847806275,5813054384,LC17,PPM1203_R,LC17,PPM1203,2
1847806275,5813057178,LC17,PVLP136_R,LC17,PVLP136,4
1847806275,5813057579,LC17,AVLP538_R,LC17,AVLP538,16
1847806275,5813060163,LC17,LC17,LC17,LC17,5
1847806275,5813068559,LC17,AVLP396_R,LC17,AVLP396,2
1847806275,5813077633,LC17,AVLP479_R,LC17,AVLP479,7
1847806275,5813080260,LC17,AVLP153_R,LC17,AVLP153,2
1847810811,447228814,LC17(lVLPT7)_R,PVLP106_R,LC17,PVLP106,26
1847810811,1068885266,LC17(lVLPT7)_R,PVLP151(SCB004)_R,LC17,PVLP151,12
1847810811,1221285175,LC17(lVLPT7)_R,LC17,LC17,LC17,2
1847810811,1321305370,LC17(lVLPT7)_R,PVLP061_R,LC17,PVLP061,51
1847810811,1348153557,LC17(lVLPT7)_R,LC17,LC17,LC17,2
1847810811,1354394414,LC17(lVLPT7)_R,PVLP120_R,LC17,PVLP120,5
1847810811,1374063129,LC17(lVLPT7)_R,PVLP132_R,LC17,PVLP132,8
1847810811,1375769049,LC17(lVLPT7)_R,LC17,LC17,LC17,3
1847810811,1381997776,LC17(lVLPT7)_R,PVLP071_R,LC17,PVLP071,4
1847810811,1382308349,LC17(lVLPT7)_R,PVLP071_R,LC17,PVLP071,4
1847810811,1435791739,LC17(lVLPT7)_R,PVLP132_R,LC17,PVLP132,5
1847810811,1437165487,LC17(lVLPT7)_R,LC17,LC17,LC17,2
1847810811,1449486007,LC17(lVLPT7)_R,AVLP537_R,LC17,AVLP537,5
1847810811,1471610338,LC17(lVLPT7)_R,LC17,LC17,LC17,2
1847810811,1477148598,LC17(lVLPT7)_R,PVLP075_R,LC17,PVLP075,2
1847810811,1479147574,LC17(lVLPT7)_R,PVLP072_R,LC17,PVLP072,6
1847810811,1479492693,LC17(lVLPT7)_R,PVLP072_R,LC17,PVLP072,2
1847810811,1497200791,LC17(lVLPT7)_R,LC17,LC17,LC17,2
1847810811,1504428248,LC17(lVLPT7)_R,PVLP075_R,LC17,PVLP075,2
1847810811,1508123633,LC17(lVLPT7)_R,PVLP018_R,LC17,PVLP018,3
1847810811,1512232956,LC17(lVLPT7)_R,AVLP135_R,LC17,AVLP135,2
1847810811,1535082316,LC17(lVLPT7)_R,PVLP135_R,LC17,PVLP135,14
1847810811,1535086505,LC17(lVLPT7)_R,PVLP135_R,LC17,PVLP135,17
1847810811,1603645798,LC17(lVLPT7)_R,PVLP072_R,LC17,PVLP072,6
1847810811,1630342162,LC17(lVLPT7)_R,PVLP036_R,LC17,PVLP036,13
1847810811,1659515529,LC17(lVLPT7)_R,LC17,LC17,LC17,2
1847810811,1663639752,LC17(lVLPT7)_R,NA,LC17,NA,4
1847810811,1690694192,LC17(lVLPT7)_R,PVLP036_R,LC17,PVLP036,8
1847810811,1690698128,LC17(lVLPT7)_R,PVLP036_R,LC17,PVLP036,3
1847810811,1695693354,LC17(lVLPT7)_R,PVLP072_R,LC17,PVLP072,3
1847810811,1714791446,LC17(lVLPT7)_R,LC17,LC17,LC17,3
1847810811,1720105182,LC17(lVLPT7)_R,NA,LC17,NA,2
1847810811,1722307233,LC17(lVLPT7)_R,LC17(lVLPT7)_R,LC17,LC17,3
1847810811,1751262627,LC17(lVLPT7)_R,LC17,LC17,LC17,2
1847810811,1753670596,LC17(lVLPT7)_R,LC17(lVLPT4)_R,LC17,LC17,2
1847810811,1776865370,LC17(lVLPT7)_R,LC17,LC17,LC17,2
1847810811,1813028777,LC17(lVLPT7)_R,LC17,LC17,LC17,2
1847810811,1817107934,LC17(lVLPT7)_R,LC17,LC17,LC17,3
1847810811,1817112807,LC17(lVLPT7)_R,LC17(lVLPT4)_R,LC17,LC17,2
1847810811,1817449116,LC17(lVLPT7)_R,LC17(lVLPT4)_R,LC17,LC17,2
1847810811,1817457847,LC17(lVLPT7)_R,LC17,LC17,LC17,2
1847810811,1817457984,LC17(lVLPT7)_R,LC17,LC17,LC17,2
1847810811,1817457987,LC17(lVLPT7)_R,LC17,LC17,LC17,2
1847810811,1848143184,LC17(lVLPT7)_R,LC17,LC17,LC17,3
1847810811,1848151618,LC17(lVLPT7)_R,NA,LC17,NA,3
1847810811,1848156241,LC17(lVLPT7)_R,LC17,LC17,LC17,3
1847810811,1848483949,LC17(lVLPT7)_R,LC17(lVLPT4)_R,LC17,LC17,2
1847810811,1848506334,LC17(lVLPT7)_R,NA,LC17,NA,3
1847810811,1848824817,LC17(lVLPT7)_R,LC17,LC17,LC17,2
1847810811,1849179266,LC17(lVLPT7)_R,LC17,LC17,LC17,3
1847810811,1875124235,LC17(lVLPT7)_R,LC17,LC17,LC17,2
1847810811,1878845629,LC17(lVLPT7)_R,LC17,LC17,LC17,2
1847810811,1879226079,LC17(lVLPT7)_R,NA,LC17,NA,2
1847810811,1879519066,LC17(lVLPT7)_R,LC17,LC17,LC17,2
1847810811,1880209425,LC17(lVLPT7)_R,LC17(lVLPT7)_R,LC17,LC17,2
1847810811,1880887003,LC17(lVLPT7)_R,LC17,LC17,LC17,2
1847810811,1941610247,LC17(lVLPT7)_R,NA,LC17,NA,2
1847810811,2029624973,LC17(lVLPT7)_R,LC17,LC17,LC17,3
1847810811,2036078792,LC17(lVLPT7)_R,NA,LC17,NA,2
1847810811,2097130141,LC17(lVLPT7)_R,NA,LC17,NA,2
1847810811,2245501457,LC17(lVLPT7)_R,LC17,LC17,LC17,2
1847810811,5812991769,LC17(lVLPT7)_R,LC17,LC17,LC17,2
1847810811,5812999009,LC17(lVLPT7)_R,LC17(lVLPT4)_R,LC17,LC17,2
1847810811,5813017315,LC17(lVLPT7)_R,AVLP479_R,LC17,AVLP479,2
1847810811,5813034336,LC17(lVLPT7)_R,LC17(lVLPT4)_R,LC17,LC17,2
1847810811,5813039148,LC17(lVLPT7)_R,PVLP011_R,LC17,PVLP011,37
1847810811,5813057579,LC17(lVLPT7)_R,AVLP538_R,LC17,AVLP538,7
1847815147,447228814,LC17(lVLPT7)_R,PVLP106_R,LC17,PVLP106,35
1847815147,1068885266,LC17(lVLPT7)_R,PVLP151(SCB004)_R,LC17,PVLP151,3
1847815147,1070950293,LC17(lVLPT7)_R,PVLP151(SCB004)_R,LC17,PVLP151,2
1847815147,1219592090,LC17(lVLPT7)_R,LC17(lVLPT7)_R,LC17,LC17,5
1847815147,1321305370,LC17(lVLPT7)_R,PVLP061_R,LC17,PVLP061,64
1847815147,1345079276,LC17(lVLPT7)_R,LC17,LC17,LC17,3
1847815147,1354394414,LC17(lVLPT7)_R,PVLP120_R,LC17,PVLP120,6
1847815147,1374063129,LC17(lVLPT7)_R,PVLP132_R,LC17,PVLP132,10
1847815147,1375769049,LC17(lVLPT7)_R,LC17,LC17,LC17,3
1847815147,1381997776,LC17(lVLPT7)_R,PVLP071_R,LC17,PVLP071,4
1847815147,1405788552,LC17(lVLPT7)_R,LC17,LC17,LC17,2
1847815147,1420172582,LC17(lVLPT7)_R,NA,LC17,NA,3
1847815147,1435791739,LC17(lVLPT7)_R,PVLP132_R,LC17,PVLP132,9
1847815147,1449486007,LC17(lVLPT7)_R,AVLP537_R,LC17,AVLP537,10
1847815147,1466844031,LC17(lVLPT7)_R,LC17,LC17,LC17,2
1847815147,1479147574,LC17(lVLPT7)_R,PVLP072_R,LC17,PVLP072,13
1847815147,1479492693,LC17(lVLPT7)_R,PVLP072_R,LC17,PVLP072,6
1847815147,1508123633,LC17(lVLPT7)_R,PVLP018_R,LC17,PVLP018,8
1847815147,1528577476,LC17(lVLPT7)_R,LC17,LC17,LC17,2
1847815147,1535082316,LC17(lVLPT7)_R,PVLP135_R,LC17,PVLP135,9
1847815147,1535086505,LC17(lVLPT7)_R,PVLP135_R,LC17,PVLP135,21
1847815147,1565729476,LC17(lVLPT7)_R,LC17,LC17,LC17,2
1847815147,1603645798,LC17(lVLPT7)_R,PVLP072_R,LC17,PVLP072,3
1847815147,1628528573,LC17(lVLPT7)_R,LC17,LC17,LC17,4
1847815147,1630342162,LC17(lVLPT7)_R,PVLP036_R,LC17,PVLP036,11
1847815147,1689200671,LC17(lVLPT7)_R,LC17,LC17,LC17,2
1847815147,1689915765,LC17(lVLPT7)_R,LC17,LC17,LC17,2
1847815147,1690694192,LC17(lVLPT7)_R,PVLP036_R,LC17,PVLP036,5
1847815147,1690698128,LC17(lVLPT7)_R,PVLP036_R,LC17,PVLP036,2
1847815147,1695693354,LC17(lVLPT7)_R,PVLP072_R,LC17,PVLP072,2
1847815147,1720105182,LC17(lVLPT7)_R,NA,LC17,NA,3
1847815147,1724345210,LC17(lVLPT7)_R,NA,LC17,NA,2
1847815147,1747181914,LC17(lVLPT7)_R,LC17,LC17,LC17,3
1847815147,1754019541,LC17(lVLPT7)_R,LC17,LC17,LC17,4
1847815147,1782680353,LC17(lVLPT7)_R,LC17,LC17,LC17,2
1847815147,1814031575,LC17(lVLPT7)_R,LC17,LC17,LC17,2
1847815147,1814410124,LC17(lVLPT7)_R,LC17,LC17,LC17,2
1847815147,1817108009,LC17(lVLPT7)_R,LC17,LC17,LC17,2
1847815147,1817112807,LC17(lVLPT7)_R,LC17(lVLPT4)_R,LC17,LC17,2
1847815147,1817444315,LC17(lVLPT7)_R,LC17(lVLPT7)_R,LC17,LC17,3
1847815147,1817449059,LC17(lVLPT7)_R,LC17,LC17,LC17,2
1847815147,1817449229,LC17(lVLPT7)_R,LC17,LC17,LC17,2
1847815147,1817453469,LC17(lVLPT7)_R,NA,LC17,NA,2
1847815147,1817457987,LC17(lVLPT7)_R,LC17,LC17,LC17,3
1847815147,1817463007,LC17(lVLPT7)_R,LC17,LC17,LC17,2
1847815147,1817794820,LC17(lVLPT7)_R,LC17(lVLPT7)_R,LC17,LC17,2
1847815147,1818122205,LC17(lVLPT7)_R,LC17,LC17,LC17,2
1847815147,1844421716,LC17(lVLPT7)_R,LC17,LC17,LC17,3
1847815147,1848151236,LC17(lVLPT7)_R,LC17,LC17,LC17,3
1847815147,1849174879,LC17(lVLPT7)_R,LC17(lVLPT7)_R,LC17,LC17,2
1847815147,1876820783,LC17(lVLPT7)_R,LC17,LC17,LC17,2
1847815147,1878845226,LC17(lVLPT7)_R,LC17,LC17,LC17,3
1847815147,1879877415,LC17(lVLPT7)_R,LC17(lVLPT4)_R,LC17,LC17,2
1847815147,1880563962,LC17(lVLPT7)_R,NA,LC17,NA,2
1847815147,1912600163,LC17(lVLPT7)_R,LC17,LC17,LC17,2
1847815147,1937193993,LC17(lVLPT7)_R,LC17,LC17,LC17,2
1847815147,1943639251,LC17(lVLPT7)_R,NA,LC17,NA,2
1847815147,1974686827,LC17(lVLPT7)_R,NA,LC17,NA,3
1847815147,2006067880,LC17(lVLPT7)_R,NA,LC17,NA,2
1847815147,5812988086,LC17(lVLPT7)_R,LC17,LC17,LC17,3
1847815147,5812992219,LC17(lVLPT7)_R,LC17,LC17,LC17,2
1847815147,5813017315,LC17(lVLPT7)_R,AVLP479_R,LC17,AVLP479,2
1847815147,5813039148,LC17(lVLPT7)_R,PVLP011_R,LC17,PVLP011,38
1847815147,5813057579,LC17(lVLPT7)_R,AVLP538_R,LC17,AVLP538,17
1847815147,5813077633,LC17(lVLPT7)_R,AVLP479_R,LC17,AVLP479,8
1847815147,5813080260,LC17(lVLPT7)_R,AVLP153_R,LC17,AVLP153,3
1848138779,447228814,LC17,PVLP106_R,LC17,PVLP106,31
1848138779,1068885266,LC17,PVLP151(SCB004)_R,LC17,PVLP151,5
1848138779,1221280490,LC17,LC17(lVLPT7)_R,LC17,LC17,3
1848138779,1312061760,LC17,AVLP572_R,LC17,AVLP572,2
1848138779,1321305370,LC17,PVLP061_R,LC17,PVLP061,71
1848138779,1345079276,LC17,LC17,LC17,LC17,2
1848138779,1347812305,LC17,LC17(lVLPT7)_R,LC17,LC17,2
1848138779,1354394414,LC17,PVLP120_R,LC17,PVLP120,11
1848138779,1374063129,LC17,PVLP132_R,LC17,PVLP132,12
1848138779,1381997776,LC17,PVLP071_R,LC17,PVLP071,13
1848138779,1382308349,LC17,PVLP071_R,LC17,PVLP071,5
1848138779,1420172582,LC17,NA,LC17,NA,2
1848138779,1435791739,LC17,PVLP132_R,LC17,PVLP132,8
1848138779,1449486007,LC17,AVLP537_R,LC17,AVLP537,15
1848138779,1471610338,LC17,LC17,LC17,LC17,2
1848138779,1472965897,LC17,LC17,LC17,LC17,2
1848138779,1479147574,LC17,PVLP072_R,LC17,PVLP072,4
1848138779,1479492693,LC17,PVLP072_R,LC17,PVLP072,4
1848138779,1508123633,LC17,PVLP018_R,LC17,PVLP018,7
1848138779,1530606252,LC17,LC17(lVLPT7)_R,LC17,LC17,4
1848138779,1534694621,LC17,LC17,LC17,LC17,4
1848138779,1535082316,LC17,PVLP135_R,LC17,PVLP135,22
1848138779,1535086505,LC17,PVLP135_R,LC17,PVLP135,21
1848138779,1563355501,LC17,LC17,LC17,LC17,4
1848138779,1565729476,LC17,LC17,LC17,LC17,2
1848138779,1601227987,LC17,AVLP552_R,LC17,AVLP552,2
1848138779,1603645798,LC17,PVLP072_R,LC17,PVLP072,7
1848138779,1629163100,LC17,LC17(lVLPT7)_R,LC17,LC17,3
1848138779,1630342162,LC17,PVLP036_R,LC17,PVLP036,6
1848138779,1655474822,LC17,LC17,LC17,LC17,2
1848138779,1663639752,LC17,NA,LC17,NA,4
1848138779,1689200671,LC17,LC17,LC17,LC17,2
1848138779,1689915765,LC17,LC17,LC17,LC17,3
1848138779,1690694192,LC17,PVLP036_R,LC17,PVLP036,6
1848138779,1690698128,LC17,PVLP036_R,LC17,PVLP036,5
1848138779,1690706380,LC17,PVLP037_R,LC17,PVLP037,2
1848138779,1719928105,LC17,LC17,LC17,LC17,2
1848138779,1720105182,LC17,NA,LC17,NA,7
1848138779,1724345210,LC17,NA,LC17,NA,3
1848138779,1747181914,LC17,LC17,LC17,LC17,2
1848138779,1748187330,LC17,LC17,LC17,LC17,2
1848138779,1750251452,LC17,LC17,LC17,LC17,3
1848138779,1752672460,LC17,LC17,LC17,LC17,2
1848138779,1752962124,LC17,LC17,LC17,LC17,2
1848138779,1753670596,LC17,LC17(lVLPT4)_R,LC17,LC17,2
1848138779,1779567374,LC17,LC17,LC17,LC17,2
1848138779,1782318275,LC17,LC17,LC17,LC17,2
1848138779,1807572051,LC17,LC17,LC17,LC17,3
1848138779,1813382259,LC17,LC17(lVLPT7)_R,LC17,LC17,2
1848138779,1814729223,LC17,LC17(lVLPT7)_R,LC17,LC17,2
1848138779,1817108009,LC17,LC17,LC17,LC17,4
1848138779,1817112807,LC17,LC17(lVLPT4)_R,LC17,LC17,3
1848138779,1817444670,LC17,LC17(lVLPT7)_R,LC17,LC17,2
1848138779,1817449116,LC17,LC17(lVLPT4)_R,LC17,LC17,2
1848138779,1817449375,LC17,LC17,LC17,LC17,3
1848138779,1817457847,LC17,LC17,LC17,LC17,2
1848138779,1817457984,LC17,LC17,LC17,LC17,2
1848138779,1817463007,LC17,LC17,LC17,LC17,2
1848138779,1817785682,LC17,LC17,LC17,LC17,2
1848138779,1817786077,LC17,LC17,LC17,LC17,2
1848138779,1817790176,LC17,LC17,LC17,LC17,2
1848138779,1817790409,LC17,LC17(lVLPT7)_R,LC17,LC17,2
1848138779,1817794820,LC17,LC17(lVLPT7)_R,LC17,LC17,2
1848138779,1818122205,LC17,LC17,LC17,LC17,2
1848138779,1818136404,LC17,LC17,LC17,LC17,2
1848138779,1845772658,LC17,LC17(lVLPT7)_R,LC17,LC17,3
1848138779,1847806203,LC17,LC17,LC17,LC17,4
1848138779,1848142537,LC17,NA,LC17,NA,2
1848138779,1848151877,LC17,LC17,LC17,LC17,2
1848138779,1849161407,LC17,LC17,LC17,LC17,3
1848138779,1849174879,LC17,LC17(lVLPT7)_R,LC17,LC17,2
1848138779,1849178917,LC17,LC17,LC17,LC17,3
1848138779,1880209425,LC17,LC17(lVLPT7)_R,LC17,LC17,2
1848138779,1908865507,LC17,LC17,LC17,LC17,5
1848138779,1974682390,LC17,LC17(lVLPT7)_R,LC17,LC17,3
1848138779,2096797637,LC17,NA,LC17,NA,2
1848138779,2096801969,LC17,NA,LC17,NA,2
1848138779,5812988086,LC17,LC17,LC17,LC17,2
1848138779,5812992468,LC17,LC17,LC17,LC17,2
1848138779,5813017315,LC17,AVLP479_R,LC17,AVLP479,10
1848138779,5813039148,LC17,PVLP011_R,LC17,PVLP011,47
1848138779,5813057579,LC17,AVLP538_R,LC17,AVLP538,12
1848138779,5813076492,LC17,LC17,LC17,LC17,2
1848138779,5813077633,LC17,AVLP479_R,LC17,AVLP479,9
1848138779,5813080260,LC17,AVLP153_R,LC17,AVLP153,5
1848143184,447228814,LC17,PVLP106_R,LC17,PVLP106,38
1848143184,1068885266,LC17,PVLP151(SCB004)_R,LC17,PVLP151,6
1848143184,1190250299,LC17,LC17,LC17,LC17,2
1848143184,1321305370,LC17,PVLP061_R,LC17,PVLP061,65
1848143184,1345079276,LC17,LC17,LC17,LC17,3
1848143184,1347812305,LC17,LC17(lVLPT7)_R,LC17,LC17,2
1848143184,1348153557,LC17,LC17,LC17,LC17,4
1848143184,1354394414,LC17,PVLP120_R,LC17,PVLP120,4
1848143184,1374063129,LC17,PVLP132_R,LC17,PVLP132,9
1848143184,1381997776,LC17,PVLP071_R,LC17,PVLP071,2
1848143184,1382308349,LC17,PVLP071_R,LC17,PVLP071,3
1848143184,1435791739,LC17,PVLP132_R,LC17,PVLP132,9
1848143184,1449486007,LC17,AVLP537_R,LC17,AVLP537,10
1848143184,1466844031,LC17,LC17,LC17,LC17,2
1848143184,1471610338,LC17,LC17,LC17,LC17,4
1848143184,1473332777,LC17,LC17(lVLPT7)_R,LC17,LC17,2
1848143184,1474424990,LC17,PVLP073_R,LC17,PVLP073,2
1848143184,1477148598,LC17,PVLP075_R,LC17,PVLP075,2
1848143184,1479147574,LC17,PVLP072_R,LC17,PVLP072,11
1848143184,1508123633,LC17,PVLP018_R,LC17,PVLP018,8
1848143184,1535082316,LC17,PVLP135_R,LC17,PVLP135,21
1848143184,1535086505,LC17,PVLP135_R,LC17,PVLP135,17
1848143184,1561301125,LC17,LC17,LC17,LC17,3
1848143184,1603645798,LC17,PVLP072_R,LC17,PVLP072,5
1848143184,1630342162,LC17,PVLP036_R,LC17,PVLP036,7
1848143184,1658881325,LC17,LC17,LC17,LC17,2
1848143184,1689187126,LC17,LC17,LC17,LC17,2
1848143184,1689239035,LC17,LC17,LC17,LC17,2
1848143184,1690694192,LC17,PVLP036_R,LC17,PVLP036,12
1848143184,1690698128,LC17,PVLP036_R,LC17,PVLP036,3
1848143184,1695693354,LC17,PVLP072_R,LC17,PVLP072,2
1848143184,1747181914,LC17,LC17,LC17,LC17,3
1848143184,1752962124,LC17,LC17,LC17,LC17,3
1848143184,1776865370,LC17,LC17,LC17,LC17,2
1848143184,1782680353,LC17,LC17,LC17,LC17,3
1848143184,1813028777,LC17,LC17,LC17,LC17,2
1848143184,1813382259,LC17,LC17(lVLPT7)_R,LC17,LC17,2
1848143184,1814031575,LC17,LC17,LC17,LC17,2
1848143184,1814055949,LC17,LC17,LC17,LC17,2
1848143184,1814729223,LC17,LC17(lVLPT7)_R,LC17,LC17,2
1848143184,1817112855,LC17,LC17,LC17,LC17,2
1848143184,1817113079,LC17,LC17,LC17,LC17,2
1848143184,1817449059,LC17,LC17,LC17,LC17,4
1848143184,1817449229,LC17,LC17,LC17,LC17,3
1848143184,1817449236,LC17,LC17,LC17,LC17,3
1848143184,1817453065,LC17,LC17,LC17,LC17,3
1848143184,1817458164,LC17,LC17,LC17,LC17,2
1848143184,1817463007,LC17,LC17,LC17,LC17,2
1848143184,1817785682,LC17,LC17,LC17,LC17,3
1848143184,1817786077,LC17,LC17,LC17,LC17,2
1848143184,1817790176,LC17,LC17,LC17,LC17,2
1848143184,1818122205,LC17,LC17,LC17,LC17,2
1848143184,1844421716,LC17,LC17,LC17,LC17,3
1848143184,1848151877,LC17,LC17,LC17,LC17,2
1848143184,1848492345,LC17,NA,LC17,NA,2
1848143184,1848506334,LC17,NA,LC17,NA,2
1848143184,1848820426,LC17,LC17(lVLPT7)_R,LC17,LC17,2
1848143184,1849161407,LC17,LC17,LC17,LC17,4
1848143184,1849166071,LC17,LC17,LC17,LC17,3
1848143184,1849503142,LC17,LC17,LC17,LC17,4
1848143184,1879226079,LC17,NA,LC17,NA,3
1848143184,1910562400,LC17,NA,LC17,NA,2
1848143184,1942633283,LC17,NA,LC17,NA,2
1848143184,1972990709,LC17,NA,LC17,NA,3
1848143184,1974682390,LC17,LC17(lVLPT7)_R,LC17,LC17,4
1848143184,2004690176,LC17,NA,LC17,NA,2
1848143184,2029624973,LC17,LC17,LC17,LC17,2
1848143184,2035392989,LC17,NA,LC17,NA,2
1848143184,2065758388,LC17,NA,LC17,NA,3
1848143184,5812991769,LC17,LC17,LC17,LC17,3
1848143184,5813017315,LC17,AVLP479_R,LC17,AVLP479,8
1848143184,5813034336,LC17,LC17(lVLPT4)_R,LC17,LC17,2
1848143184,5813039148,LC17,PVLP011_R,LC17,PVLP011,42
1848143184,5813057579,LC17,AVLP538_R,LC17,AVLP538,10
1848143184,5813068239,LC17,LC17,LC17,LC17,2
1848143184,5813076492,LC17,LC17,LC17,LC17,2
1848143184,5813077633,LC17,AVLP479_R,LC17,AVLP479,2
1848143184,5901214683,LC17,AVLP135_R,LC17,AVLP135,2
1848151236,447228814,LC17,PVLP106_R,LC17,PVLP106,43
1848151236,912601209,LC17,PLP244(SCB010)_L,LC17,PLP244,6
1848151236,1068885266,LC17,PVLP151(SCB004)_R,LC17,PVLP151,9
1848151236,1158877703,LC17,LC17(lVLPT4)_R,LC17,LC17,5
1848151236,1189567690,LC17,LC17,LC17,LC17,4
1848151236,1221285175,LC17,LC17,LC17,LC17,2
1848151236,1250277991,LC17,LC17,LC17,LC17,3
1848151236,1260949492,LC17,AVLP340_R,LC17,AVLP340,2
1848151236,1312061760,LC17,AVLP572_R,LC17,AVLP572,2
1848151236,1321305370,LC17,PVLP061_R,LC17,PVLP061,81
1848151236,1345079276,LC17,LC17,LC17,LC17,2
1848151236,1347812305,LC17,LC17(lVLPT7)_R,LC17,LC17,2
1848151236,1348153557,LC17,LC17,LC17,LC17,2
1848151236,1354394414,LC17,PVLP120_R,LC17,PVLP120,7
1848151236,1374063129,LC17,PVLP132_R,LC17,PVLP132,11
1848151236,1381997776,LC17,PVLP071_R,LC17,PVLP071,3
1848151236,1420172582,LC17,NA,LC17,NA,2
1848151236,1435791739,LC17,PVLP132_R,LC17,PVLP132,9
1848151236,1437165487,LC17,LC17,LC17,LC17,2
1848151236,1449486007,LC17,AVLP537_R,LC17,AVLP537,14
1848151236,1466844031,LC17,LC17,LC17,LC17,3
1848151236,1467859487,LC17,LC17,LC17,LC17,3
1848151236,1471610338,LC17,LC17,LC17,LC17,5
1848151236,1473648518,LC17,LC17,LC17,LC17,3
1848151236,1475188631,LC17,AVLP541_R,LC17,AVLP541,2
1848151236,1479147574,LC17,PVLP072_R,LC17,PVLP072,14
1848151236,1504428248,LC17,PVLP075_R,LC17,PVLP075,3
1848151236,1508123633,LC17,PVLP018_R,LC17,PVLP018,5
1848151236,1528577476,LC17,LC17,LC17,LC17,2
1848151236,1534694621,LC17,LC17,LC17,LC17,3
1848151236,1535082316,LC17,PVLP135_R,LC17,PVLP135,11
1848151236,1535086505,LC17,PVLP135_R,LC17,PVLP135,31
1848151236,1565729476,LC17,LC17,LC17,LC17,2
1848151236,1603645798,LC17,PVLP072_R,LC17,PVLP072,8
1848151236,1630342162,LC17,PVLP036_R,LC17,PVLP036,11
1848151236,1654413566,LC17,LC17,LC17,LC17,2
1848151236,1659515529,LC17,LC17,LC17,LC17,2
1848151236,1663639752,LC17,NA,LC17,NA,5
1848151236,1684443103,LC17,LC17,LC17,LC17,2
1848151236,1689239035,LC17,LC17,LC17,LC17,2
1848151236,1690694192,LC17,PVLP036_R,LC17,PVLP036,13
1848151236,1690698128,LC17,PVLP036_R,LC17,PVLP036,8
1848151236,1695693354,LC17,PVLP072_R,LC17,PVLP072,3
1848151236,1719928105,LC17,LC17,LC17,LC17,2
1848151236,1720105182,LC17,NA,LC17,NA,3
1848151236,1720454234,LC17,NA,LC17,NA,2
1848151236,1724345210,LC17,NA,LC17,NA,2
1848151236,1747181914,LC17,LC17,LC17,LC17,2
1848151236,1752672460,LC17,LC17,LC17,LC17,2
1848151236,1776865370,LC17,LC17,LC17,LC17,3
1848151236,1781333405,LC17,LC17,LC17,LC17,2
1848151236,1782318275,LC17,LC17,LC17,LC17,2
1848151236,1808241116,LC17,LC17,LC17,LC17,3
1848151236,1814031575,LC17,LC17,LC17,LC17,2
1848151236,1814055949,LC17,LC17,LC17,LC17,2
1848151236,1814729223,LC17,LC17(lVLPT7)_R,LC17,LC17,2
1848151236,1817108009,LC17,LC17,LC17,LC17,2
1848151236,1817113079,LC17,LC17,LC17,LC17,2
1848151236,1817444670,LC17,LC17(lVLPT7)_R,LC17,LC17,2
1848151236,1817449116,LC17,LC17(lVLPT4)_R,LC17,LC17,3
1848151236,1817449236,LC17,LC17,LC17,LC17,2
1848151236,1817449375,LC17,LC17,LC17,LC17,2
1848151236,1817453065,LC17,LC17,LC17,LC17,2
1848151236,1817453257,LC17,LC17,LC17,LC17,2
1848151236,1817457847,LC17,LC17,LC17,LC17,2
1848151236,1817457987,LC17,LC17,LC17,LC17,2
1848151236,1817785682,LC17,LC17,LC17,LC17,2
1848151236,1817790281,LC17,LC17(lVLPT4)_R,LC17,LC17,2
1848151236,1818136404,LC17,LC17,LC17,LC17,2
1848151236,1844421716,LC17,LC17,LC17,LC17,2
1848151236,1845772658,LC17,LC17(lVLPT7)_R,LC17,LC17,4
1848151236,1848151571,LC17,LC17(lVLPT7)_R,LC17,LC17,2
1848151236,1848156241,LC17,LC17,LC17,LC17,2
1848151236,1848492258,LC17,LC17,LC17,LC17,2
1848151236,1848492714,LC17,LC17,LC17,LC17,2
1848151236,1848820426,LC17,LC17(lVLPT7)_R,LC17,LC17,2
1848151236,1848824817,LC17,LC17,LC17,LC17,3
1848151236,1849166071,LC17,LC17,LC17,LC17,2
1848151236,1849179266,LC17,LC17,LC17,LC17,2
1848151236,1849507321,LC17,LC17,LC17,LC17,2
1848151236,1878845629,LC17,LC17,LC17,LC17,4
1848151236,1879226079,LC17,NA,LC17,NA,2
1848151236,1908865507,LC17,LC17,LC17,LC17,3
1848151236,1910562172,LC17,NA,LC17,NA,2
1848151236,1910920228,LC17,NA,LC17,NA,2
1848151236,1937193993,LC17,LC17,LC17,LC17,2
1848151236,1939904964,LC17,LC17,LC17,LC17,3
1848151236,1941929786,LC17,NA,LC17,NA,2
1848151236,1972662496,LC17,NA,LC17,NA,3
1848151236,1973987676,LC17,NA,LC17,NA,2
1848151236,1974328835,LC17,NA,LC17,NA,2
1848151236,1974337437,LC17,NA,LC17,NA,2
1848151236,2004694307,LC17,NA,LC17,NA,2
1848151236,2066777534,LC17,NA,LC17,NA,2
1848151236,2097479476,LC17,NA,LC17,NA,2
1848151236,2245501457,LC17,LC17,LC17,LC17,2
1848151236,5812998833,LC17,LC17,LC17,LC17,2
1848151236,5812999009,LC17,LC17(lVLPT4)_R,LC17,LC17,2
1848151236,5813017315,LC17,AVLP479_R,LC17,AVLP479,10
1848151236,5813038918,LC17,LC17,LC17,LC17,2
1848151236,5813039148,LC17,PVLP011_R,LC17,PVLP011,50
1848151236,5813057579,LC17,AVLP538_R,LC17,AVLP538,15
1848151236,5813068239,LC17,LC17,LC17,LC17,3
1848151236,5813076492,LC17,LC17,LC17,LC17,2
1848151236,5813077633,LC17,AVLP479_R,LC17,AVLP479,8
1848151236,5813080260,LC17,AVLP153_R,LC17,AVLP153,3
1848151571,447228814,LC17(lVLPT7)_R,PVLP106_R,LC17,PVLP106,45
1848151571,1068885266,LC17(lVLPT7)_R,PVLP151(SCB004)_R,LC17,PVLP151,7
1848151571,1158877703,LC17(lVLPT7)_R,LC17(lVLPT4)_R,LC17,LC17,3
1848151571,1189567690,LC17(lVLPT7)_R,LC17,LC17,LC17,2
1848151571,1321305370,LC17(lVLPT7)_R,PVLP061_R,LC17,PVLP061,67
1848151571,1354394414,LC17(lVLPT7)_R,PVLP120_R,LC17,PVLP120,8
1848151571,1374063129,LC17(lVLPT7)_R,PVLP132_R,LC17,PVLP132,13
1848151571,1381997776,LC17(lVLPT7)_R,PVLP071_R,LC17,PVLP071,3
1848151571,1382308349,LC17(lVLPT7)_R,PVLP071_R,LC17,PVLP071,5
1848151571,1435791739,LC17(lVLPT7)_R,PVLP132_R,LC17,PVLP132,16
1848151571,1449486007,LC17(lVLPT7)_R,AVLP537_R,LC17,AVLP537,8
1848151571,1466844031,LC17(lVLPT7)_R,LC17,LC17,LC17,2
1848151571,1479147574,LC17(lVLPT7)_R,PVLP072_R,LC17,PVLP072,3
1848151571,1479492693,LC17(lVLPT7)_R,PVLP072_R,LC17,PVLP072,3
1848151571,1497200791,LC17(lVLPT7)_R,LC17,LC17,LC17,2
1848151571,1508123633,LC17(lVLPT7)_R,PVLP018_R,LC17,PVLP018,6
1848151571,1534694621,LC17(lVLPT7)_R,LC17,LC17,LC17,4
1848151571,1535082316,LC17(lVLPT7)_R,PVLP135_R,LC17,PVLP135,16
1848151571,1535086505,LC17(lVLPT7)_R,PVLP135_R,LC17,PVLP135,18
1848151571,1603645798,LC17(lVLPT7)_R,PVLP072_R,LC17,PVLP072,6
1848151571,1630342162,LC17(lVLPT7)_R,PVLP036_R,LC17,PVLP036,8
1848151571,1656834653,LC17(lVLPT7)_R,LC17,LC17,LC17,3
1848151571,1687831632,LC17(lVLPT7)_R,LC17,LC17,LC17,2
1848151571,1689239035,LC17(lVLPT7)_R,LC17,LC17,LC17,5
1848151571,1690694192,LC17(lVLPT7)_R,PVLP036_R,LC17,PVLP036,11
1848151571,1690698128,LC17(lVLPT7)_R,PVLP036_R,LC17,PVLP036,3
1848151571,1695693354,LC17(lVLPT7)_R,PVLP072_R,LC17,PVLP072,4
1848151571,1722307233,LC17(lVLPT7)_R,LC17(lVLPT7)_R,LC17,LC17,2
1848151571,1751262627,LC17(lVLPT7)_R,LC17,LC17,LC17,2
1848151571,1752672460,LC17(lVLPT7)_R,LC17,LC17,LC17,2
1848151571,1752962124,LC17(lVLPT7)_R,LC17,LC17,LC17,2
1848151571,1781324410,LC17(lVLPT7)_R,LC17,LC17,LC17,3
1848151571,1814410124,LC17(lVLPT7)_R,LC17,LC17,LC17,2
1848151571,1814729788,LC17(lVLPT7)_R,LC17,LC17,LC17,4
1848151571,1817113079,LC17(lVLPT7)_R,LC17,LC17,LC17,2
1848151571,1817444670,LC17(lVLPT7)_R,LC17(lVLPT7)_R,LC17,LC17,3
1848151571,1817449236,LC17(lVLPT7)_R,LC17,LC17,LC17,2
1848151571,1817452948,LC17(lVLPT7)_R,LC17,LC17,LC17,4
1848151571,1817458164,LC17(lVLPT7)_R,LC17,LC17,LC17,2
1848151571,1817463007,LC17(lVLPT7)_R,LC17,LC17,LC17,3
1848151571,1817785682,LC17(lVLPT7)_R,LC17,LC17,LC17,3
1848151571,1818122205,LC17(lVLPT7)_R,LC17,LC17,LC17,2
1848151571,1847806203,LC17(lVLPT7)_R,LC17,LC17,LC17,3
1848151571,1847806275,LC17(lVLPT7)_R,LC17,LC17,LC17,2
1848151571,1848151236,LC17(lVLPT7)_R,LC17,LC17,LC17,2
1848151571,1848151877,LC17(lVLPT7)_R,LC17,LC17,LC17,3
1848151571,1848156241,LC17(lVLPT7)_R,LC17,LC17,LC17,3
1848151571,1848824817,LC17(lVLPT7)_R,LC17,LC17,LC17,2
1848151571,1848828925,LC17(lVLPT7)_R,LC17(lVLPT7)_R,LC17,LC17,4
1848151571,1849161220,LC17(lVLPT7)_R,LC17,LC17,LC17,2
1848151571,1849178917,LC17(lVLPT7)_R,LC17,LC17,LC17,2
1848151571,1849503142,LC17(lVLPT7)_R,LC17,LC17,LC17,2
1848151571,1849520324,LC17(lVLPT7)_R,LC17,LC17,LC17,2
1848151571,1875460978,LC17(lVLPT7)_R,LC17,LC17,LC17,2
1848151571,1878845226,LC17(lVLPT7)_R,LC17,LC17,LC17,2
1848151571,1878845629,LC17(lVLPT7)_R,LC17,LC17,LC17,4
1848151571,1879226079,LC17(lVLPT7)_R,NA,LC17,NA,2
1848151571,1879877415,LC17(lVLPT7)_R,LC17(lVLPT4)_R,LC17,LC17,2
1848151571,1912600163,LC17(lVLPT7)_R,LC17,LC17,LC17,2
1848151571,1942629033,LC17(lVLPT7)_R,NA,LC17,NA,2
1848151571,1974686988,LC17(lVLPT7)_R,NA,LC17,NA,2
1848151571,2003343229,LC17(lVLPT7)_R,NA,LC17,NA,3
1848151571,2066777388,LC17(lVLPT7)_R,NA,LC17,NA,3
1848151571,5812991769,LC17(lVLPT7)_R,LC17,LC17,LC17,2
1848151571,5812993994,LC17(lVLPT7)_R,LC17,LC17,LC17,2
1848151571,5812998833,LC17(lVLPT7)_R,LC17,LC17,LC17,2
1848151571,5813017315,LC17(lVLPT7)_R,AVLP479_R,LC17,AVLP479,9
1848151571,5813038918,LC17(lVLPT7)_R,LC17,LC17,LC17,2
1848151571,5813039148,LC17(lVLPT7)_R,PVLP011_R,LC17,PVLP011,55
1848151571,5813040277,LC17(lVLPT7)_R,PVLP115_R,LC17,PVLP115,2
1848151571,5813057579,LC17(lVLPT7)_R,AVLP538_R,LC17,AVLP538,18
1848151571,5813060163,LC17(lVLPT7)_R,LC17,LC17,LC17,2
1848151571,5813068239,LC17(lVLPT7)_R,LC17,LC17,LC17,2
1848151571,5813077633,LC17(lVLPT7)_R,AVLP479_R,LC17,AVLP479,11
1848151571,5813080260,LC17(lVLPT7)_R,AVLP153_R,LC17,AVLP153,2
1848151571,5901194402,LC17(lVLPT7)_R,NA,LC17,NA,3
1848151877,447228814,LC17,PVLP106_R,LC17,PVLP106,35
1848151877,1068885266,LC17,PVLP151(SCB004)_R,LC17,PVLP151,5
1848151877,1158877783,LC17,LC17,LC17,LC17,2
1848151877,1221285175,LC17,LC17,LC17,LC17,7
1848151877,1250277991,LC17,LC17,LC17,LC17,2
1848151877,1321305370,LC17,PVLP061_R,LC17,PVLP061,79
1848151877,1345079276,LC17,LC17,LC17,LC17,3
1848151877,1354394414,LC17,PVLP120_R,LC17,PVLP120,11
1848151877,1374063129,LC17,PVLP132_R,LC17,PVLP132,13
1848151877,1382308349,LC17,PVLP071_R,LC17,PVLP071,5
1848151877,1435791739,LC17,PVLP132_R,LC17,PVLP132,7
1848151877,1449486007,LC17,AVLP537_R,LC17,AVLP537,9
1848151877,1467859487,LC17,LC17,LC17,LC17,4
1848151877,1472965897,LC17,LC17,LC17,LC17,3
1848151877,1477148598,LC17,PVLP075_R,LC17,PVLP075,4
1848151877,1479147574,LC17,PVLP072_R,LC17,PVLP072,12
1848151877,1479492693,LC17,PVLP072_R,LC17,PVLP072,3
1848151877,1497200791,LC17,LC17,LC17,LC17,3
1848151877,1508123633,LC17,PVLP018_R,LC17,PVLP018,8
1848151877,1512232956,LC17,AVLP135_R,LC17,AVLP135,3
1848151877,1530606252,LC17,LC17(lVLPT7)_R,LC17,LC17,4
1848151877,1535082316,LC17,PVLP135_R,LC17,PVLP135,20
1848151877,1535086505,LC17,PVLP135_R,LC17,PVLP135,23
1848151877,1563355501,LC17,LC17,LC17,LC17,3
1848151877,1601227987,LC17,AVLP552_R,LC17,AVLP552,3
1848151877,1603645798,LC17,PVLP072_R,LC17,PVLP072,5
1848151877,1603957106,LC17,AVLP409_R,LC17,AVLP409,5
1848151877,1622360309,LC17,LC17,LC17,LC17,3
1848151877,1630342162,LC17,PVLP036_R,LC17,PVLP036,12
1848151877,1654413566,LC17,LC17,LC17,LC17,3
1848151877,1658881325,LC17,LC17,LC17,LC17,2
1848151877,1689187126,LC17,LC17,LC17,LC17,5
1848151877,1690694192,LC17,PVLP036_R,LC17,PVLP036,19
1848151877,1690698128,LC17,PVLP036_R,LC17,PVLP036,3
1848151877,1690917721,LC17,LC17,LC17,LC17,3
1848151877,1695693354,LC17,PVLP072_R,LC17,PVLP072,7
1848151877,1720105182,LC17,NA,LC17,NA,6
1848151877,1722307233,LC17,LC17(lVLPT7)_R,LC17,LC17,2
1848151877,1750251452,LC17,LC17,LC17,LC17,2
1848151877,1753670596,LC17,LC17(lVLPT4)_R,LC17,LC17,2
1848151877,1754019541,LC17,LC17,LC17,LC17,2
1848151877,1779567374,LC17,LC17,LC17,LC17,2
1848151877,1782318275,LC17,LC17,LC17,LC17,2
1848151877,1783690466,LC17,LC17,LC17,LC17,2
1848151877,1814060070,LC17,LC17,LC17,LC17,2
1848151877,1817107934,LC17,LC17,LC17,LC17,2
1848151877,1817113079,LC17,LC17,LC17,LC17,2
1848151877,1817448659,LC17,LC17,LC17,LC17,3
1848151877,1817448921,LC17,LC17,LC17,LC17,5
1848151877,1817448971,LC17,LC17,LC17,LC17,2
1848151877,1817449059,LC17,LC17,LC17,LC17,2
1848151877,1817449229,LC17,LC17,LC17,LC17,3
1848151877,1817457847,LC17,LC17,LC17,LC17,2
1848151877,1817457984,LC17,LC17,LC17,LC17,2
1848151877,1817457987,LC17,LC17,LC17,LC17,2
1848151877,1817463007,LC17,LC17,LC17,LC17,2
1848151877,1817790222,LC17,LC17,LC17,LC17,3
1848151877,1817790281,LC17,LC17(lVLPT4)_R,LC17,LC17,2
1848151877,1817799390,LC17,LC17,LC17,LC17,2
1848151877,1845772658,LC17,LC17(lVLPT7)_R,LC17,LC17,2
1848151877,1848156241,LC17,LC17,LC17,LC17,2
1848151877,1848492714,LC17,LC17,LC17,LC17,2
1848151877,1848506334,LC17,NA,LC17,NA,6
1848151877,1848820426,LC17,LC17(lVLPT7)_R,LC17,LC17,2
1848151877,1848828925,LC17,LC17(lVLPT7)_R,LC17,LC17,5
1848151877,1849503142,LC17,LC17,LC17,LC17,2
1848151877,1849520324,LC17,LC17,LC17,LC17,2
1848151877,1875460978,LC17,LC17,LC17,LC17,3
1848151877,1879226079,LC17,NA,LC17,NA,4
1848151877,1879877415,LC17,LC17(lVLPT4)_R,LC17,LC17,2
1848151877,1908865507,LC17,LC17,LC17,LC17,2
1848151877,1912262802,LC17,NA,LC17,NA,2
1848151877,1939904964,LC17,LC17,LC17,LC17,2
1848151877,1942633428,LC17,NA,LC17,NA,2
1848151877,1942957166,LC17,NA,LC17,NA,2
1848151877,1972636393,LC17,NA,LC17,NA,3
1848151877,2035742143,LC17,NA,LC17,NA,2
1848151877,2035742338,LC17,NA,LC17,NA,2
1848151877,2098157241,LC17,NA,LC17,NA,2
1848151877,2098157393,LC17,NA,LC17,NA,2
1848151877,2098157536,LC17,NA,LC17,NA,2
1848151877,2245501457,LC17,LC17,LC17,LC17,2
1848151877,5812998833,LC17,LC17,LC17,LC17,2
1848151877,5813017315,LC17,AVLP479_R,LC17,AVLP479,15
1848151877,5813038679,LC17,LC17,LC17,LC17,5
1848151877,5813039148,LC17,PVLP011_R,LC17,PVLP011,41
1848151877,5813057579,LC17,AVLP538_R,LC17,AVLP538,13
1848151877,5813068239,LC17,LC17,LC17,LC17,2
1848151877,5813077633,LC17,AVLP479_R,LC17,AVLP479,7
1848151877,5813080260,LC17,AVLP153_R,LC17,AVLP153,6
1848156241,447228814,LC17,PVLP106_R,LC17,PVLP106,51
1848156241,1068885266,LC17,PVLP151(SCB004)_R,LC17,PVLP151,7
1848156241,1189567690,LC17,LC17,LC17,LC17,4
1848156241,1321305370,LC17,PVLP061_R,LC17,PVLP061,80
1848156241,1347126097,LC17,LC17,LC17,LC17,3
1848156241,1354394414,LC17,PVLP120_R,LC17,PVLP120,17
1848156241,1374063129,LC17,PVLP132_R,LC17,PVLP132,11
1848156241,1381997776,LC17,PVLP071_R,LC17,PVLP071,4
1848156241,1382308349,LC17,PVLP071_R,LC17,PVLP071,2
1848156241,1435791739,LC17,PVLP132_R,LC17,PVLP132,11
1848156241,1435822283,LC17,LC17,LC17,LC17,3
1848156241,1449486007,LC17,AVLP537_R,LC17,AVLP537,8
1848156241,1467859487,LC17,LC17,LC17,LC17,4
1848156241,1472965897,LC17,LC17,LC17,LC17,3
1848156241,1473648518,LC17,LC17,LC17,LC17,2
1848156241,1474424990,LC17,PVLP073_R,LC17,PVLP073,2
1848156241,1479147574,LC17,PVLP072_R,LC17,PVLP072,7
1848156241,1479492693,LC17,PVLP072_R,LC17,PVLP072,5
1848156241,1508123633,LC17,PVLP018_R,LC17,PVLP018,8
1848156241,1534694621,LC17,LC17,LC17,LC17,2
1848156241,1535082316,LC17,PVLP135_R,LC17,PVLP135,30
1848156241,1535086505,LC17,PVLP135_R,LC17,PVLP135,16
1848156241,1565729476,LC17,LC17,LC17,LC17,2
1848156241,1603645798,LC17,PVLP072_R,LC17,PVLP072,11
1848156241,1630342162,LC17,PVLP036_R,LC17,PVLP036,10
1848156241,1656153289,LC17,LC17,LC17,LC17,4
1848156241,1663639752,LC17,NA,LC17,NA,2
1848156241,1687831632,LC17,LC17,LC17,LC17,2
1848156241,1689915765,LC17,LC17,LC17,LC17,2
1848156241,1690694192,LC17,PVLP036_R,LC17,PVLP036,16
1848156241,1690698128,LC17,PVLP036_R,LC17,PVLP036,6
1848156241,1720105182,LC17,NA,LC17,NA,5
1848156241,1720454234,LC17,NA,LC17,NA,2
1848156241,1751666374,LC17,LC17,LC17,LC17,2
1848156241,1753670596,LC17,LC17(lVLPT4)_R,LC17,LC17,2
1848156241,1776865370,LC17,LC17,LC17,LC17,4
1848156241,1782318275,LC17,LC17,LC17,LC17,2
1848156241,1783690466,LC17,LC17,LC17,LC17,2
1848156241,1807572051,LC17,LC17,LC17,LC17,4
1848156241,1814055949,LC17,LC17,LC17,LC17,3
1848156241,1814060070,LC17,LC17,LC17,LC17,2
1848156241,1817448659,LC17,LC17,LC17,LC17,2
1848156241,1817452948,LC17,LC17,LC17,LC17,2
1848156241,1817457808,LC17,LC17,LC17,LC17,3
1848156241,1817457847,LC17,LC17,LC17,LC17,3
1848156241,1817457984,LC17,LC17,LC17,LC17,3
1848156241,1817457987,LC17,LC17,LC17,LC17,3
1848156241,1817463007,LC17,LC17,LC17,LC17,2
1848156241,1817785682,LC17,LC17,LC17,LC17,2
1848156241,1817790176,LC17,LC17,LC17,LC17,2
1848156241,1817790409,LC17,LC17(lVLPT7)_R,LC17,LC17,2
1848156241,1818473569,LC17,LC17,LC17,LC17,2
1848156241,1847806275,LC17,LC17,LC17,LC17,3
1848156241,1848151571,LC17,LC17(lVLPT7)_R,LC17,LC17,3
1848156241,1848151877,LC17,LC17,LC17,LC17,2
1848156241,1848492714,LC17,LC17,LC17,LC17,4
1848156241,1848496662,LC17,LC17,LC17,LC17,2
1848156241,1848506334,LC17,NA,LC17,NA,4
1848156241,1848837843,LC17,LC17,LC17,LC17,2
1848156241,1849174879,LC17,LC17(lVLPT7)_R,LC17,LC17,2
1848156241,1849178917,LC17,LC17,LC17,LC17,2
1848156241,1849183960,LC17,LC17(lVLPT7)_R,LC17,LC17,2
1848156241,1849507321,LC17,LC17,LC17,LC17,2
1848156241,1849520324,LC17,LC17,LC17,LC17,2
1848156241,1875460978,LC17,LC17,LC17,LC17,2
1848156241,1876820783,LC17,LC17,LC17,LC17,2
1848156241,1878845226,LC17,LC17,LC17,LC17,3
1848156241,1879519066,LC17,LC17,LC17,LC17,3
1848156241,1880887003,LC17,LC17,LC17,LC17,2
1848156241,1910912227,LC17,NA,LC17,NA,2
1848156241,1911926378,LC17,NA,LC17,NA,2
1848156241,1912603791,LC17,NA,LC17,NA,2
1848156241,1939904964,LC17,LC17,LC17,LC17,2
1848156241,1942266334,LC17,NA,LC17,NA,2
1848156241,1942279336,LC17,NA,LC17,NA,2
1848156241,1972986174,LC17,NA,LC17,NA,2
1848156241,2035742338,LC17,NA,LC17,NA,3
1848156241,2065758425,LC17,NA,LC17,NA,2
1848156241,2097816617,LC17,NA,LC17,NA,2
1848156241,2097816637,LC17,NA,LC17,NA,2
1848156241,5812991769,LC17,LC17,LC17,LC17,2
1848156241,5812992219,LC17,LC17,LC17,LC17,2
1848156241,5812992468,LC17,LC17,LC17,LC17,2
1848156241,5812998833,LC17,LC17,LC17,LC17,2
1848156241,5813017315,LC17,AVLP479_R,LC17,AVLP479,11
1848156241,5813039148,LC17,PVLP011_R,LC17,PVLP011,41
1848156241,5813057178,LC17,PVLP136_R,LC17,PVLP136,4
1848156241,5813057579,LC17,AVLP538_R,LC17,AVLP538,13
1848156241,5813060163,LC17,LC17,LC17,LC17,4
1848156241,5813076492,LC17,LC17,LC17,LC17,2
1848156241,5813077633,LC17,AVLP479_R,LC17,AVLP479,10
1848483949,447228814,LC17(lVLPT4)_R,PVLP106_R,LC17,PVLP106,37
1848483949,1068885266,LC17(lVLPT4)_R,PVLP151(SCB004)_R,LC17,PVLP151,7
1848483949,1189567690,LC17(lVLPT4)_R,LC17,LC17,LC17,3
1848483949,1190250299,LC17(lVLPT4)_R,LC17,LC17,LC17,2
1848483949,1219592090,LC17(lVLPT4)_R,LC17(lVLPT7)_R,LC17,LC17,2
1848483949,1250277991,LC17(lVLPT4)_R,LC17,LC17,LC17,3
1848483949,1321305370,LC17(lVLPT4)_R,PVLP061_R,LC17,PVLP061,71
1848483949,1345079276,LC17(lVLPT4)_R,LC17,LC17,LC17,2
1848483949,1354394414,LC17(lVLPT4)_R,PVLP120_R,LC17,PVLP120,14
1848483949,1374063129,LC17(lVLPT4)_R,PVLP132_R,LC17,PVLP132,12
1848483949,1381997776,LC17(lVLPT4)_R,PVLP071_R,LC17,PVLP071,2
1848483949,1382308349,LC17(lVLPT4)_R,PVLP071_R,LC17,PVLP071,4
1848483949,1435791739,LC17(lVLPT4)_R,PVLP132_R,LC17,PVLP132,11
1848483949,1435822283,LC17(lVLPT4)_R,LC17,LC17,LC17,3
1848483949,1449486007,LC17(lVLPT4)_R,AVLP537_R,LC17,AVLP537,7
1848483949,1479147574,LC17(lVLPT4)_R,PVLP072_R,LC17,PVLP072,6
1848483949,1479492693,LC17(lVLPT4)_R,PVLP072_R,LC17,PVLP072,3
1848483949,1497200791,LC17(lVLPT4)_R,LC17,LC17,LC17,2
1848483949,1504428248,LC17(lVLPT4)_R,PVLP075_R,LC17,PVLP075,2
1848483949,1508123633,LC17(lVLPT4)_R,PVLP018_R,LC17,PVLP018,6
1848483949,1535082316,LC17(lVLPT4)_R,PVLP135_R,LC17,PVLP135,16
1848483949,1535086505,LC17(lVLPT4)_R,PVLP135_R,LC17,PVLP135,21
1848483949,1565729476,LC17(lVLPT4)_R,LC17,LC17,LC17,2
1848483949,1601227987,LC17(lVLPT4)_R,AVLP552_R,LC17,AVLP552,2
1848483949,1603645798,LC17(lVLPT4)_R,PVLP072_R,LC17,PVLP072,15
1848483949,1621008677,LC17(lVLPT4)_R,LC17,LC17,LC17,3
1848483949,1628528573,LC17(lVLPT4)_R,LC17,LC17,LC17,2
1848483949,1630342162,LC17(lVLPT4)_R,PVLP036_R,LC17,PVLP036,6
1848483949,1687831632,LC17(lVLPT4)_R,LC17,LC17,LC17,2
1848483949,1689200671,LC17(lVLPT4)_R,LC17,LC17,LC17,3
1848483949,1690694192,LC17(lVLPT4)_R,PVLP036_R,LC17,PVLP036,12
1848483949,1695693354,LC17(lVLPT4)_R,PVLP072_R,LC17,PVLP072,4
1848483949,1719928105,LC17(lVLPT4)_R,LC17,LC17,LC17,2
1848483949,1724345210,LC17(lVLPT4)_R,NA,LC17,NA,2
1848483949,1747181914,LC17(lVLPT4)_R,LC17,LC17,LC17,3
1848483949,1751262627,LC17(lVLPT4)_R,LC17,LC17,LC17,2
1848483949,1751666374,LC17(lVLPT4)_R,LC17,LC17,LC17,2
1848483949,1752672460,LC17(lVLPT4)_R,LC17,LC17,LC17,2
1848483949,1753670596,LC17(lVLPT4)_R,LC17(lVLPT4)_R,LC17,LC17,2
1848483949,1807572051,LC17(lVLPT4)_R,LC17,LC17,LC17,3
1848483949,1813382259,LC17(lVLPT4)_R,LC17(lVLPT7)_R,LC17,LC17,3
1848483949,1814060070,LC17(lVLPT4)_R,LC17,LC17,LC17,2
1848483949,1817108009,LC17(lVLPT4)_R,LC17,LC17,LC17,2
1848483949,1817112807,LC17(lVLPT4)_R,LC17(lVLPT4)_R,LC17,LC17,2
1848483949,1817112855,LC17(lVLPT4)_R,LC17,LC17,LC17,5
1848483949,1817444315,LC17(lVLPT4)_R,LC17(lVLPT7)_R,LC17,LC17,4
1848483949,1817444670,LC17(lVLPT4)_R,LC17(lVLPT7)_R,LC17,LC17,2
1848483949,1817449229,LC17(lVLPT4)_R,LC17,LC17,LC17,4
1848483949,1817449236,LC17(lVLPT4)_R,LC17,LC17,LC17,2
1848483949,1817449375,LC17(lVLPT4)_R,LC17,LC17,LC17,2
1848483949,1817453257,LC17(lVLPT4)_R,LC17,LC17,LC17,2
1848483949,1817453557,LC17(lVLPT4)_R,LC17(lVLPT4)_R,LC17,LC17,3
1848483949,1817457847,LC17(lVLPT4)_R,LC17,LC17,LC17,3
1848483949,1817794820,LC17(lVLPT4)_R,LC17(lVLPT7)_R,LC17,LC17,2
1848483949,1818136404,LC17(lVLPT4)_R,LC17,LC17,LC17,4
1848483949,1848151236,LC17(lVLPT4)_R,LC17,LC17,LC17,4
1848483949,1848492258,LC17(lVLPT4)_R,LC17,LC17,LC17,2
1848483949,1848492714,LC17(lVLPT4)_R,LC17,LC17,LC17,2
1848483949,1848824817,LC17(lVLPT4)_R,LC17,LC17,LC17,3
1848483949,1848828925,LC17(lVLPT4)_R,LC17(lVLPT7)_R,LC17,LC17,3
1848483949,1849161407,LC17(lVLPT4)_R,LC17,LC17,LC17,2
1848483949,1849178917,LC17(lVLPT4)_R,LC17,LC17,LC17,2
1848483949,1875124235,LC17(lVLPT4)_R,LC17,LC17,LC17,2
1848483949,1879519066,LC17(lVLPT4)_R,LC17,LC17,LC17,2
1848483949,1880887003,LC17(lVLPT4)_R,LC17,LC17,LC17,2
1848483949,1908865507,LC17(lVLPT4)_R,LC17,LC17,LC17,3
1848483949,1911257569,LC17(lVLPT4)_R,NA,LC17,NA,2
1848483949,1973987676,LC17(lVLPT4)_R,NA,LC17,NA,2
1848483949,1974337187,LC17(lVLPT4)_R,NA,LC17,NA,2
1848483949,1974682390,LC17(lVLPT4)_R,LC17(lVLPT7)_R,LC17,LC17,4
1848483949,2004012518,LC17(lVLPT4)_R,NA,LC17,NA,2
1848483949,2029624973,LC17(lVLPT4)_R,LC17,LC17,LC17,3
1848483949,2066099656,LC17(lVLPT4)_R,NA,LC17,NA,4
1848483949,2066440629,LC17(lVLPT4)_R,NA,LC17,NA,2
1848483949,2067791706,LC17(lVLPT4)_R,NA,LC17,NA,2
1848483949,2245501457,LC17(lVLPT4)_R,LC17,LC17,LC17,2
1848483949,5812991769,LC17(lVLPT4)_R,LC17,LC17,LC17,2
1848483949,5812992219,LC17(lVLPT4)_R,LC17,LC17,LC17,2
1848483949,5812993994,LC17(lVLPT4)_R,LC17,LC17,LC17,2
1848483949,5812999009,LC17(lVLPT4)_R,LC17(lVLPT4)_R,LC17,LC17,2
1848483949,5813038679,LC17(lVLPT4)_R,LC17,LC17,LC17,2
1848483949,5813039148,LC17(lVLPT4)_R,PVLP011_R,LC17,PVLP011,48
1848483949,5813039410,LC17(lVLPT4)_R,LC17,LC17,LC17,3
1848483949,5813057579,LC17(lVLPT4)_R,AVLP538_R,LC17,AVLP538,11
1848483949,5813077633,LC17(lVLPT4)_R,AVLP479_R,LC17,AVLP479,7
1848483949,5813080260,LC17(lVLPT4)_R,AVLP153_R,LC17,AVLP153,2
1848492258,447228814,LC17,PVLP106_R,LC17,PVLP106,41
1848492258,1068885266,LC17,PVLP151(SCB004)_R,LC17,PVLP151,5
1848492258,1070950293,LC17,PVLP151(SCB004)_R,LC17,PVLP151,3
1848492258,1158877783,LC17,LC17,LC17,LC17,3
1848492258,1190250299,LC17,LC17,LC17,LC17,4
1848492258,1219592090,LC17,LC17(lVLPT7)_R,LC17,LC17,3
1848492258,1321305370,LC17,PVLP061_R,LC17,PVLP061,62
1848492258,1354394414,LC17,PVLP120_R,LC17,PVLP120,9
1848492258,1374063129,LC17,PVLP132_R,LC17,PVLP132,11
1848492258,1405788552,LC17,LC17,LC17,LC17,3
1848492258,1435791739,LC17,PVLP132_R,LC17,PVLP132,7
1848492258,1449486007,LC17,AVLP537_R,LC17,AVLP537,5
1848492258,1479147574,LC17,PVLP072_R,LC17,PVLP072,12
1848492258,1479492693,LC17,PVLP072_R,LC17,PVLP072,3
1848492258,1508123633,LC17,PVLP018_R,LC17,PVLP018,7
1848492258,1534694621,LC17,LC17,LC17,LC17,2
1848492258,1535082316,LC17,PVLP135_R,LC17,PVLP135,19
1848492258,1535086505,LC17,PVLP135_R,LC17,PVLP135,13
1848492258,1565729476,LC17,LC17,LC17,LC17,2
1848492258,1593012939,LC17,LC17,LC17,LC17,2
1848492258,1603645798,LC17,PVLP072_R,LC17,PVLP072,5
1848492258,1603957106,LC17,AVLP409_R,LC17,AVLP409,5
1848492258,1628528573,LC17,LC17,LC17,LC17,3
1848492258,1630342162,LC17,PVLP036_R,LC17,PVLP036,11
1848492258,1663639752,LC17,NA,LC17,NA,4
1848492258,1690694192,LC17,PVLP036_R,LC17,PVLP036,10
1848492258,1690698128,LC17,PVLP036_R,LC17,PVLP036,2
1848492258,1720105182,LC17,NA,LC17,NA,3
1848492258,1752672460,LC17,LC17,LC17,LC17,3
1848492258,1781333405,LC17,LC17,LC17,LC17,2
1848492258,1783690466,LC17,LC17,LC17,LC17,2
1848492258,1814031575,LC17,LC17,LC17,LC17,2
1848492258,1814410124,LC17,LC17,LC17,LC17,2
1848492258,1814729223,LC17,LC17(lVLPT7)_R,LC17,LC17,2
1848492258,1817444315,LC17,LC17(lVLPT7)_R,LC17,LC17,2
1848492258,1817444670,LC17,LC17(lVLPT7)_R,LC17,LC17,3
1848492258,1817448971,LC17,LC17,LC17,LC17,3
1848492258,1817449229,LC17,LC17,LC17,LC17,3
1848492258,1817449236,LC17,LC17,LC17,LC17,2
1848492258,1817452948,LC17,LC17,LC17,LC17,2
1848492258,1817457987,LC17,LC17,LC17,LC17,2
1848492258,1817458164,LC17,LC17,LC17,LC17,3
1848492258,1817794820,LC17,LC17(lVLPT7)_R,LC17,LC17,2
1848492258,1818136404,LC17,LC17,LC17,LC17,2
1848492258,1848483949,LC17,LC17(lVLPT4)_R,LC17,LC17,2
1848492258,1848496662,LC17,LC17,LC17,LC17,2
1848492258,1848820426,LC17,LC17(lVLPT7)_R,LC17,LC17,4
1848492258,1849161220,LC17,LC17,LC17,LC17,2
1848492258,1849165678,LC17,NA,LC17,NA,2
1848492258,1849503142,LC17,LC17,LC17,LC17,3
1848492258,1849507321,LC17,LC17,LC17,LC17,3
1848492258,1875460978,LC17,LC17,LC17,LC17,2
1848492258,1876820783,LC17,LC17,LC17,LC17,2
1848492258,1878845629,LC17,LC17,LC17,LC17,2
1848492258,1879518604,LC17,NA,LC17,NA,2
1848492258,1880887003,LC17,LC17,LC17,LC17,2
1848492258,1911934934,LC17,NA,LC17,NA,3
1848492258,1941260378,LC17,NA,LC17,NA,2
1848492258,2003684409,LC17,NA,LC17,NA,3
1848492258,2096456606,LC17,NA,LC17,NA,2
1848492258,5812988086,LC17,LC17,LC17,LC17,2
1848492258,5812992219,LC17,LC17,LC17,LC17,2
1848492258,5813017315,LC17,AVLP479_R,LC17,AVLP479,13
1848492258,5813034336,LC17,LC17(lVLPT4)_R,LC17,LC17,6
1848492258,5813039148,LC17,PVLP011_R,LC17,PVLP011,49
1848492258,5813057178,LC17,PVLP136_R,LC17,PVLP136,2
1848492258,5813057579,LC17,AVLP538_R,LC17,AVLP538,18
1848492258,5813077633,LC17,AVLP479_R,LC17,AVLP479,9
1848492714,447228814,LC17,PVLP106_R,LC17,PVLP106,40
1848492714,1068885266,LC17,PVLP151(SCB004)_R,LC17,PVLP151,4
1848492714,1158877703,LC17,LC17(lVLPT4)_R,LC17,LC17,2
1848492714,1158877783,LC17,LC17,LC17,LC17,7
1848492714,1189567690,LC17,LC17,LC17,LC17,3
1848492714,1221280490,LC17,LC17(lVLPT7)_R,LC17,LC17,2
1848492714,1313702895,LC17,LC17,LC17,LC17,2
1848492714,1321305370,LC17,PVLP061_R,LC17,PVLP061,71
1848492714,1347126097,LC17,LC17,LC17,LC17,3
1848492714,1348153557,LC17,LC17,LC17,LC17,4
1848492714,1354394414,LC17,PVLP120_R,LC17,PVLP120,2
1848492714,1374063129,LC17,PVLP132_R,LC17,PVLP132,10
1848492714,1381997776,LC17,PVLP071_R,LC17,PVLP071,3
1848492714,1382308349,LC17,PVLP071_R,LC17,PVLP071,3
1848492714,1435791739,LC17,PVLP132_R,LC17,PVLP132,15
1848492714,1437165487,LC17,LC17,LC17,LC17,2
1848492714,1449486007,LC17,AVLP537_R,LC17,AVLP537,6
1848492714,1467859487,LC17,LC17,LC17,LC17,2
1848492714,1471607030,LC17,LC17,LC17,LC17,3
1848492714,1479147574,LC17,PVLP072_R,LC17,PVLP072,15
1848492714,1479492693,LC17,PVLP072_R,LC17,PVLP072,2
1848492714,1508123633,LC17,PVLP018_R,LC17,PVLP018,8
1848492714,1512232956,LC17,AVLP135_R,LC17,AVLP135,2
1848492714,1535082316,LC17,PVLP135_R,LC17,PVLP135,9
1848492714,1535086505,LC17,PVLP135_R,LC17,PVLP135,24
1848492714,1561301125,LC17,LC17,LC17,LC17,2
1848492714,1601227987,LC17,AVLP552_R,LC17,AVLP552,4
1848492714,1603645798,LC17,PVLP072_R,LC17,PVLP072,5
1848492714,1603957106,LC17,AVLP409_R,LC17,AVLP409,2
1848492714,1621008677,LC17,LC17,LC17,LC17,2
1848492714,1628528573,LC17,LC17,LC17,LC17,4
1848492714,1630342162,LC17,PVLP036_R,LC17,PVLP036,15
1848492714,1689187126,LC17,LC17,LC17,LC17,2
1848492714,1689915765,LC17,LC17,LC17,LC17,2
1848492714,1690694192,LC17,PVLP036_R,LC17,PVLP036,6
1848492714,1690698128,LC17,PVLP036_R,LC17,PVLP036,3
1848492714,1695693354,LC17,PVLP072_R,LC17,PVLP072,6
1848492714,1719928105,LC17,LC17,LC17,LC17,4
1848492714,1720105182,LC17,NA,LC17,NA,2
1848492714,1722307233,LC17,LC17(lVLPT7)_R,LC17,LC17,2
1848492714,1747181914,LC17,LC17,LC17,LC17,2
1848492714,1747518018,LC17,LC17,LC17,LC17,4
1848492714,1783361972,LC17,LC17,LC17,LC17,2
1848492714,1783690466,LC17,LC17,LC17,LC17,2
1848492714,1812363713,LC17,LC17,LC17,LC17,2
1848492714,1814031575,LC17,LC17,LC17,LC17,2
1848492714,1814729223,LC17,LC17(lVLPT7)_R,LC17,LC17,2
1848492714,1817107934,LC17,LC17,LC17,LC17,3
1848492714,1817108009,LC17,LC17,LC17,LC17,5
1848492714,1817444315,LC17,LC17(lVLPT7)_R,LC17,LC17,2
1848492714,1817448971,LC17,LC17,LC17,LC17,2
1848492714,1817449229,LC17,LC17,LC17,LC17,2
1848492714,1817452948,LC17,LC17,LC17,LC17,2
1848492714,1817453065,LC17,LC17,LC17,LC17,2
1848492714,1817453557,LC17,LC17(lVLPT4)_R,LC17,LC17,3
1848492714,1817457808,LC17,LC17,LC17,LC17,2
1848492714,1817457847,LC17,LC17,LC17,LC17,2
1848492714,1817458164,LC17,LC17,LC17,LC17,2
1848492714,1817790176,LC17,LC17,LC17,LC17,2
1848492714,1817790222,LC17,LC17,LC17,LC17,2
1848492714,1817790281,LC17,LC17(lVLPT4)_R,LC17,LC17,3
1848492714,1818136404,LC17,LC17,LC17,LC17,3
1848492714,1844421716,LC17,LC17,LC17,LC17,3
1848492714,1848151236,LC17,LC17,LC17,LC17,2
1848492714,1848151571,LC17,LC17(lVLPT7)_R,LC17,LC17,2
1848492714,1848151618,LC17,NA,LC17,NA,3
1848492714,1848151877,LC17,LC17,LC17,LC17,3
1848492714,1848156241,LC17,LC17,LC17,LC17,3
1848492714,1849161407,LC17,LC17,LC17,LC17,3
1848492714,1849174879,LC17,LC17(lVLPT7)_R,LC17,LC17,2
1848492714,1849183960,LC17,LC17(lVLPT7)_R,LC17,LC17,2
1848492714,1849507321,LC17,LC17,LC17,LC17,2
1848492714,1849520324,LC17,LC17,LC17,LC17,2
1848492714,1875124235,LC17,LC17,LC17,LC17,2
1848492714,1876820783,LC17,LC17,LC17,LC17,2
1848492714,1879226079,LC17,NA,LC17,NA,6
1848492714,1910574891,LC17,NA,LC17,NA,2
1848492714,1941942728,LC17,NA,LC17,NA,2
1848492714,2003338800,LC17,NA,LC17,NA,4
1848492714,2035064327,LC17,NA,LC17,NA,2
1848492714,2245501457,LC17,LC17,LC17,LC17,2
1848492714,5812991769,LC17,LC17,LC17,LC17,4
1848492714,5812992468,LC17,LC17,LC17,LC17,2
1848492714,5812998833,LC17,LC17,LC17,LC17,3
1848492714,5813017315,LC17,AVLP479_R,LC17,AVLP479,5
1848492714,5813038679,LC17,LC17,LC17,LC17,2
1848492714,5813039148,LC17,PVLP011_R,LC17,PVLP011,40
1848492714,5813039410,LC17,LC17,LC17,LC17,2
1848492714,5813040277,LC17,PVLP115_R,LC17,PVLP115,3
1848492714,5813057178,LC17,PVLP136_R,LC17,PVLP136,3
1848492714,5813057579,LC17,AVLP538_R,LC17,AVLP538,19
1848492714,5813077633,LC17,AVLP479_R,LC17,AVLP479,8
1848492714,5813080260,LC17,AVLP153_R,LC17,AVLP153,5
1848496662,447228814,LC17,PVLP106_R,LC17,PVLP106,49
1848496662,1068885266,LC17,PVLP151(SCB004)_R,LC17,PVLP151,9
1848496662,1219592090,LC17,LC17(lVLPT7)_R,LC17,LC17,2
1848496662,1250277991,LC17,LC17,LC17,LC17,2
1848496662,1313702895,LC17,LC17,LC17,LC17,2
1848496662,1321305370,LC17,PVLP061_R,LC17,PVLP061,61
1848496662,1354394414,LC17,PVLP120_R,LC17,PVLP120,5
1848496662,1374063129,LC17,PVLP132_R,LC17,PVLP132,15
1848496662,1381997776,LC17,PVLP071_R,LC17,PVLP071,4
1848496662,1382308349,LC17,PVLP071_R,LC17,PVLP071,6
1848496662,1435791739,LC17,PVLP132_R,LC17,PVLP132,7
1848496662,1437165487,LC17,LC17,LC17,LC17,3
1848496662,1449486007,LC17,AVLP537_R,LC17,AVLP537,15
1848496662,1472965897,LC17,LC17,LC17,LC17,2
1848496662,1473332777,LC17,LC17(lVLPT7)_R,LC17,LC17,3
1848496662,1479147574,LC17,PVLP072_R,LC17,PVLP072,11
1848496662,1508123633,LC17,PVLP018_R,LC17,PVLP018,2
1848496662,1530606252,LC17,LC17(lVLPT7)_R,LC17,LC17,2
1848496662,1534694621,LC17,LC17,LC17,LC17,4
1848496662,1535082316,LC17,PVLP135_R,LC17,PVLP135,20
1848496662,1535086505,LC17,PVLP135_R,LC17,PVLP135,18
1848496662,1539496112,LC17,PVLP073_R,LC17,PVLP073,3
1848496662,1561301125,LC17,LC17,LC17,LC17,2
1848496662,1562707421,LC17,LC17(lVLPT7)_R,LC17,LC17,2
1848496662,1589972966,LC17,LC17(lVLPT4)_R,LC17,LC17,3
1848496662,1603645798,LC17,PVLP072_R,LC17,PVLP072,10
1848496662,1603957106,LC17,AVLP409_R,LC17,AVLP409,4
1848496662,1628528573,LC17,LC17,LC17,LC17,2
1848496662,1630342162,LC17,PVLP036_R,LC17,PVLP036,18
1848496662,1663639752,LC17,NA,LC17,NA,2
1848496662,1689239035,LC17,LC17,LC17,LC17,3
1848496662,1690694192,LC17,PVLP036_R,LC17,PVLP036,11
1848496662,1690917721,LC17,LC17,LC17,LC17,2
1848496662,1695693354,LC17,PVLP072_R,LC17,PVLP072,3
1848496662,1714791446,LC17,LC17,LC17,LC17,2
1848496662,1719928105,LC17,LC17,LC17,LC17,2
1848496662,1724345210,LC17,NA,LC17,NA,3
1848496662,1747181914,LC17,LC17,LC17,LC17,2
1848496662,1783690466,LC17,LC17,LC17,LC17,3
1848496662,1813028777,LC17,LC17,LC17,LC17,2
1848496662,1813382259,LC17,LC17(lVLPT7)_R,LC17,LC17,2
1848496662,1814031575,LC17,LC17,LC17,LC17,2
1848496662,1814055949,LC17,LC17,LC17,LC17,2
1848496662,1814060070,LC17,LC17,LC17,LC17,2
1848496662,1814729788,LC17,LC17,LC17,LC17,4
1848496662,1817112807,LC17,LC17(lVLPT4)_R,LC17,LC17,2
1848496662,1817113079,LC17,LC17,LC17,LC17,3
1848496662,1817444555,LC17,LC17,LC17,LC17,4
1848496662,1817448659,LC17,LC17,LC17,LC17,2
1848496662,1817449229,LC17,LC17,LC17,LC17,2
1848496662,1817449236,LC17,LC17,LC17,LC17,3
1848496662,1817452948,LC17,LC17,LC17,LC17,3
1848496662,1817453257,LC17,LC17,LC17,LC17,3
1848496662,1817457808,LC17,LC17,LC17,LC17,2
1848496662,1817457984,LC17,LC17,LC17,LC17,2
1848496662,1817457987,LC17,LC17,LC17,LC17,2
1848496662,1817463007,LC17,LC17,LC17,LC17,2
1848496662,1817790409,LC17,LC17(lVLPT7)_R,LC17,LC17,5
1848496662,1817799390,LC17,LC17,LC17,LC17,2
1848496662,1818131769,LC17,NA,LC17,NA,2
1848496662,1818473569,LC17,LC17,LC17,LC17,4
1848496662,1848151877,LC17,LC17,LC17,LC17,2
1848496662,1848820325,LC17,NA,LC17,NA,2
1848496662,1848837843,LC17,LC17,LC17,LC17,3
1848496662,1880209425,LC17,LC17(lVLPT7)_R,LC17,LC17,2
1848496662,1941938244,LC17,NA,LC17,NA,2
1848496662,1942642301,LC17,NA,LC17,NA,2
1848496662,1974682390,LC17,LC17(lVLPT7)_R,LC17,LC17,2
1848496662,2004038204,LC17,NA,LC17,NA,3
1848496662,2004038208,LC17,NA,LC17,NA,2
1848496662,2036078792,LC17,NA,LC17,NA,2
1848496662,5812991769,LC17,LC17,LC17,LC17,3
1848496662,5812992468,LC17,LC17,LC17,LC17,2
1848496662,5812993994,LC17,LC17,LC17,LC17,4
1848496662,5812999009,LC17,LC17(lVLPT4)_R,LC17,LC17,2
1848496662,5813017315,LC17,AVLP479_R,LC17,AVLP479,6
1848496662,5813038679,LC17,LC17,LC17,LC17,4
1848496662,5813039148,LC17,PVLP011_R,LC17,PVLP011,52
1848496662,5813057579,LC17,AVLP538_R,LC17,AVLP538,5
1848496662,5813077633,LC17,AVLP479_R,LC17,AVLP479,8
1848496662,5813080260,LC17,AVLP153_R,LC17,AVLP153,7
1848820426,447228814,LC17(lVLPT7)_R,PVLP106_R,LC17,PVLP106,38
1848820426,1068885266,LC17(lVLPT7)_R,PVLP151(SCB004)_R,LC17,PVLP151,4
1848820426,1158877703,LC17(lVLPT7)_R,LC17(lVLPT4)_R,LC17,LC17,3
1848820426,1189567690,LC17(lVLPT7)_R,LC17,LC17,LC17,2
1848820426,1190250299,LC17(lVLPT7)_R,LC17,LC17,LC17,3
1848820426,1221285175,LC17(lVLPT7)_R,LC17,LC17,LC17,4
1848820426,1250277991,LC17(lVLPT7)_R,LC17,LC17,LC17,2
1848820426,1321305370,LC17(lVLPT7)_R,PVLP061_R,LC17,PVLP061,68
1848820426,1354394414,LC17(lVLPT7)_R,PVLP120_R,LC17,PVLP120,12
1848820426,1374063129,LC17(lVLPT7)_R,PVLP132_R,LC17,PVLP132,10
1848820426,1381997776,LC17(lVLPT7)_R,PVLP071_R,LC17,PVLP071,8
1848820426,1382308349,LC17(lVLPT7)_R,PVLP071_R,LC17,PVLP071,5
1848820426,1435791739,LC17(lVLPT7)_R,PVLP132_R,LC17,PVLP132,10
1848820426,1435822283,LC17(lVLPT7)_R,LC17,LC17,LC17,3
1848820426,1449486007,LC17(lVLPT7)_R,AVLP537_R,LC17,AVLP537,9
1848820426,1479147574,LC17(lVLPT7)_R,PVLP072_R,LC17,PVLP072,4
1848820426,1479492693,LC17(lVLPT7)_R,PVLP072_R,LC17,PVLP072,4
1848820426,1508123633,LC17(lVLPT7)_R,PVLP018_R,LC17,PVLP018,4
1848820426,1528577476,LC17(lVLPT7)_R,LC17,LC17,LC17,3
1848820426,1535082316,LC17(lVLPT7)_R,PVLP135_R,LC17,PVLP135,24
1848820426,1535086505,LC17(lVLPT7)_R,PVLP135_R,LC17,PVLP135,9
1848820426,1563355501,LC17(lVLPT7)_R,LC17,LC17,LC17,2
1848820426,1603645798,LC17(lVLPT7)_R,PVLP072_R,LC17,PVLP072,3
1848820426,1628528573,LC17(lVLPT7)_R,LC17,LC17,LC17,3
1848820426,1630342162,LC17(lVLPT7)_R,PVLP036_R,LC17,PVLP036,5
1848820426,1684443103,LC17(lVLPT7)_R,LC17,LC17,LC17,2
1848820426,1687831632,LC17(lVLPT7)_R,LC17,LC17,LC17,2
1848820426,1689239035,LC17(lVLPT7)_R,LC17,LC17,LC17,2
1848820426,1690694192,LC17(lVLPT7)_R,PVLP036_R,LC17,PVLP036,7
1848820426,1695693354,LC17(lVLPT7)_R,PVLP072_R,LC17,PVLP072,2
1848820426,1720105182,LC17(lVLPT7)_R,NA,LC17,NA,2
1848820426,1748187330,LC17(lVLPT7)_R,LC17,LC17,LC17,3
1848820426,1752672460,LC17(lVLPT7)_R,LC17,LC17,LC17,2
1848820426,1752962124,LC17(lVLPT7)_R,LC17,LC17,LC17,2
1848820426,1754019541,LC17(lVLPT7)_R,LC17,LC17,LC17,3
1848820426,1808241116,LC17(lVLPT7)_R,LC17,LC17,LC17,2
1848820426,1812696567,LC17(lVLPT7)_R,LC17,LC17,LC17,2
1848820426,1813382259,LC17(lVLPT7)_R,LC17(lVLPT7)_R,LC17,LC17,2
1848820426,1814055949,LC17(lVLPT7)_R,LC17,LC17,LC17,2
1848820426,1814060070,LC17(lVLPT7)_R,LC17,LC17,LC17,2
1848820426,1817112807,LC17(lVLPT7)_R,LC17(lVLPT4)_R,LC17,LC17,2
1848820426,1817444670,LC17(lVLPT7)_R,LC17(lVLPT7)_R,LC17,LC17,3
1848820426,1817448921,LC17(lVLPT7)_R,LC17,LC17,LC17,2
1848820426,1817448971,LC17(lVLPT7)_R,LC17,LC17,LC17,3
1848820426,1817449229,LC17(lVLPT7)_R,LC17,LC17,LC17,4
1848820426,1817449375,LC17(lVLPT7)_R,LC17,LC17,LC17,2
1848820426,1817452948,LC17(lVLPT7)_R,LC17,LC17,LC17,2
1848820426,1817453257,LC17(lVLPT7)_R,LC17,LC17,LC17,2
1848820426,1817457808,LC17(lVLPT7)_R,LC17,LC17,LC17,2
1848820426,1817457984,LC17(lVLPT7)_R,LC17,LC17,LC17,2
1848820426,1817463007,LC17(lVLPT7)_R,LC17,LC17,LC17,2
1848820426,1817785682,LC17(lVLPT7)_R,LC17,LC17,LC17,2
1848820426,1817790222,LC17(lVLPT7)_R,LC17,LC17,LC17,2
1848820426,1817790409,LC17(lVLPT7)_R,LC17(lVLPT7)_R,LC17,LC17,2
1848820426,1818122205,LC17(lVLPT7)_R,LC17,LC17,LC17,3
1848820426,1844421716,LC17(lVLPT7)_R,LC17,LC17,LC17,2
1848820426,1848151877,LC17(lVLPT7)_R,LC17,LC17,LC17,2
1848820426,1849161220,LC17(lVLPT7)_R,LC17,LC17,LC17,4
1848820426,1849161280,LC17(lVLPT7)_R,NA,LC17,NA,2
1848820426,1849174879,LC17(lVLPT7)_R,LC17(lVLPT7)_R,LC17,LC17,3
1848820426,1849178917,LC17(lVLPT7)_R,LC17,LC17,LC17,2
1848820426,1849179266,LC17(lVLPT7)_R,LC17,LC17,LC17,2
1848820426,1849502810,LC17(lVLPT7)_R,NA,LC17,NA,2
1848820426,1875124235,LC17(lVLPT7)_R,LC17,LC17,LC17,2
1848820426,1878845762,LC17(lVLPT7)_R,NA,LC17,NA,2
1848820426,1879226079,LC17(lVLPT7)_R,NA,LC17,NA,2
1848820426,1881215402,LC17(lVLPT7)_R,NA,LC17,NA,4
1848820426,1974682390,LC17(lVLPT7)_R,LC17(lVLPT7)_R,LC17,LC17,2
1848820426,2097129738,LC17(lVLPT7)_R,NA,LC17,NA,2
1848820426,5812998833,LC17(lVLPT7)_R,LC17,LC17,LC17,3
1848820426,5813017315,LC17(lVLPT7)_R,AVLP479_R,LC17,AVLP479,10
1848820426,5813039148,LC17(lVLPT7)_R,PVLP011_R,LC17,PVLP011,42
1848820426,5813039410,LC17(lVLPT7)_R,LC17,LC17,LC17,3
1848820426,5813057579,LC17(lVLPT7)_R,AVLP538_R,LC17,AVLP538,10
1848820426,5813080260,LC17(lVLPT7)_R,AVLP153_R,LC17,AVLP153,2
1848824817,447228814,LC17,PVLP106_R,LC17,PVLP106,40
1848824817,912601209,LC17,PLP244(SCB010)_L,LC17,PLP244,2
1848824817,1068885266,LC17,PVLP151(SCB004)_R,LC17,PVLP151,3
1848824817,1158877783,LC17,LC17,LC17,LC17,3
1848824817,1189567690,LC17,LC17,LC17,LC17,3
1848824817,1321305370,LC17,PVLP061_R,LC17,PVLP061,65
1848824817,1345079276,LC17,LC17,LC17,LC17,2
1848824817,1354394414,LC17,PVLP120_R,LC17,PVLP120,12
1848824817,1374063129,LC17,PVLP132_R,LC17,PVLP132,14
1848824817,1381997776,LC17,PVLP071_R,LC17,PVLP071,2
1848824817,1382308349,LC17,PVLP071_R,LC17,PVLP071,5
1848824817,1435791739,LC17,PVLP132_R,LC17,PVLP132,12
1848824817,1449486007,LC17,AVLP537_R,LC17,AVLP537,2
1848824817,1471607030,LC17,LC17,LC17,LC17,2
1848824817,1473332777,LC17,LC17(lVLPT7)_R,LC17,LC17,2
1848824817,1473648518,LC17,LC17,LC17,LC17,3
1848824817,1477148598,LC17,PVLP075_R,LC17,PVLP075,6
1848824817,1479147574,LC17,PVLP072_R,LC17,PVLP072,13
1848824817,1479492693,LC17,PVLP072_R,LC17,PVLP072,3
1848824817,1504428248,LC17,PVLP075_R,LC17,PVLP075,2
1848824817,1508123633,LC17,PVLP018_R,LC17,PVLP018,3
1848824817,1528577476,LC17,LC17,LC17,LC17,2
1848824817,1535082316,LC17,PVLP135_R,LC17,PVLP135,12
1848824817,1535086505,LC17,PVLP135_R,LC17,PVLP135,12
1848824817,1603645798,LC17,PVLP072_R,LC17,PVLP072,7
1848824817,1603957106,LC17,AVLP409_R,LC17,AVLP409,3
1848824817,1630342162,LC17,PVLP036_R,LC17,PVLP036,14
1848824817,1655474822,LC17,LC17,LC17,LC17,2
1848824817,1663639752,LC17,NA,LC17,NA,2
1848824817,1690694192,LC17,PVLP036_R,LC17,PVLP036,11
1848824817,1690698128,LC17,PVLP036_R,LC17,PVLP036,4
1848824817,1714791446,LC17,LC17,LC17,LC17,2
1848824817,1719928105,LC17,LC17,LC17,LC17,2
1848824817,1722307233,LC17,LC17(lVLPT7)_R,LC17,LC17,3
1848824817,1751666374,LC17,LC17,LC17,LC17,3
1848824817,1776865370,LC17,LC17,LC17,LC17,3
1848824817,1781333405,LC17,LC17,LC17,LC17,2
1848824817,1783690466,LC17,LC17,LC17,LC17,3
1848824817,1812363713,LC17,LC17,LC17,LC17,4
1848824817,1817108009,LC17,LC17,LC17,LC17,4
1848824817,1817112807,LC17,LC17(lVLPT4)_R,LC17,LC17,5
1848824817,1817444555,LC17,LC17,LC17,LC17,2
1848824817,1817448659,LC17,LC17,LC17,LC17,2
1848824817,1817448971,LC17,LC17,LC17,LC17,2
1848824817,1817449236,LC17,LC17,LC17,LC17,3
1848824817,1817452948,LC17,LC17,LC17,LC17,2
1848824817,1817453065,LC17,LC17,LC17,LC17,2
1848824817,1817453557,LC17,LC17(lVLPT4)_R,LC17,LC17,2
1848824817,1817457984,LC17,LC17,LC17,LC17,2
1848824817,1817463007,LC17,LC17,LC17,LC17,3
1848824817,1817790281,LC17,LC17(lVLPT4)_R,LC17,LC17,2
1848824817,1817794820,LC17,LC17(lVLPT7)_R,LC17,LC17,2
1848824817,1817799390,LC17,LC17,LC17,LC17,2
1848824817,1818122205,LC17,LC17,LC17,LC17,7
1848824817,1818136404,LC17,LC17,LC17,LC17,2
1848824817,1818473569,LC17,LC17,LC17,LC17,2
1848824817,1848151236,LC17,LC17,LC17,LC17,2
1848824817,1848151571,LC17,LC17(lVLPT7)_R,LC17,LC17,3
1848824817,1848151877,LC17,LC17,LC17,LC17,2
1848824817,1848156241,LC17,LC17,LC17,LC17,3
1848824817,1848483616,LC17,NA,LC17,NA,4
1848824817,1848506334,LC17,NA,LC17,NA,2
1848824817,1848828925,LC17,LC17(lVLPT7)_R,LC17,LC17,4
1848824817,1849166071,LC17,LC17,LC17,LC17,2
1848824817,1849520324,LC17,LC17,LC17,LC17,3
1848824817,1875124235,LC17,LC17,LC17,LC17,2
1848824817,1910885825,LC17,NA,LC17,NA,4
1848824817,1941925010,LC17,NA,LC17,NA,2
1848824817,1974682390,LC17,LC17(lVLPT7)_R,LC17,LC17,2
1848824817,2003684278,LC17,NA,LC17,NA,2
1848824817,2029624973,LC17,LC17,LC17,LC17,3
1848824817,2035068662,LC17,NA,LC17,NA,2
1848824817,2096801969,LC17,NA,LC17,NA,2
1848824817,5813017315,LC17,AVLP479_R,LC17,AVLP479,7
1848824817,5813034336,LC17,LC17(lVLPT4)_R,LC17,LC17,2
1848824817,5813038918,LC17,LC17,LC17,LC17,2
1848824817,5813039148,LC17,PVLP011_R,LC17,PVLP011,52
1848824817,5813057178,LC17,PVLP136_R,LC17,PVLP136,2
1848824817,5813057579,LC17,AVLP538_R,LC17,AVLP538,11
1848824817,5813068239,LC17,LC17,LC17,LC17,3
1848824817,5813077633,LC17,AVLP479_R,LC17,AVLP479,4
1848824817,5813080260,LC17,AVLP153_R,LC17,AVLP153,2
1848828925,447228814,LC17(lVLPT7)_R,PVLP106_R,LC17,PVLP106,28
1848828925,1068885266,LC17(lVLPT7)_R,PVLP151(SCB004)_R,LC17,PVLP151,5
1848828925,1070950293,LC17(lVLPT7)_R,PVLP151(SCB004)_R,LC17,PVLP151,2
1848828925,1219592090,LC17(lVLPT7)_R,LC17(lVLPT7)_R,LC17,LC17,2
1848828925,1321305370,LC17(lVLPT7)_R,PVLP061_R,LC17,PVLP061,54
1848828925,1354394414,LC17(lVLPT7)_R,PVLP120_R,LC17,PVLP120,8
1848828925,1374063129,LC17(lVLPT7)_R,PVLP132_R,LC17,PVLP132,15
1848828925,1382308349,LC17(lVLPT7)_R,PVLP071_R,LC17,PVLP071,2
1848828925,1435791739,LC17(lVLPT7)_R,PVLP132_R,LC17,PVLP132,8
1848828925,1437165487,LC17(lVLPT7)_R,LC17,LC17,LC17,2
1848828925,1449486007,LC17(lVLPT7)_R,AVLP537_R,LC17,AVLP537,5
1848828925,1473332777,LC17(lVLPT7)_R,LC17(lVLPT7)_R,LC17,LC17,3
1848828925,1479147574,LC17(lVLPT7)_R,PVLP072_R,LC17,PVLP072,11
1848828925,1497200791,LC17(lVLPT7)_R,LC17,LC17,LC17,2
1848828925,1508123633,LC17(lVLPT7)_R,PVLP018_R,LC17,PVLP018,7
1848828925,1535082316,LC17(lVLPT7)_R,PVLP135_R,LC17,PVLP135,5
1848828925,1535086505,LC17(lVLPT7)_R,PVLP135_R,LC17,PVLP135,25
1848828925,1593012939,LC17(lVLPT7)_R,LC17,LC17,LC17,2
1848828925,1603645798,LC17(lVLPT7)_R,PVLP072_R,LC17,PVLP072,6
1848828925,1603957106,LC17(lVLPT7)_R,AVLP409_R,LC17,AVLP409,2
1848828925,1621008677,LC17(lVLPT7)_R,LC17,LC17,LC17,2
1848828925,1622360309,LC17(lVLPT7)_R,LC17,LC17,LC17,3
1848828925,1630342162,LC17(lVLPT7)_R,PVLP036_R,LC17,PVLP036,13
1848828925,1690694192,LC17(lVLPT7)_R,PVLP036_R,LC17,PVLP036,6
1848828925,1690698128,LC17(lVLPT7)_R,PVLP036_R,LC17,PVLP036,2
1848828925,1695693354,LC17(lVLPT7)_R,PVLP072_R,LC17,PVLP072,3
1848828925,1714791446,LC17(lVLPT7)_R,LC17,LC17,LC17,2
1848828925,1752672460,LC17(lVLPT7)_R,LC17,LC17,LC17,2
1848828925,1807572051,LC17(lVLPT7)_R,LC17,LC17,LC17,3
1848828925,1814031575,LC17(lVLPT7)_R,LC17,LC17,LC17,2
1848828925,1814410124,LC17(lVLPT7)_R,LC17,LC17,LC17,3
1848828925,1817108009,LC17(lVLPT7)_R,LC17,LC17,LC17,3
1848828925,1817112807,LC17(lVLPT7)_R,LC17(lVLPT4)_R,LC17,LC17,2
1848828925,1817113079,LC17(lVLPT7)_R,LC17,LC17,LC17,4
1848828925,1817449059,LC17(lVLPT7)_R,LC17,LC17,LC17,3
1848828925,1817449375,LC17(lVLPT7)_R,LC17,LC17,LC17,2
1848828925,1817457984,LC17(lVLPT7)_R,LC17,LC17,LC17,3
1848828925,1817794820,LC17(lVLPT7)_R,LC17(lVLPT7)_R,LC17,LC17,2
1848828925,1818122205,LC17(lVLPT7)_R,LC17,LC17,LC17,4
1848828925,1818136404,LC17(lVLPT7)_R,LC17,LC17,LC17,2
1848828925,1847815147,LC17(lVLPT7)_R,LC17(lVLPT7)_R,LC17,LC17,3
1848828925,1848151571,LC17(lVLPT7)_R,LC17(lVLPT7)_R,LC17,LC17,3
1848828925,1848151877,LC17(lVLPT7)_R,LC17,LC17,LC17,3
1848828925,1848483949,LC17(lVLPT7)_R,LC17(lVLPT4)_R,LC17,LC17,3
1848828925,1848824817,LC17(lVLPT7)_R,LC17,LC17,LC17,2
1848828925,1849174879,LC17(lVLPT7)_R,LC17(lVLPT7)_R,LC17,LC17,4
1848828925,1849503142,LC17(lVLPT7)_R,LC17,LC17,LC17,2
1848828925,1849520324,LC17(lVLPT7)_R,LC17,LC17,LC17,3
1848828925,1876820783,LC17(lVLPT7)_R,LC17,LC17,LC17,2
1848828925,1878845226,LC17(lVLPT7)_R,LC17,LC17,LC17,3
1848828925,1879226079,LC17(lVLPT7)_R,NA,LC17,NA,3
1848828925,1879519066,LC17(lVLPT7)_R,LC17,LC17,LC17,3
1848828925,1881215402,LC17(lVLPT7)_R,NA,LC17,NA,2
1848828925,1939904964,LC17(lVLPT7)_R,LC17,LC17,LC17,3
1848828925,1941960033,LC17(lVLPT7)_R,NA,LC17,NA,4
1848828925,1973327063,LC17(lVLPT7)_R,NA,LC17,NA,2
1848828925,5812993994,LC17(lVLPT7)_R,LC17,LC17,LC17,2
1848828925,5813017315,LC17(lVLPT7)_R,AVLP479_R,LC17,AVLP479,3
1848828925,5813034336,LC17(lVLPT7)_R,LC17(lVLPT4)_R,LC17,LC17,2
1848828925,5813039148,LC17(lVLPT7)_R,PVLP011_R,LC17,PVLP011,37
1848828925,5813057178,LC17(lVLPT7)_R,PVLP136_R,LC17,PVLP136,2
1848828925,5813057579,LC17(lVLPT7)_R,AVLP538_R,LC17,AVLP538,12
1848828925,5813077633,LC17(lVLPT7)_R,AVLP479_R,LC17,AVLP479,6
1848837843,447228814,LC17,PVLP106_R,LC17,PVLP106,40
1848837843,912601209,LC17,PLP244(SCB010)_L,LC17,PLP244,2
1848837843,1068885266,LC17,PVLP151(SCB004)_R,LC17,PVLP151,5
1848837843,1070950293,LC17,PVLP151(SCB004)_R,LC17,PVLP151,2
1848837843,1221285175,LC17,LC17,LC17,LC17,5
1848837843,1250277991,LC17,LC17,LC17,LC17,2
1848837843,1321305370,LC17,PVLP061_R,LC17,PVLP061,76
1848837843,1347126097,LC17,LC17,LC17,LC17,2
1848837843,1347812305,LC17,LC17(lVLPT7)_R,LC17,LC17,2
1848837843,1348153557,LC17,LC17,LC17,LC17,2
1848837843,1354394414,LC17,PVLP120_R,LC17,PVLP120,14
1848837843,1374063129,LC17,PVLP132_R,LC17,PVLP132,8
1848837843,1381997776,LC17,PVLP071_R,LC17,PVLP071,3
1848837843,1382308349,LC17,PVLP071_R,LC17,PVLP071,4
1848837843,1420172582,LC17,NA,LC17,NA,3
1848837843,1435791739,LC17,PVLP132_R,LC17,PVLP132,11
1848837843,1435822283,LC17,LC17,LC17,LC17,3
1848837843,1449486007,LC17,AVLP537_R,LC17,AVLP537,6
1848837843,1466844031,LC17,LC17,LC17,LC17,3
1848837843,1467859487,LC17,LC17,LC17,LC17,2
1848837843,1471607030,LC17,LC17,LC17,LC17,2
1848837843,1473332777,LC17,LC17(lVLPT7)_R,LC17,LC17,2
1848837843,1474424990,LC17,PVLP073_R,LC17,PVLP073,2
1848837843,1479147574,LC17,PVLP072_R,LC17,PVLP072,11
1848837843,1479492693,LC17,PVLP072_R,LC17,PVLP072,3
1848837843,1497200791,LC17,LC17,LC17,LC17,2
1848837843,1508123633,LC17,PVLP018_R,LC17,PVLP018,5
1848837843,1535082316,LC17,PVLP135_R,LC17,PVLP135,11
1848837843,1535086505,LC17,PVLP135_R,LC17,PVLP135,26
1848837843,1539496112,LC17,PVLP073_R,LC17,PVLP073,2
1848837843,1589972966,LC17,LC17(lVLPT4)_R,LC17,LC17,2
1848837843,1593012939,LC17,LC17,LC17,LC17,2
1848837843,1603645798,LC17,PVLP072_R,LC17,PVLP072,6
1848837843,1622360309,LC17,LC17,LC17,LC17,4
1848837843,1628528573,LC17,LC17,LC17,LC17,3
1848837843,1629163100,LC17,LC17(lVLPT7)_R,LC17,LC17,2
1848837843,1630342162,LC17,PVLP036_R,LC17,PVLP036,16
1848837843,1684443103,LC17,LC17,LC17,LC17,4
1848837843,1687831632,LC17,LC17,LC17,LC17,2
1848837843,1689200671,LC17,LC17,LC17,LC17,3
1848837843,1689915765,LC17,LC17,LC17,LC17,3
1848837843,1690694192,LC17,PVLP036_R,LC17,PVLP036,16
1848837843,1690698128,LC17,PVLP036_R,LC17,PVLP036,2
1848837843,1695693354,LC17,PVLP072_R,LC17,PVLP072,7
1848837843,1714791446,LC17,LC17,LC17,LC17,4
1848837843,1720105182,LC17,NA,LC17,NA,4
1848837843,1752672460,LC17,LC17,LC17,LC17,2
1848837843,1753670596,LC17,LC17(lVLPT4)_R,LC17,LC17,2
1848837843,1817444555,LC17,LC17,LC17,LC17,3
1848837843,1817449375,LC17,LC17,LC17,LC17,2
1848837843,1817457984,LC17,LC17,LC17,LC17,2
1848837843,1817458164,LC17,LC17,LC17,LC17,2
1848837843,1817785661,LC17,LC17,LC17,LC17,2
1848837843,1817790281,LC17,LC17(lVLPT4)_R,LC17,LC17,2
1848837843,1817794820,LC17,LC17(lVLPT7)_R,LC17,LC17,2
1848837843,1818122205,LC17,LC17,LC17,LC17,2
1848837843,1848506334,LC17,NA,LC17,NA,2
1848837843,1848828925,LC17,LC17(lVLPT7)_R,LC17,LC17,2
1848837843,1848837784,LC17,NA,LC17,NA,3
1848837843,1849161220,LC17,LC17,LC17,LC17,7
1848837843,1849503142,LC17,LC17,LC17,LC17,4
1848837843,1875124235,LC17,LC17,LC17,LC17,2
1848837843,1875460978,LC17,LC17,LC17,LC17,2
1848837843,1878845629,LC17,LC17,LC17,LC17,3
1848837843,1879226079,LC17,NA,LC17,NA,2
1848837843,1879519066,LC17,LC17,LC17,LC17,3
1848837843,1881215402,LC17,NA,LC17,NA,2
1848837843,1908865507,LC17,LC17,LC17,LC17,3
1848837843,1942633428,LC17,NA,LC17,NA,2
1848837843,1972653359,LC17,NA,LC17,NA,2
1848837843,1972653681,LC17,NA,LC17,NA,2
1848837843,1974678421,LC17,NA,LC17,NA,2
1848837843,1974682390,LC17,LC17(lVLPT7)_R,LC17,LC17,2
1848837843,2096793578,LC17,NA,LC17,NA,3
1848837843,5812992468,LC17,LC17,LC17,LC17,2
1848837843,5812998833,LC17,LC17,LC17,LC17,3
1848837843,5813017315,LC17,AVLP479_R,LC17,AVLP479,8
1848837843,5813034336,LC17,LC17(lVLPT4)_R,LC17,LC17,3
1848837843,5813038679,LC17,LC17,LC17,LC17,3
1848837843,5813039148,LC17,PVLP011_R,LC17,PVLP011,61
1848837843,5813057178,LC17,PVLP136_R,LC17,PVLP136,5
1848837843,5813057579,LC17,AVLP538_R,LC17,AVLP538,17
1848837843,5813060163,LC17,LC17,LC17,LC17,2
1848837843,5813077633,LC17,AVLP479_R,LC17,AVLP479,8
1848837843,5813080260,LC17,AVLP153_R,LC17,AVLP153,4
1849161220,447228814,LC17,PVLP106_R,LC17,PVLP106,52
1849161220,1068885266,LC17,PVLP151(SCB004)_R,LC17,PVLP151,4
1849161220,1070950293,LC17,PVLP151(SCB004)_R,LC17,PVLP151,3
1849161220,1158877783,LC17,LC17,LC17,LC17,2
1849161220,1221285175,LC17,LC17,LC17,LC17,4
1849161220,1250277991,LC17,LC17,LC17,LC17,3
1849161220,1321305370,LC17,PVLP061_R,LC17,PVLP061,82
1849161220,1347126097,LC17,LC17,LC17,LC17,2
1849161220,1354394414,LC17,PVLP120_R,LC17,PVLP120,8
1849161220,1374063129,LC17,PVLP132_R,LC17,PVLP132,11
1849161220,1381997776,LC17,PVLP071_R,LC17,PVLP071,5
1849161220,1382308349,LC17,PVLP071_R,LC17,PVLP071,3
1849161220,1435791739,LC17,PVLP132_R,LC17,PVLP132,13
1849161220,1449486007,LC17,AVLP537_R,LC17,AVLP537,5
1849161220,1467859487,LC17,LC17,LC17,LC17,3
1849161220,1471610338,LC17,LC17,LC17,LC17,2
1849161220,1473332777,LC17,LC17(lVLPT7)_R,LC17,LC17,2
1849161220,1479147574,LC17,PVLP072_R,LC17,PVLP072,14
1849161220,1479492693,LC17,PVLP072_R,LC17,PVLP072,4
1849161220,1497200791,LC17,LC17,LC17,LC17,3
1849161220,1508123633,LC17,PVLP018_R,LC17,PVLP018,4
1849161220,1512232956,LC17,AVLP135_R,LC17,AVLP135,3
1849161220,1535082316,LC17,PVLP135_R,LC17,PVLP135,16
1849161220,1535086505,LC17,PVLP135_R,LC17,PVLP135,20
1849161220,1561301125,LC17,LC17,LC17,LC17,3
1849161220,1603645798,LC17,PVLP072_R,LC17,PVLP072,4
1849161220,1629163100,LC17,LC17(lVLPT7)_R,LC17,LC17,2
1849161220,1630342162,LC17,PVLP036_R,LC17,PVLP036,9
1849161220,1655474822,LC17,LC17,LC17,LC17,3
1849161220,1658881325,LC17,LC17,LC17,LC17,2
1849161220,1663639752,LC17,NA,LC17,NA,2
1849161220,1689239035,LC17,LC17,LC17,LC17,2
1849161220,1690694192,LC17,PVLP036_R,LC17,PVLP036,3
1849161220,1690698128,LC17,PVLP036_R,LC17,PVLP036,2
1849161220,1690917721,LC17,LC17,LC17,LC17,2
1849161220,1695693354,LC17,PVLP072_R,LC17,PVLP072,7
1849161220,1719928105,LC17,LC17,LC17,LC17,2
1849161220,1720105182,LC17,NA,LC17,NA,3
1849161220,1722307233,LC17,LC17(lVLPT7)_R,LC17,LC17,3
1849161220,1750251452,LC17,LC17,LC17,LC17,3
1849161220,1751262627,LC17,LC17,LC17,LC17,2
1849161220,1751666374,LC17,LC17,LC17,LC17,2
1849161220,1752962124,LC17,LC17,LC17,LC17,2
1849161220,1754019541,LC17,LC17,LC17,LC17,4
1849161220,1776865370,LC17,LC17,LC17,LC17,2
1849161220,1812363713,LC17,LC17,LC17,LC17,3
1849161220,1814055949,LC17,LC17,LC17,LC17,2
1849161220,1814410124,LC17,LC17,LC17,LC17,2
1849161220,1817108009,LC17,LC17,LC17,LC17,2
1849161220,1817449059,LC17,LC17,LC17,LC17,2
1849161220,1817457987,LC17,LC17,LC17,LC17,3
1849161220,1817786077,LC17,LC17,LC17,LC17,3
1849161220,1817790281,LC17,LC17(lVLPT4)_R,LC17,LC17,4
1849161220,1818463564,LC17,NA,LC17,NA,2
1849161220,1818473569,LC17,LC17,LC17,LC17,2
1849161220,1847806203,LC17,LC17,LC17,LC17,3
1849161220,1848492258,LC17,LC17,LC17,LC17,2
1849161220,1848820426,LC17,LC17(lVLPT7)_R,LC17,LC17,4
1849161220,1848837843,LC17,LC17,LC17,LC17,2
1849161220,1849161407,LC17,LC17,LC17,LC17,5
1849161220,1849165678,LC17,NA,LC17,NA,3
1849161220,1849503142,LC17,LC17,LC17,LC17,5
1849161220,1879226079,LC17,NA,LC17,NA,2
1849161220,1879877415,LC17,LC17(lVLPT4)_R,LC17,LC17,3
1849161220,1939904964,LC17,LC17,LC17,LC17,2
1849161220,1974682390,LC17,LC17(lVLPT7)_R,LC17,LC17,4
1849161220,2097816634,LC17,NA,LC17,NA,2
1849161220,5812988086,LC17,LC17,LC17,LC17,3
1849161220,5812991769,LC17,LC17,LC17,LC17,2
1849161220,5812992468,LC17,LC17,LC17,LC17,6
1849161220,5812993994,LC17,LC17,LC17,LC17,2
1849161220,5813017315,LC17,AVLP479_R,LC17,AVLP479,14
1849161220,5813039148,LC17,PVLP011_R,LC17,PVLP011,57
1849161220,5813054384,LC17,PPM1203_R,LC17,PPM1203,2
1849161220,5813057178,LC17,PVLP136_R,LC17,PVLP136,4
1849161220,5813057579,LC17,AVLP538_R,LC17,AVLP538,12
1849161220,5813068239,LC17,LC17,LC17,LC17,3
1849161220,5813076492,LC17,LC17,LC17,LC17,2
1849161220,5813077633,LC17,AVLP479_R,LC17,AVLP479,12
1849161220,5813080260,LC17,AVLP153_R,LC17,AVLP153,4
1849161407,447228814,LC17,PVLP106_R,LC17,PVLP106,40
1849161407,1068885266,LC17,PVLP151(SCB004)_R,LC17,PVLP151,7
1849161407,1158877703,LC17,LC17(lVLPT4)_R,LC17,LC17,4
1849161407,1221280490,LC17,LC17(lVLPT7)_R,LC17,LC17,3
1849161407,1321305370,LC17,PVLP061_R,LC17,PVLP061,78
1849161407,1345079276,LC17,LC17,LC17,LC17,2
1849161407,1348153557,LC17,LC17,LC17,LC17,3
1849161407,1354394414,LC17,PVLP120_R,LC17,PVLP120,8
1849161407,1374063129,LC17,PVLP132_R,LC17,PVLP132,8
1849161407,1381997776,LC17,PVLP071_R,LC17,PVLP071,4
1849161407,1382308349,LC17,PVLP071_R,LC17,PVLP071,6
1849161407,1435791739,LC17,PVLP132_R,LC17,PVLP132,12
1849161407,1449486007,LC17,AVLP537_R,LC17,AVLP537,13
1849161407,1471610338,LC17,LC17,LC17,LC17,2
1849161407,1479147574,LC17,PVLP072_R,LC17,PVLP072,6
1849161407,1504428248,LC17,PVLP075_R,LC17,PVLP075,2
1849161407,1508123633,LC17,PVLP018_R,LC17,PVLP018,4
1849161407,1528577476,LC17,LC17,LC17,LC17,2
1849161407,1535082316,LC17,PVLP135_R,LC17,PVLP135,18
1849161407,1535086505,LC17,PVLP135_R,LC17,PVLP135,20
1849161407,1562707421,LC17,LC17(lVLPT7)_R,LC17,LC17,2
1849161407,1593012939,LC17,LC17,LC17,LC17,2
1849161407,1601227987,LC17,AVLP552_R,LC17,AVLP552,2
1849161407,1603645798,LC17,PVLP072_R,LC17,PVLP072,10
1849161407,1628528573,LC17,LC17,LC17,LC17,3
1849161407,1630342162,LC17,PVLP036_R,LC17,PVLP036,6
1849161407,1658881325,LC17,LC17,LC17,LC17,3
1849161407,1689200671,LC17,LC17,LC17,LC17,3
1849161407,1689915765,LC17,LC17,LC17,LC17,2
1849161407,1690694192,LC17,PVLP036_R,LC17,PVLP036,9
1849161407,1690698128,LC17,PVLP036_R,LC17,PVLP036,4
1849161407,1695693354,LC17,PVLP072_R,LC17,PVLP072,4
1849161407,1748187330,LC17,LC17,LC17,LC17,3
1849161407,1750251452,LC17,LC17,LC17,LC17,2
1849161407,1752962124,LC17,LC17,LC17,LC17,3
1849161407,1753670596,LC17,LC17(lVLPT4)_R,LC17,LC17,2
1849161407,1776865370,LC17,LC17,LC17,LC17,2
1849161407,1779567374,LC17,LC17,LC17,LC17,3
1849161407,1783361972,LC17,LC17,LC17,LC17,2
1849161407,1813382259,LC17,LC17(lVLPT7)_R,LC17,LC17,2
1849161407,1817112855,LC17,LC17,LC17,LC17,2
1849161407,1817449059,LC17,LC17,LC17,LC17,7
1849161407,1817449116,LC17,LC17(lVLPT4)_R,LC17,LC17,5
1849161407,1817449375,LC17,LC17,LC17,LC17,3
1849161407,1817452948,LC17,LC17,LC17,LC17,2
1849161407,1817453557,LC17,LC17(lVLPT4)_R,LC17,LC17,3
1849161407,1817458052,LC17,LC17,LC17,LC17,2
1849161407,1817458164,LC17,LC17,LC17,LC17,2
1849161407,1817785682,LC17,LC17,LC17,LC17,2
1849161407,1817794820,LC17,LC17(lVLPT7)_R,LC17,LC17,3
1849161407,1847815147,LC17,LC17(lVLPT7)_R,LC17,LC17,2
1849161407,1848138779,LC17,LC17,LC17,LC17,4
1849161407,1848143184,LC17,LC17,LC17,LC17,3
1849161407,1848151236,LC17,LC17,LC17,LC17,2
1849161407,1848151571,LC17,LC17(lVLPT7)_R,LC17,LC17,2
1849161407,1848151618,LC17,NA,LC17,NA,3
1849161407,1848151877,LC17,LC17,LC17,LC17,2
1849161407,1848824817,LC17,LC17,LC17,LC17,2
1849161407,1848828925,LC17,LC17(lVLPT7)_R,LC17,LC17,3
1849161407,1849161220,LC17,LC17,LC17,LC17,2
1849161407,1849165678,LC17,NA,LC17,NA,2
1849161407,1849174396,LC17,NA,LC17,NA,2
1849161407,1849503142,LC17,LC17,LC17,LC17,2
1849161407,1849507321,LC17,LC17,LC17,LC17,2
1849161407,1849848921,LC17,NA,LC17,NA,2
1849161407,1876820783,LC17,LC17,LC17,LC17,3
1849161407,1878845226,LC17,LC17,LC17,LC17,2
1849161407,1878845629,LC17,LC17,LC17,LC17,2
1849161407,1879518936,LC17,NA,LC17,NA,3
1849161407,1879519066,LC17,LC17,LC17,LC17,4
1849161407,1879877415,LC17,LC17(lVLPT4)_R,LC17,LC17,2
1849161407,1880209425,LC17,LC17(lVLPT7)_R,LC17,LC17,2
1849161407,1880546172,LC17,NA,LC17,NA,2
1849161407,1974669555,LC17,NA,LC17,NA,2
1849161407,1974682390,LC17,LC17(lVLPT7)_R,LC17,LC17,3
1849161407,2067450736,LC17,NA,LC17,NA,2
1849161407,2067800573,LC17,NA,LC17,NA,3
1849161407,2245501457,LC17,LC17,LC17,LC17,2
1849161407,5812999009,LC17,LC17(lVLPT4)_R,LC17,LC17,3
1849161407,5813017315,LC17,AVLP479_R,LC17,AVLP479,8
1849161407,5813039148,LC17,PVLP011_R,LC17,PVLP011,38
1849161407,5813057178,LC17,PVLP136_R,LC17,PVLP136,2
1849161407,5813057579,LC17,AVLP538_R,LC17,AVLP538,15
1849161407,5813077633,LC17,AVLP479_R,LC17,AVLP479,6
1849161407,5813080260,LC17,AVLP153_R,LC17,AVLP153,3
1849166071,447228814,LC17,PVLP106_R,LC17,PVLP106,39
1849166071,1068885266,LC17,PVLP151(SCB004)_R,LC17,PVLP151,11
1849166071,1158877703,LC17,LC17(lVLPT4)_R,LC17,LC17,2
1849166071,1219592090,LC17,LC17(lVLPT7)_R,LC17,LC17,3
1849166071,1250277991,LC17,LC17,LC17,LC17,2
1849166071,1321305370,LC17,PVLP061_R,LC17,PVLP061,66
1849166071,1347812305,LC17,LC17(lVLPT7)_R,LC17,LC17,2
1849166071,1354394414,LC17,PVLP120_R,LC17,PVLP120,4
1849166071,1374063129,LC17,PVLP132_R,LC17,PVLP132,11
1849166071,1381997776,LC17,PVLP071_R,LC17,PVLP071,6
1849166071,1382308349,LC17,PVLP071_R,LC17,PVLP071,2
1849166071,1435791739,LC17,PVLP132_R,LC17,PVLP132,5
1849166071,1449486007,LC17,AVLP537_R,LC17,AVLP537,9
1849166071,1472965897,LC17,LC17,LC17,LC17,2
1849166071,1474424990,LC17,PVLP073_R,LC17,PVLP073,2
1849166071,1479147574,LC17,PVLP072_R,LC17,PVLP072,7
1849166071,1479492693,LC17,PVLP072_R,LC17,PVLP072,2
1849166071,1497200791,LC17,LC17,LC17,LC17,3
1849166071,1508123633,LC17,PVLP018_R,LC17,PVLP018,4
1849166071,1535082316,LC17,PVLP135_R,LC17,PVLP135,14
1849166071,1535086505,LC17,PVLP135_R,LC17,PVLP135,22
1849166071,1562707421,LC17,LC17(lVLPT7)_R,LC17,LC17,4
1849166071,1563355501,LC17,LC17,LC17,LC17,3
1849166071,1574980522,LC17,AVLP408_R,LC17,AVLP408,2
1849166071,1593012939,LC17,LC17,LC17,LC17,2
1849166071,1601227987,LC17,AVLP552_R,LC17,AVLP552,2
1849166071,1603645798,LC17,PVLP072_R,LC17,PVLP072,2
1849166071,1603957106,LC17,AVLP409_R,LC17,AVLP409,2
1849166071,1630342162,LC17,PVLP036_R,LC17,PVLP036,3
1849166071,1690694192,LC17,PVLP036_R,LC17,PVLP036,17
1849166071,1695693354,LC17,PVLP072_R,LC17,PVLP072,3
1849166071,1720105182,LC17,NA,LC17,NA,3
1849166071,1724345210,LC17,NA,LC17,NA,2
1849166071,1747181914,LC17,LC17,LC17,LC17,3
1849166071,1779567374,LC17,LC17,LC17,LC17,2
1849166071,1782680353,LC17,LC17,LC17,LC17,2
1849166071,1807572051,LC17,LC17,LC17,LC17,2
1849166071,1808241116,LC17,LC17,LC17,LC17,2
1849166071,1812696567,LC17,LC17,LC17,LC17,4
1849166071,1814055949,LC17,LC17,LC17,LC17,3
1849166071,1817448971,LC17,LC17,LC17,LC17,3
1849166071,1817790222,LC17,LC17,LC17,LC17,3
1849166071,1818473569,LC17,LC17,LC17,LC17,2
1849166071,1844421716,LC17,LC17,LC17,LC17,3
1849166071,1845772658,LC17,LC17(lVLPT7)_R,LC17,LC17,2
1849166071,1847806275,LC17,LC17,LC17,LC17,4
1849166071,1847815147,LC17,LC17(lVLPT7)_R,LC17,LC17,3
1849166071,1848143184,LC17,LC17,LC17,LC17,2
1849166071,1848483616,LC17,NA,LC17,NA,2
1849166071,1848488303,LC17,NA,LC17,NA,2
1849166071,1848492714,LC17,LC17,LC17,LC17,2
1849166071,1848496636,LC17,NA,LC17,NA,4
1849166071,1848820948,LC17,NA,LC17,NA,2
1849166071,1848824817,LC17,LC17,LC17,LC17,2
1849166071,1848837843,LC17,LC17,LC17,LC17,3
1849166071,1849161220,LC17,LC17,LC17,LC17,2
1849166071,1849178917,LC17,LC17,LC17,LC17,3
1849166071,1849183960,LC17,LC17(lVLPT7)_R,LC17,LC17,2
1849166071,1849503142,LC17,LC17,LC17,LC17,2
1849166071,1878845629,LC17,LC17,LC17,LC17,2
1849166071,1879186508,LC17,NA,LC17,NA,2
1849166071,1879226079,LC17,NA,LC17,NA,2
1849166071,1879855184,LC17,NA,LC17,NA,2
1849166071,1880196354,LC17,NA,LC17,NA,2
1849166071,1910911950,LC17,NA,LC17,NA,2
1849166071,1912600163,LC17,LC17,LC17,LC17,4
1849166071,1974682390,LC17,LC17(lVLPT7)_R,LC17,LC17,2
1849166071,2004029710,LC17,NA,LC17,NA,3
1849166071,2067787078,LC17,NA,LC17,NA,3
1849166071,2097816637,LC17,NA,LC17,NA,2
1849166071,2245501457,LC17,LC17,LC17,LC17,3
1849166071,5812988086,LC17,LC17,LC17,LC17,2
1849166071,5812992468,LC17,LC17,LC17,LC17,2
1849166071,5812993994,LC17,LC17,LC17,LC17,3
1849166071,5813017315,LC17,AVLP479_R,LC17,AVLP479,7
1849166071,5813034336,LC17,LC17(lVLPT4)_R,LC17,LC17,2
1849166071,5813038679,LC17,LC17,LC17,LC17,2
1849166071,5813039148,LC17,PVLP011_R,LC17,PVLP011,46
1849166071,5813039410,LC17,LC17,LC17,LC17,2
1849166071,5813040277,LC17,PVLP115_R,LC17,PVLP115,2
1849166071,5813057178,LC17,PVLP136_R,LC17,PVLP136,2
1849166071,5813057579,LC17,AVLP538_R,LC17,AVLP538,10
1849166071,5813077633,LC17,AVLP479_R,LC17,AVLP479,3
1849166071,5813080260,LC17,AVLP153_R,LC17,AVLP153,3
1849174879,447228814,LC17(lVLPT7)_R,PVLP106_R,LC17,PVLP106,39
1849174879,1068885266,LC17(lVLPT7)_R,PVLP151(SCB004)_R,LC17,PVLP151,7
1849174879,1070950293,LC17(lVLPT7)_R,PVLP151(SCB004)_R,LC17,PVLP151,2
1849174879,1158877703,LC17(lVLPT7)_R,LC17(lVLPT4)_R,LC17,LC17,3
1849174879,1158877783,LC17(lVLPT7)_R,LC17,LC17,LC17,2
1849174879,1190250299,LC17(lVLPT7)_R,LC17,LC17,LC17,3
1849174879,1321305370,LC17(lVLPT7)_R,PVLP061_R,LC17,PVLP061,65
1849174879,1354394414,LC17(lVLPT7)_R,PVLP120_R,LC17,PVLP120,11
1849174879,1374063129,LC17(lVLPT7)_R,PVLP132_R,LC17,PVLP132,10
1849174879,1375769049,LC17(lVLPT7)_R,LC17,LC17,LC17,2
1849174879,1381997776,LC17(lVLPT7)_R,PVLP071_R,LC17,PVLP071,6
1849174879,1382308349,LC17(lVLPT7)_R,PVLP071_R,LC17,PVLP071,3
1849174879,1435791739,LC17(lVLPT7)_R,PVLP132_R,LC17,PVLP132,13
1849174879,1449486007,LC17(lVLPT7)_R,AVLP537_R,LC17,AVLP537,8
1849174879,1467859487,LC17(lVLPT7)_R,LC17,LC17,LC17,2
1849174879,1472965897,LC17(lVLPT7)_R,LC17,LC17,LC17,3
1849174879,1479147574,LC17(lVLPT7)_R,PVLP072_R,LC17,PVLP072,18
1849174879,1497200791,LC17(lVLPT7)_R,LC17,LC17,LC17,2
1849174879,1508123633,LC17(lVLPT7)_R,PVLP018_R,LC17,PVLP018,4
1849174879,1535082316,LC17(lVLPT7)_R,PVLP135_R,LC17,PVLP135,15
1849174879,1535086505,LC17(lVLPT7)_R,PVLP135_R,LC17,PVLP135,19
1849174879,1603645798,LC17(lVLPT7)_R,PVLP072_R,LC17,PVLP072,6
1849174879,1621008677,LC17(lVLPT7)_R,LC17,LC17,LC17,2
1849174879,1630342162,LC17(lVLPT7)_R,PVLP036_R,LC17,PVLP036,9
1849174879,1656834653,LC17(lVLPT7)_R,LC17,LC17,LC17,2
1849174879,1663639752,LC17(lVLPT7)_R,NA,LC17,NA,2
1849174879,1690694192,LC17(lVLPT7)_R,PVLP036_R,LC17,PVLP036,10
1849174879,1690706380,LC17(lVLPT7)_R,PVLP037_R,LC17,PVLP037,2
1849174879,1695693354,LC17(lVLPT7)_R,PVLP072_R,LC17,PVLP072,5
1849174879,1714791446,LC17(lVLPT7)_R,LC17,LC17,LC17,3
1849174879,1724345210,LC17(lVLPT7)_R,NA,LC17,NA,3
1849174879,1750251452,LC17(lVLPT7)_R,LC17,LC17,LC17,2
1849174879,1751262627,LC17(lVLPT7)_R,LC17,LC17,LC17,6
1849174879,1752672460,LC17(lVLPT7)_R,LC17,LC17,LC17,2
1849174879,1752962124,LC17(lVLPT7)_R,LC17,LC17,LC17,3
1849174879,1753670596,LC17(lVLPT7)_R,LC17(lVLPT4)_R,LC17,LC17,2
1849174879,1776865370,LC17(lVLPT7)_R,LC17,LC17,LC17,4
1849174879,1781324410,LC17(lVLPT7)_R,LC17,LC17,LC17,2
1849174879,1817448971,LC17(lVLPT7)_R,LC17,LC17,LC17,2
1849174879,1817449116,LC17(lVLPT7)_R,LC17(lVLPT4)_R,LC17,LC17,3
1849174879,1817449229,LC17(lVLPT7)_R,LC17,LC17,LC17,4
1849174879,1817449236,LC17(lVLPT7)_R,LC17,LC17,LC17,4
1849174879,1817457847,LC17(lVLPT7)_R,LC17,LC17,LC17,2
1849174879,1817457984,LC17(lVLPT7)_R,LC17,LC17,LC17,2
1849174879,1817458052,LC17(lVLPT7)_R,LC17,LC17,LC17,2
1849174879,1817794820,LC17(lVLPT7)_R,LC17(lVLPT7)_R,LC17,LC17,2
1849174879,1817799390,LC17(lVLPT7)_R,LC17,LC17,LC17,2
1849174879,1847815147,LC17(lVLPT7)_R,LC17(lVLPT7)_R,LC17,LC17,3
1849174879,1848156241,LC17(lVLPT7)_R,LC17,LC17,LC17,2
1849174879,1848483949,LC17(lVLPT7)_R,LC17(lVLPT4)_R,LC17,LC17,3
1849174879,1848506334,LC17(lVLPT7)_R,NA,LC17,NA,2
1849174879,1848820426,LC17(lVLPT7)_R,LC17(lVLPT7)_R,LC17,LC17,4
1849174879,1849178917,LC17(lVLPT7)_R,LC17,LC17,LC17,3
1849174879,1849179266,LC17(lVLPT7)_R,LC17,LC17,LC17,5
1849174879,1875460978,LC17(lVLPT7)_R,LC17,LC17,LC17,2
1849174879,1878845629,LC17(lVLPT7)_R,LC17,LC17,LC17,3
1849174879,1879226079,LC17(lVLPT7)_R,NA,LC17,NA,3
1849174879,1879519066,LC17(lVLPT7)_R,LC17,LC17,LC17,2
1849174879,1879877415,LC17(lVLPT7)_R,LC17(lVLPT4)_R,LC17,LC17,2
1849174879,1880887003,LC17(lVLPT7)_R,LC17,LC17,LC17,3
1849174879,1908865507,LC17(lVLPT7)_R,LC17,LC17,LC17,2
1849174879,1941955396,LC17(lVLPT7)_R,NA,LC17,NA,2
1849174879,1943634711,LC17(lVLPT7)_R,NA,LC17,NA,2
1849174879,1972986174,LC17(lVLPT7)_R,NA,LC17,NA,2
1849174879,2004029710,LC17(lVLPT7)_R,NA,LC17,NA,2
1849174879,2036420122,LC17(lVLPT7)_R,NA,LC17,NA,3
1849174879,2066773186,LC17(lVLPT7)_R,NA,LC17,NA,3
1849174879,2097129896,LC17(lVLPT7)_R,NA,LC17,NA,2
1849174879,5812988086,LC17(lVLPT7)_R,LC17,LC17,LC17,2
1849174879,5812992468,LC17(lVLPT7)_R,LC17,LC17,LC17,2
1849174879,5813017315,LC17(lVLPT7)_R,AVLP479_R,LC17,AVLP479,10
1849174879,5813039148,LC17(lVLPT7)_R,PVLP011_R,LC17,PVLP011,50
1849174879,5813054384,LC17(lVLPT7)_R,PPM1203_R,LC17,PPM1203,5
1849174879,5813057579,LC17(lVLPT7)_R,AVLP538_R,LC17,AVLP538,5
1849174879,5813077633,LC17(lVLPT7)_R,AVLP479_R,LC17,AVLP479,8
1849174879,5813080260,LC17(lVLPT7)_R,AVLP153_R,LC17,AVLP153,4
1849178917,447228814,LC17,PVLP106_R,LC17,PVLP106,33
1849178917,1068885266,LC17,PVLP151(SCB004)_R,LC17,PVLP151,5
1849178917,1158877703,LC17,LC17(lVLPT4)_R,LC17,LC17,3
1849178917,1158877783,LC17,LC17,LC17,LC17,2
1849178917,1219592090,LC17,LC17(lVLPT7)_R,LC17,LC17,2
1849178917,1321305370,LC17,PVLP061_R,LC17,PVLP061,68
1849178917,1345079276,LC17,LC17,LC17,LC17,2
1849178917,1374063129,LC17,PVLP132_R,LC17,PVLP132,13
1849178917,1381997776,LC17,PVLP071_R,LC17,PVLP071,7
1849178917,1382308349,LC17,PVLP071_R,LC17,PVLP071,4
1849178917,1420172582,LC17,NA,LC17,NA,2
1849178917,1435791739,LC17,PVLP132_R,LC17,PVLP132,7
1849178917,1449486007,LC17,AVLP537_R,LC17,AVLP537,10
1849178917,1466844031,LC17,LC17,LC17,LC17,3
1849178917,1477148598,LC17,PVLP075_R,LC17,PVLP075,3
1849178917,1479147574,LC17,PVLP072_R,LC17,PVLP072,15
1849178917,1508123633,LC17,PVLP018_R,LC17,PVLP018,6
1849178917,1535082316,LC17,PVLP135_R,LC17,PVLP135,14
1849178917,1535086505,LC17,PVLP135_R,LC17,PVLP135,19
1849178917,1603645798,LC17,PVLP072_R,LC17,PVLP072,6
1849178917,1621008677,LC17,LC17,LC17,LC17,2
1849178917,1629163100,LC17,LC17(lVLPT7)_R,LC17,LC17,2
1849178917,1630342162,LC17,PVLP036_R,LC17,PVLP036,4
1849178917,1654413566,LC17,LC17,LC17,LC17,2
1849178917,1655474822,LC17,LC17,LC17,LC17,3
1849178917,1656834653,LC17,LC17,LC17,LC17,2
1849178917,1658881325,LC17,LC17,LC17,LC17,2
1849178917,1659515529,LC17,LC17,LC17,LC17,2
1849178917,1689200671,LC17,LC17,LC17,LC17,3
1849178917,1690694192,LC17,PVLP036_R,LC17,PVLP036,14
1849178917,1690698128,LC17,PVLP036_R,LC17,PVLP036,2
1849178917,1695693354,LC17,PVLP072_R,LC17,PVLP072,2
1849178917,1719928105,LC17,LC17,LC17,LC17,3
1849178917,1720105182,LC17,NA,LC17,NA,5
1849178917,1750251452,LC17,LC17,LC17,LC17,3
1849178917,1781333405,LC17,LC17,LC17,LC17,4
1849178917,1808241116,LC17,LC17,LC17,LC17,2
1849178917,1812363713,LC17,LC17,LC17,LC17,3
1849178917,1814031575,LC17,LC17,LC17,LC17,2
1849178917,1814410124,LC17,LC17,LC17,LC17,2
1849178917,1814729223,LC17,LC17(lVLPT7)_R,LC17,LC17,2
1849178917,1817108009,LC17,LC17,LC17,LC17,2
1849178917,1817112807,LC17,LC17(lVLPT4)_R,LC17,LC17,3
1849178917,1817449059,LC17,LC17,LC17,LC17,2
1849178917,1817449229,LC17,LC17,LC17,LC17,2
1849178917,1817457808,LC17,LC17,LC17,LC17,2
1849178917,1817457847,LC17,LC17,LC17,LC17,3
1849178917,1817457984,LC17,LC17,LC17,LC17,2
1849178917,1817463007,LC17,LC17,LC17,LC17,2
1849178917,1817785682,LC17,LC17,LC17,LC17,4
1849178917,1817786077,LC17,LC17,LC17,LC17,3
1849178917,1817790222,LC17,LC17,LC17,LC17,2
1849178917,1817799390,LC17,LC17,LC17,LC17,2
1849178917,1818122205,LC17,LC17,LC17,LC17,4
1849178917,1847806203,LC17,LC17,LC17,LC17,3
1849178917,1848138779,LC17,LC17,LC17,LC17,3
1849178917,1848151571,LC17,LC17(lVLPT7)_R,LC17,LC17,3
1849178917,1848156241,LC17,LC17,LC17,LC17,2
1849178917,1848492258,LC17,LC17,LC17,LC17,3
1849178917,1848492714,LC17,LC17,LC17,LC17,3
1849178917,1848506334,LC17,NA,LC17,NA,3
1849178917,1848824817,LC17,LC17,LC17,LC17,2
1849178917,1848837843,LC17,LC17,LC17,LC17,2
1849178917,1849166071,LC17,LC17,LC17,LC17,2
1849178917,1849179266,LC17,LC17,LC17,LC17,2
1849178917,1849183960,LC17,LC17(lVLPT7)_R,LC17,LC17,5
1849178917,1849520324,LC17,LC17,LC17,LC17,2
1849178917,1875460978,LC17,LC17,LC17,LC17,2
1849178917,1879226079,LC17,NA,LC17,NA,2
1849178917,1879877415,LC17,LC17(lVLPT4)_R,LC17,LC17,2
1849178917,1911248554,LC17,NA,LC17,NA,2
1849178917,1911266206,LC17,NA,LC17,NA,2
1849178917,1941955396,LC17,NA,LC17,NA,2
1849178917,1943639319,LC17,NA,LC17,NA,2
1849178917,1973314007,LC17,NA,LC17,NA,2
1849178917,2066449039,LC17,NA,LC17,NA,3
1849178917,2098830722,LC17,NA,LC17,NA,2
1849178917,5812988086,LC17,LC17,LC17,LC17,4
1849178917,5812993994,LC17,LC17,LC17,LC17,2
1849178917,5813017315,LC17,AVLP479_R,LC17,AVLP479,12
1849178917,5813039148,LC17,PVLP011_R,LC17,PVLP011,48
1849178917,5813057178,LC17,PVLP136_R,LC17,PVLP136,5
1849178917,5813057579,LC17,AVLP538_R,LC17,AVLP538,19
1849178917,5813077633,LC17,AVLP479_R,LC17,AVLP479,8
1849178917,5813080260,LC17,AVLP153_R,LC17,AVLP153,5
1849179266,447228814,LC17,PVLP106_R,LC17,PVLP106,29
1849179266,1068885266,LC17,PVLP151(SCB004)_R,LC17,PVLP151,5
1849179266,1070950293,LC17,PVLP151(SCB004)_R,LC17,PVLP151,2
1849179266,1221285175,LC17,LC17,LC17,LC17,2
1849179266,1312061760,LC17,AVLP572_R,LC17,AVLP572,2
1849179266,1313702895,LC17,LC17,LC17,LC17,3
1849179266,1321305370,LC17,PVLP061_R,LC17,PVLP061,65
1849179266,1348153557,LC17,LC17,LC17,LC17,2
1849179266,1354394414,LC17,PVLP120_R,LC17,PVLP120,10
1849179266,1374063129,LC17,PVLP132_R,LC17,PVLP132,14
1849179266,1382308349,LC17,PVLP071_R,LC17,PVLP071,7
1849179266,1405788552,LC17,LC17,LC17,LC17,2
1849179266,1435791739,LC17,PVLP132_R,LC17,PVLP132,8
1849179266,1449486007,LC17,AVLP537_R,LC17,AVLP537,6
1849179266,1471610338,LC17,LC17,LC17,LC17,2
1849179266,1472965897,LC17,LC17,LC17,LC17,2
1849179266,1473332777,LC17,LC17(lVLPT7)_R,LC17,LC17,2
1849179266,1477148598,LC17,PVLP075_R,LC17,PVLP075,3
1849179266,1479147574,LC17,PVLP072_R,LC17,PVLP072,6
1849179266,1479492693,LC17,PVLP072_R,LC17,PVLP072,2
1849179266,1504428248,LC17,PVLP075_R,LC17,PVLP075,3
1849179266,1508123633,LC17,PVLP018_R,LC17,PVLP018,2
1849179266,1512232956,LC17,AVLP135_R,LC17,AVLP135,2
1849179266,1535082316,LC17,PVLP135_R,LC17,PVLP135,13
1849179266,1535086505,LC17,PVLP135_R,LC17,PVLP135,13
1849179266,1603645798,LC17,PVLP072_R,LC17,PVLP072,2
1849179266,1621008677,LC17,LC17,LC17,LC17,4
1849179266,1629163100,LC17,LC17(lVLPT7)_R,LC17,LC17,2
1849179266,1630342162,LC17,PVLP036_R,LC17,PVLP036,16
1849179266,1663639752,LC17,NA,LC17,NA,3
1849179266,1689239035,LC17,LC17,LC17,LC17,3
1849179266,1690694192,LC17,PVLP036_R,LC17,PVLP036,7
1849179266,1695693354,LC17,PVLP072_R,LC17,PVLP072,3
1849179266,1714791446,LC17,LC17,LC17,LC17,2
1849179266,1720105182,LC17,NA,LC17,NA,4
1849179266,1722307233,LC17,LC17(lVLPT7)_R,LC17,LC17,5
1849179266,1724345210,LC17,NA,LC17,NA,2
1849179266,1747181914,LC17,LC17,LC17,LC17,2
1849179266,1754019541,LC17,LC17,LC17,LC17,2
1849179266,1776865370,LC17,LC17,LC17,LC17,2
1849179266,1779567374,LC17,LC17,LC17,LC17,2
1849179266,1781333405,LC17,LC17,LC17,LC17,3
1849179266,1782680353,LC17,LC17,LC17,LC17,2
1849179266,1783361972,LC17,LC17,LC17,LC17,2
1849179266,1808241116,LC17,LC17,LC17,LC17,4
1849179266,1817444670,LC17,LC17(lVLPT7)_R,LC17,LC17,2
1849179266,1817448659,LC17,LC17,LC17,LC17,2
1849179266,1817453065,LC17,LC17,LC17,LC17,2
1849179266,1817453257,LC17,LC17,LC17,LC17,5
1849179266,1817453557,LC17,LC17(lVLPT4)_R,LC17,LC17,2
1849179266,1817458052,LC17,LC17,LC17,LC17,3
1849179266,1818473569,LC17,LC17,LC17,LC17,3
1849179266,1847810811,LC17,LC17(lVLPT7)_R,LC17,LC17,4
1849179266,1848151571,LC17,LC17(lVLPT7)_R,LC17,LC17,2
1849179266,1848824817,LC17,LC17,LC17,LC17,2
1849179266,1848828925,LC17,LC17(lVLPT7)_R,LC17,LC17,2
1849179266,1849174879,LC17,LC17(lVLPT7)_R,LC17,LC17,3
1849179266,1849183960,LC17,LC17(lVLPT7)_R,LC17,LC17,4
1849179266,1849520324,LC17,LC17,LC17,LC17,2
1849179266,1849520554,LC17,NA,LC17,NA,2
1849179266,1849857401,LC17,NA,LC17,NA,2
1849179266,1879226079,LC17,NA,LC17,NA,8
1849179266,1879519066,LC17,LC17,LC17,LC17,4
1849179266,1879877415,LC17,LC17(lVLPT4)_R,LC17,LC17,3
1849179266,1908865507,LC17,LC17,LC17,LC17,2
1849179266,1911926378,LC17,NA,LC17,NA,2
1849179266,1939904964,LC17,LC17,LC17,LC17,4
1849179266,2029624973,LC17,LC17,LC17,LC17,2
1849179266,2097820528,LC17,NA,LC17,NA,2
1849179266,2098161599,LC17,NA,LC17,NA,2
1849179266,5813017315,LC17,AVLP479_R,LC17,AVLP479,9
1849179266,5813039148,LC17,PVLP011_R,LC17,PVLP011,52
1849179266,5813054384,LC17,PPM1203_R,LC17,PPM1203,2
1849179266,5813057579,LC17,AVLP538_R,LC17,AVLP538,13
1849179266,5813068239,LC17,LC17,LC17,LC17,2
1849179266,5813077633,LC17,AVLP479_R,LC17,AVLP479,2
1849183960,447228814,LC17(lVLPT7)_R,PVLP106_R,LC17,PVLP106,44
1849183960,1068885266,LC17(lVLPT7)_R,PVLP151(SCB004)_R,LC17,PVLP151,8
1849183960,1158877703,LC17(lVLPT7)_R,LC17(lVLPT4)_R,LC17,LC17,3
1849183960,1219592090,LC17(lVLPT7)_R,LC17(lVLPT7)_R,LC17,LC17,4
1849183960,1221280490,LC17(lVLPT7)_R,LC17(lVLPT7)_R,LC17,LC17,2
1849183960,1312061760,LC17(lVLPT7)_R,AVLP572_R,LC17,AVLP572,3
1849183960,1321305370,LC17(lVLPT7)_R,PVLP061_R,LC17,PVLP061,79
1849183960,1354394414,LC17(lVLPT7)_R,PVLP120_R,LC17,PVLP120,3
1849183960,1374063129,LC17(lVLPT7)_R,PVLP132_R,LC17,PVLP132,9
1849183960,1375769049,LC17(lVLPT7)_R,LC17,LC17,LC17,2
1849183960,1382308349,LC17(lVLPT7)_R,PVLP071_R,LC17,PVLP071,2
1849183960,1420172582,LC17(lVLPT7)_R,NA,LC17,NA,2
1849183960,1435791739,LC17(lVLPT7)_R,PVLP132_R,LC17,PVLP132,8
1849183960,1449486007,LC17(lVLPT7)_R,AVLP537_R,LC17,AVLP537,10
1849183960,1474424990,LC17(lVLPT7)_R,PVLP073_R,LC17,PVLP073,2
1849183960,1477148598,LC17(lVLPT7)_R,PVLP075_R,LC17,PVLP075,2
1849183960,1479147574,LC17(lVLPT7)_R,PVLP072_R,LC17,PVLP072,7
1849183960,1479492693,LC17(lVLPT7)_R,PVLP072_R,LC17,PVLP072,4
1849183960,1508123633,LC17(lVLPT7)_R,PVLP018_R,LC17,PVLP018,6
1849183960,1535082316,LC17(lVLPT7)_R,PVLP135_R,LC17,PVLP135,14
1849183960,1535086505,LC17(lVLPT7)_R,PVLP135_R,LC17,PVLP135,22
1849183960,1563355501,LC17(lVLPT7)_R,LC17,LC17,LC17,2
1849183960,1565729476,LC17(lVLPT7)_R,LC17,LC17,LC17,3
1849183960,1625800608,LC17(lVLPT7)_R,LC17,LC17,LC17,2
1849183960,1629163100,LC17(lVLPT7)_R,LC17(lVLPT7)_R,LC17,LC17,2
1849183960,1630342162,LC17(lVLPT7)_R,PVLP036_R,LC17,PVLP036,8
1849183960,1655474822,LC17(lVLPT7)_R,LC17,LC17,LC17,2
1849183960,1687831632,LC17(lVLPT7)_R,LC17,LC17,LC17,3
1849183960,1690694192,LC17(lVLPT7)_R,PVLP036_R,LC17,PVLP036,3
1849183960,1695693354,LC17(lVLPT7)_R,PVLP072_R,LC17,PVLP072,2
1849183960,1720105182,LC17(lVLPT7)_R,NA,LC17,NA,2
1849183960,1753670596,LC17(lVLPT7)_R,LC17(lVLPT4)_R,LC17,LC17,4
1849183960,1754019541,LC17(lVLPT7)_R,LC17,LC17,LC17,2
1849183960,1776865370,LC17(lVLPT7)_R,LC17,LC17,LC17,2
1849183960,1781333405,LC17(lVLPT7)_R,LC17,LC17,LC17,2
1849183960,1783361972,LC17(lVLPT7)_R,LC17,LC17,LC17,4
1849183960,1812696567,LC17(lVLPT7)_R,LC17,LC17,LC17,2
1849183960,1813028777,LC17(lVLPT7)_R,LC17,LC17,LC17,3
1849183960,1814729788,LC17(lVLPT7)_R,LC17,LC17,LC17,2
1849183960,1817108009,LC17(lVLPT7)_R,LC17,LC17,LC17,2
1849183960,1817113079,LC17(lVLPT7)_R,LC17,LC17,LC17,2
1849183960,1817444670,LC17(lVLPT7)_R,LC17(lVLPT7)_R,LC17,LC17,2
1849183960,1817457808,LC17(lVLPT7)_R,LC17,LC17,LC17,2
1849183960,1817457987,LC17(lVLPT7)_R,LC17,LC17,LC17,2
1849183960,1817785661,LC17(lVLPT7)_R,LC17,LC17,LC17,3
1849183960,1817790222,LC17(lVLPT7)_R,LC17,LC17,LC17,2
1849183960,1817790281,LC17(lVLPT7)_R,LC17(lVLPT4)_R,LC17,LC17,2
1849183960,1845772658,LC17(lVLPT7)_R,LC17(lVLPT7)_R,LC17,LC17,2
1849183960,1847815147,LC17(lVLPT7)_R,LC17(lVLPT7)_R,LC17,LC17,3
1849183960,1848151618,LC17(lVLPT7)_R,NA,LC17,NA,2
1849183960,1848151877,LC17(lVLPT7)_R,LC17,LC17,LC17,3
1849183960,1848156241,LC17(lVLPT7)_R,LC17,LC17,LC17,2
1849183960,1848492258,LC17(lVLPT7)_R,LC17,LC17,LC17,2
1849183960,1848496927,LC17(lVLPT7)_R,NA,LC17,NA,2
1849183960,1849166071,LC17(lVLPT7)_R,LC17,LC17,LC17,2
1849183960,1849178917,LC17(lVLPT7)_R,LC17,LC17,LC17,2
1849183960,1849179266,LC17(lVLPT7)_R,LC17,LC17,LC17,4
1849183960,1878845226,LC17(lVLPT7)_R,LC17,LC17,LC17,3
1849183960,1974682390,LC17(lVLPT7)_R,LC17(lVLPT7)_R,LC17,LC17,2
1849183960,2003343134,LC17(lVLPT7)_R,NA,LC17,NA,2
1849183960,2005385380,LC17(lVLPT7)_R,NA,LC17,NA,2
1849183960,2029624973,LC17(lVLPT7)_R,LC17,LC17,LC17,3
1849183960,2245501457,LC17(lVLPT7)_R,LC17,LC17,LC17,2
1849183960,5812999009,LC17(lVLPT7)_R,LC17(lVLPT4)_R,LC17,LC17,2
1849183960,5813017315,LC17(lVLPT7)_R,AVLP479_R,LC17,AVLP479,14
1849183960,5813034336,LC17(lVLPT7)_R,LC17(lVLPT4)_R,LC17,LC17,2
1849183960,5813039148,LC17(lVLPT7)_R,PVLP011_R,LC17,PVLP011,36
1849183960,5813057579,LC17(lVLPT7)_R,AVLP538_R,LC17,AVLP538,17
1849183960,5813068239,LC17(lVLPT7)_R,LC17,LC17,LC17,2
1849183960,5813076492,LC17(lVLPT7)_R,LC17,LC17,LC17,2
1849183960,5813077633,LC17(lVLPT7)_R,AVLP479_R,LC17,AVLP479,2
1849503142,447228814,LC17,PVLP106_R,LC17,PVLP106,43
1849503142,1068885266,LC17,PVLP151(SCB004)_R,LC17,PVLP151,4
1849503142,1070950293,LC17,PVLP151(SCB004)_R,LC17,PVLP151,2
1849503142,1158877703,LC17,LC17(lVLPT4)_R,LC17,LC17,5
1849503142,1221280490,LC17,LC17(lVLPT7)_R,LC17,LC17,2
1849503142,1321305370,LC17,PVLP061_R,LC17,PVLP061,74
1849503142,1347126097,LC17,LC17,LC17,LC17,3
1849503142,1354394414,LC17,PVLP120_R,LC17,PVLP120,13
1849503142,1374063129,LC17,PVLP132_R,LC17,PVLP132,10
1849503142,1375769049,LC17,LC17,LC17,LC17,2
1849503142,1381997776,LC17,PVLP071_R,LC17,PVLP071,3
1849503142,1382308349,LC17,PVLP071_R,LC17,PVLP071,5
1849503142,1435791739,LC17,PVLP132_R,LC17,PVLP132,13
1849503142,1449486007,LC17,AVLP537_R,LC17,AVLP537,9
1849503142,1467859487,LC17,LC17,LC17,LC17,3
1849503142,1471607030,LC17,LC17,LC17,LC17,2
1849503142,1477148598,LC17,PVLP075_R,LC17,PVLP075,6
1849503142,1479147574,LC17,PVLP072_R,LC17,PVLP072,4
1849503142,1479492693,LC17,PVLP072_R,LC17,PVLP072,2
1849503142,1508123633,LC17,PVLP018_R,LC17,PVLP018,4
1849503142,1535082316,LC17,PVLP135_R,LC17,PVLP135,17
1849503142,1535086505,LC17,PVLP135_R,LC17,PVLP135,22
1849503142,1601227987,LC17,AVLP552_R,LC17,AVLP552,2
1849503142,1603645798,LC17,PVLP072_R,LC17,PVLP072,9
1849503142,1630342162,LC17,PVLP036_R,LC17,PVLP036,16
1849503142,1655474822,LC17,LC17,LC17,LC17,2
1849503142,1656153289,LC17,LC17,LC17,LC17,2
1849503142,1658881325,LC17,LC17,LC17,LC17,3
1849503142,1659515529,LC17,LC17,LC17,LC17,2
1849503142,1663639752,LC17,NA,LC17,NA,2
1849503142,1684443103,LC17,LC17,LC17,LC17,3
1849503142,1689239035,LC17,LC17,LC17,LC17,2
1849503142,1690694192,LC17,PVLP036_R,LC17,PVLP036,9
1849503142,1690698128,LC17,PVLP036_R,LC17,PVLP036,7
1849503142,1695693354,LC17,PVLP072_R,LC17,PVLP072,8
1849503142,1714791446,LC17,LC17,LC17,LC17,3
1849503142,1720105182,LC17,NA,LC17,NA,4
1849503142,1720454234,LC17,NA,LC17,NA,2
1849503142,1747181914,LC17,LC17,LC17,LC17,2
1849503142,1750251452,LC17,LC17,LC17,LC17,6
1849503142,1752672460,LC17,LC17,LC17,LC17,3
1849503142,1753670596,LC17,LC17(lVLPT4)_R,LC17,LC17,2
1849503142,1781324410,LC17,LC17,LC17,LC17,2
1849503142,1782318275,LC17,LC17,LC17,LC17,3
1849503142,1783690466,LC17,LC17,LC17,LC17,2
1849503142,1813028777,LC17,LC17,LC17,LC17,3
1849503142,1813382259,LC17,LC17(lVLPT7)_R,LC17,LC17,2
1849503142,1814055949,LC17,LC17,LC17,LC17,2
1849503142,1814060070,LC17,LC17,LC17,LC17,3
1849503142,1814729223,LC17,LC17(lVLPT7)_R,LC17,LC17,2
1849503142,1817107934,LC17,LC17,LC17,LC17,2
1849503142,1817444670,LC17,LC17(lVLPT7)_R,LC17,LC17,2
1849503142,1817448921,LC17,LC17,LC17,LC17,2
1849503142,1817449236,LC17,LC17,LC17,LC17,3
1849503142,1817457984,LC17,LC17,LC17,LC17,2
1849503142,1817457987,LC17,LC17,LC17,LC17,2
1849503142,1817458052,LC17,LC17,LC17,LC17,3
1849503142,1817790281,LC17,LC17(lVLPT4)_R,LC17,LC17,2
1849503142,1817790409,LC17,LC17(lVLPT7)_R,LC17,LC17,4
1849503142,1818136404,LC17,LC17,LC17,LC17,2
1849503142,1818473569,LC17,LC17,LC17,LC17,2
1849503142,1847806203,LC17,LC17,LC17,LC17,2
1849503142,1848143184,LC17,LC17,LC17,LC17,4
1849503142,1848151236,LC17,LC17,LC17,LC17,2
1849503142,1848506334,LC17,NA,LC17,NA,8
1849503142,1848828925,LC17,LC17(lVLPT7)_R,LC17,LC17,2
1849503142,1848837843,LC17,LC17,LC17,LC17,5
1849503142,1849161220,LC17,LC17,LC17,LC17,6
1849503142,1849507321,LC17,LC17,LC17,LC17,2
1849503142,1849520324,LC17,LC17,LC17,LC17,3
1849503142,1875460978,LC17,LC17,LC17,LC17,2
1849503142,1878845226,LC17,LC17,LC17,LC17,2
1849503142,1879226079,LC17,NA,LC17,NA,3
1849503142,1879519066,LC17,LC17,LC17,LC17,7
1849503142,1879877415,LC17,LC17(lVLPT4)_R,LC17,LC17,3
1849503142,1880209425,LC17,LC17(lVLPT7)_R,LC17,LC17,3
1849503142,1880887003,LC17,LC17,LC17,LC17,2
1849503142,1911235514,LC17,NA,LC17,NA,2
1849503142,1911930750,LC17,NA,LC17,NA,2
1849503142,1912271899,LC17,NA,LC17,NA,2
1849503142,1937193993,LC17,LC17,LC17,LC17,3
1849503142,1939904964,LC17,LC17,LC17,LC17,2
1849503142,1941268788,LC17,NA,LC17,NA,2
1849503142,1974678572,LC17,NA,LC17,NA,2
1849503142,1974682390,LC17,LC17(lVLPT7)_R,LC17,LC17,3
1849503142,2029624973,LC17,LC17,LC17,LC17,9
1849503142,2129192808,LC17,NA,LC17,NA,2
1849503142,5812991769,LC17,LC17,LC17,LC17,2
1849503142,5812998833,LC17,LC17,LC17,LC17,2
1849503142,5813017315,LC17,AVLP479_R,LC17,AVLP479,7
1849503142,5813034336,LC17,LC17(lVLPT4)_R,LC17,LC17,2
1849503142,5813039148,LC17,PVLP011_R,LC17,PVLP011,43
1849503142,5813057178,LC17,PVLP136_R,LC17,PVLP136,2
1849503142,5813057579,LC17,AVLP538_R,LC17,AVLP538,12
1849503142,5813077633,LC17,AVLP479_R,LC17,AVLP479,6
1849503142,5813080260,LC17,AVLP153_R,LC17,AVLP153,3
1849507321,447228814,LC17,PVLP106_R,LC17,PVLP106,36
1849507321,1068885266,LC17,PVLP151(SCB004)_R,LC17,PVLP151,3
1849507321,1158877783,LC17,LC17,LC17,LC17,2
1849507321,1190250299,LC17,LC17,LC17,LC17,2
1849507321,1250277991,LC17,LC17,LC17,LC17,2
1849507321,1282676872,LC17,NA,LC17,NA,2
1849507321,1321305370,LC17,PVLP061_R,LC17,PVLP061,64
1849507321,1354394414,LC17,PVLP120_R,LC17,PVLP120,4
1849507321,1374063129,LC17,PVLP132_R,LC17,PVLP132,8
1849507321,1382308349,LC17,PVLP071_R,LC17,PVLP071,8
1849507321,1405788552,LC17,LC17,LC17,LC17,2
1849507321,1435791739,LC17,PVLP132_R,LC17,PVLP132,9
1849507321,1437165487,LC17,LC17,LC17,LC17,2
1849507321,1449486007,LC17,AVLP537_R,LC17,AVLP537,6
1849507321,1473332777,LC17,LC17(lVLPT7)_R,LC17,LC17,3
1849507321,1479147574,LC17,PVLP072_R,LC17,PVLP072,3
1849507321,1479492693,LC17,PVLP072_R,LC17,PVLP072,7
1849507321,1508123633,LC17,PVLP018_R,LC17,PVLP018,9
1849507321,1528577476,LC17,LC17,LC17,LC17,3
1849507321,1534694621,LC17,LC17,LC17,LC17,4
1849507321,1535082316,LC17,PVLP135_R,LC17,PVLP135,12
1849507321,1535086505,LC17,PVLP135_R,LC17,PVLP135,14
1849507321,1562707421,LC17,LC17(lVLPT7)_R,LC17,LC17,3
1849507321,1565729476,LC17,LC17,LC17,LC17,2
1849507321,1593012939,LC17,LC17,LC17,LC17,4
1849507321,1593417998,LC17,LPLC1_R,LC17,LPLC1,2
1849507321,1603645798,LC17,PVLP072_R,LC17,PVLP072,3
1849507321,1621008677,LC17,LC17,LC17,LC17,3
1849507321,1630342162,LC17,PVLP036_R,LC17,PVLP036,6
1849507321,1654413566,LC17,LC17,LC17,LC17,2
1849507321,1689915765,LC17,LC17,LC17,LC17,2
1849507321,1690694192,LC17,PVLP036_R,LC17,PVLP036,3
1849507321,1690698128,LC17,PVLP036_R,LC17,PVLP036,6
1849507321,1722307233,LC17,LC17(lVLPT7)_R,LC17,LC17,2
1849507321,1749270652,LC17,LC11,LC17,LC11,2
1849507321,1754019541,LC17,LC17,LC17,LC17,2
1849507321,1781324410,LC17,LC17,LC17,LC17,2
1849507321,1782318275,LC17,LC17,LC17,LC17,3
1849507321,1782680353,LC17,LC17,LC17,LC17,3
1849507321,1812696567,LC17,LC17,LC17,LC17,2
1849507321,1814031575,LC17,LC17,LC17,LC17,3
1849507321,1814055949,LC17,LC17,LC17,LC17,2
1849507321,1817113079,LC17,LC17,LC17,LC17,2
1849507321,1817444315,LC17,LC17(lVLPT7)_R,LC17,LC17,2
1849507321,1817444555,LC17,LC17,LC17,LC17,2
1849507321,1817449236,LC17,LC17,LC17,LC17,3
1849507321,1817785661,LC17,LC17,LC17,LC17,3
1849507321,1817790281,LC17,LC17(lVLPT4)_R,LC17,LC17,3
1849507321,1817799390,LC17,LC17,LC17,LC17,2
1849507321,1818122205,LC17,LC17,LC17,LC17,3
1849507321,1818136404,LC17,LC17,LC17,LC17,2
1849507321,1847806203,LC17,LC17,LC17,LC17,2
1849507321,1848151618,LC17,NA,LC17,NA,2
1849507321,1848479773,LC17,NA,LC17,NA,2
1849507321,1848492258,LC17,LC17,LC17,LC17,4
1849507321,1848506334,LC17,NA,LC17,NA,2
1849507321,1849161407,LC17,LC17,LC17,LC17,4
1849507321,1849520324,LC17,LC17,LC17,LC17,3
1849507321,1870655688,LC17,NA,LC17,NA,2
1849507321,1879226079,LC17,NA,LC17,NA,6
1849507321,1908865507,LC17,LC17,LC17,LC17,2
1849507321,1937193993,LC17,LC17,LC17,LC17,6
1849507321,1941614371,LC17,NA,LC17,NA,4
1849507321,1942633428,LC17,NA,LC17,NA,2
1849507321,2005363241,LC17,NA,LC17,NA,2
1849507321,2096797326,LC17,NA,LC17,NA,3
1849507321,5813017315,LC17,AVLP479_R,LC17,AVLP479,9
1849507321,5813023353,LC17,LT1_R,LC17,LT1,2
1849507321,5813027276,LC17,AVLP080_R,LC17,AVLP080,2
1849507321,5813034336,LC17,LC17(lVLPT4)_R,LC17,LC17,3
1849507321,5813039148,LC17,PVLP011_R,LC17,PVLP011,40
1849507321,5813054384,LC17,PPM1203_R,LC17,PPM1203,2
1849507321,5813057178,LC17,PVLP136_R,LC17,PVLP136,4
1849507321,5813057579,LC17,AVLP538_R,LC17,AVLP538,19
1849507321,5813076492,LC17,LC17,LC17,LC17,3
1849507321,5813077633,LC17,AVLP479_R,LC17,AVLP479,10
1849520324,447228814,LC17,PVLP106_R,LC17,PVLP106,57
1849520324,1068885266,LC17,PVLP151(SCB004)_R,LC17,PVLP151,8
1849520324,1070950293,LC17,PVLP151(SCB004)_R,LC17,PVLP151,2
1849520324,1158877703,LC17,LC17(lVLPT4)_R,LC17,LC17,3
1849520324,1313702895,LC17,LC17,LC17,LC17,2
1849520324,1321305370,LC17,PVLP061_R,LC17,PVLP061,98
1849520324,1354394414,LC17,PVLP120_R,LC17,PVLP120,17
1849520324,1374063129,LC17,PVLP132_R,LC17,PVLP132,15
1849520324,1375769049,LC17,LC17,LC17,LC17,3
1849520324,1381997776,LC17,PVLP071_R,LC17,PVLP071,7
1849520324,1382308349,LC17,PVLP071_R,LC17,PVLP071,12
1849520324,1435791739,LC17,PVLP132_R,LC17,PVLP132,11
1849520324,1449486007,LC17,AVLP537_R,LC17,AVLP537,15
1849520324,1466844031,LC17,LC17,LC17,LC17,2
1849520324,1467859487,LC17,LC17,LC17,LC17,2
1849520324,1471607030,LC17,LC17,LC17,LC17,4
1849520324,1479147574,LC17,PVLP072_R,LC17,PVLP072,5
1849520324,1508123633,LC17,PVLP018_R,LC17,PVLP018,11
1849520324,1534694621,LC17,LC17,LC17,LC17,4
1849520324,1535082316,LC17,PVLP135_R,LC17,PVLP135,11
1849520324,1535086505,LC17,PVLP135_R,LC17,PVLP135,24
1849520324,1561301125,LC17,LC17,LC17,LC17,2
1849520324,1603645798,LC17,PVLP072_R,LC17,PVLP072,5
1849520324,1621008677,LC17,LC17,LC17,LC17,2
1849520324,1625800608,LC17,LC17,LC17,LC17,4
1849520324,1629163100,LC17,LC17(lVLPT7)_R,LC17,LC17,3
1849520324,1630342162,LC17,PVLP036_R,LC17,PVLP036,5
1849520324,1663639752,LC17,NA,LC17,NA,2
1849520324,1689915765,LC17,LC17,LC17,LC17,2
1849520324,1690694192,LC17,PVLP036_R,LC17,PVLP036,9
1849520324,1690698128,LC17,PVLP036_R,LC17,PVLP036,6
1849520324,1690917721,LC17,LC17,LC17,LC17,3
1849520324,1695693354,LC17,PVLP072_R,LC17,PVLP072,2
1849520324,1719928105,LC17,LC17,LC17,LC17,2
1849520324,1720105182,LC17,NA,LC17,NA,5
1849520324,1722307233,LC17,LC17(lVLPT7)_R,LC17,LC17,2
1849520324,1724345210,LC17,NA,LC17,NA,4
1849520324,1782318275,LC17,LC17,LC17,LC17,2
1849520324,1782680353,LC17,LC17,LC17,LC17,3
1849520324,1812363713,LC17,LC17,LC17,LC17,4
1849520324,1812696567,LC17,LC17,LC17,LC17,2
1849520324,1813382259,LC17,LC17(lVLPT7)_R,LC17,LC17,2
1849520324,1814031575,LC17,LC17,LC17,LC17,3
1849520324,1814410124,LC17,LC17,LC17,LC17,3
1849520324,1814729788,LC17,LC17,LC17,LC17,2
1849520324,1817107934,LC17,LC17,LC17,LC17,2
1849520324,1817112807,LC17,LC17(lVLPT4)_R,LC17,LC17,4
1849520324,1817113079,LC17,LC17,LC17,LC17,3
1849520324,1817448971,LC17,LC17,LC17,LC17,3
1849520324,1817449375,LC17,LC17,LC17,LC17,2
1849520324,1817452948,LC17,LC17,LC17,LC17,2
1849520324,1817453065,LC17,LC17,LC17,LC17,2
1849520324,1817453557,LC17,LC17(lVLPT4)_R,LC17,LC17,2
1849520324,1817457984,LC17,LC17,LC17,LC17,2
1849520324,1817457987,LC17,LC17,LC17,LC17,2
1849520324,1817785661,LC17,LC17,LC17,LC17,4
1849520324,1817790222,LC17,LC17,LC17,LC17,2
1849520324,1817794820,LC17,LC17(lVLPT7)_R,LC17,LC17,2
1849520324,1848151236,LC17,LC17,LC17,LC17,2
1849520324,1848151571,LC17,LC17(lVLPT7)_R,LC17,LC17,3
1849520324,1848151877,LC17,LC17,LC17,LC17,2
1849520324,1848506100,LC17,NA,LC17,NA,3
1849520324,1848506334,LC17,NA,LC17,NA,4
1849520324,1848824817,LC17,LC17,LC17,LC17,2
1849520324,1848828925,LC17,LC17(lVLPT7)_R,LC17,LC17,4
1849520324,1849179266,LC17,LC17,LC17,LC17,4
1849520324,1849503142,LC17,LC17,LC17,LC17,4
1849520324,1849507321,LC17,LC17,LC17,LC17,3
1849520324,1875460978,LC17,LC17,LC17,LC17,2
1849520324,1876820783,LC17,LC17,LC17,LC17,3
1849520324,1910574891,LC17,NA,LC17,NA,2
1849520324,1911257021,LC17,NA,LC17,NA,2
1849520324,1912600163,LC17,LC17,LC17,LC17,2
1849520324,1974682390,LC17,LC17(lVLPT7)_R,LC17,LC17,4
1849520324,2004370647,LC17,NA,LC17,NA,2
1849520324,2065413223,LC17,NA,LC17,NA,3
1849520324,2066095352,LC17,NA,LC17,NA,3
1849520324,5812992219,LC17,LC17,LC17,LC17,3
1849520324,5812992468,LC17,LC17,LC17,LC17,2
1849520324,5812993994,LC17,LC17,LC17,LC17,2
1849520324,5812998833,LC17,LC17,LC17,LC17,3
1849520324,5813017315,LC17,AVLP479_R,LC17,AVLP479,10
1849520324,5813038679,LC17,LC17,LC17,LC17,2
1849520324,5813039148,LC17,PVLP011_R,LC17,PVLP011,49
1849520324,5813057178,LC17,PVLP136_R,LC17,PVLP136,3
1849520324,5813057579,LC17,AVLP538_R,LC17,AVLP538,17
1849520324,5813068239,LC17,LC17,LC17,LC17,2
1849520324,5813068559,LC17,AVLP396_R,LC17,AVLP396,2
1849520324,5813077633,LC17,AVLP479_R,LC17,AVLP479,9
1849520324,5813080260,LC17,AVLP153_R,LC17,AVLP153,2
1875124235,447228814,LC17,PVLP106_R,LC17,PVLP106,34
1875124235,1068885266,LC17,PVLP151(SCB004)_R,LC17,PVLP151,5
1875124235,1221280490,LC17,LC17(lVLPT7)_R,LC17,LC17,4
1875124235,1321305370,LC17,PVLP061_R,LC17,PVLP061,60
1875124235,1347126097,LC17,LC17,LC17,LC17,2
1875124235,1354394414,LC17,PVLP120_R,LC17,PVLP120,10
1875124235,1374063129,LC17,PVLP132_R,LC17,PVLP132,7
1875124235,1375769049,LC17,LC17,LC17,LC17,2
1875124235,1381997776,LC17,PVLP071_R,LC17,PVLP071,3
1875124235,1382308349,LC17,PVLP071_R,LC17,PVLP071,2
1875124235,1435791739,LC17,PVLP132_R,LC17,PVLP132,8
1875124235,1435822283,LC17,LC17,LC17,LC17,2
1875124235,1449486007,LC17,AVLP537_R,LC17,AVLP537,6
1875124235,1473332777,LC17,LC17(lVLPT7)_R,LC17,LC17,2
1875124235,1473648518,LC17,LC17,LC17,LC17,2
1875124235,1474424990,LC17,PVLP073_R,LC17,PVLP073,2
1875124235,1479147574,LC17,PVLP072_R,LC17,PVLP072,8
1875124235,1497200791,LC17,LC17,LC17,LC17,2
1875124235,1504428248,LC17,PVLP075_R,LC17,PVLP075,3
1875124235,1508123633,LC17,PVLP018_R,LC17,PVLP018,7
1875124235,1535082316,LC17,PVLP135_R,LC17,PVLP135,19
1875124235,1535086505,LC17,PVLP135_R,LC17,PVLP135,19
1875124235,1562707421,LC17,LC17(lVLPT7)_R,LC17,LC17,2
1875124235,1603645798,LC17,PVLP072_R,LC17,PVLP072,2
1875124235,1603957106,LC17,AVLP409_R,LC17,AVLP409,2
1875124235,1622360309,LC17,LC17,LC17,LC17,2
1875124235,1630342162,LC17,PVLP036_R,LC17,PVLP036,18
1875124235,1655474822,LC17,LC17,LC17,LC17,3
1875124235,1689200671,LC17,LC17,LC17,LC17,4
1875124235,1690694192,LC17,PVLP036_R,LC17,PVLP036,3
1875124235,1690698128,LC17,PVLP036_R,LC17,PVLP036,4
1875124235,1695693354,LC17,PVLP072_R,LC17,PVLP072,4
1875124235,1720105182,LC17,NA,LC17,NA,2
1875124235,1722307233,LC17,LC17(lVLPT7)_R,LC17,LC17,2
1875124235,1753670596,LC17,LC17(lVLPT4)_R,LC17,LC17,3
1875124235,1776865370,LC17,LC17,LC17,LC17,2
1875124235,1807572051,LC17,LC17,LC17,LC17,2
1875124235,1812696567,LC17,LC17,LC17,LC17,4
1875124235,1813028777,LC17,LC17,LC17,LC17,2
1875124235,1814031575,LC17,LC17,LC17,LC17,4
1875124235,1817108009,LC17,LC17,LC17,LC17,2
1875124235,1817112807,LC17,LC17(lVLPT4)_R,LC17,LC17,2
1875124235,1817113079,LC17,LC17,LC17,LC17,2
1875124235,1817448921,LC17,LC17,LC17,LC17,2
1875124235,1817453065,LC17,LC17,LC17,LC17,2
1875124235,1817457984,LC17,LC17,LC17,LC17,2
1875124235,1817458052,LC17,LC17,LC17,LC17,3
1875124235,1817785682,LC17,LC17,LC17,LC17,2
1875124235,1818122205,LC17,LC17,LC17,LC17,3
1875124235,1818136404,LC17,LC17,LC17,LC17,2
1875124235,1847810811,LC17,LC17(lVLPT7)_R,LC17,LC17,2
1875124235,1848483949,LC17,LC17(lVLPT4)_R,LC17,LC17,2
1875124235,1848506334,LC17,NA,LC17,NA,3
1875124235,1848820426,LC17,LC17(lVLPT7)_R,LC17,LC17,2
1875124235,1848824817,LC17,LC17,LC17,LC17,5
1875124235,1848828925,LC17,LC17(lVLPT7)_R,LC17,LC17,2
1875124235,1849520324,LC17,LC17,LC17,LC17,2
1875124235,1879519066,LC17,LC17,LC17,LC17,2
1875124235,1880209425,LC17,LC17(lVLPT7)_R,LC17,LC17,4
1875124235,1910920174,LC17,NA,LC17,NA,2
1875124235,1941942728,LC17,NA,LC17,NA,2
1875124235,2029624973,LC17,LC17,LC17,LC17,2
1875124235,2037097519,LC17,NA,LC17,NA,2
1875124235,2245501457,LC17,LC17,LC17,LC17,2
1875124235,5812988086,LC17,LC17,LC17,LC17,2
1875124235,5812992468,LC17,LC17,LC17,LC17,3
1875124235,5813017315,LC17,AVLP479_R,LC17,AVLP479,10
1875124235,5813038918,LC17,LC17,LC17,LC17,2
1875124235,5813039148,LC17,PVLP011_R,LC17,PVLP011,35
1875124235,5813039410,LC17,LC17,LC17,LC17,2
1875124235,5813057178,LC17,PVLP136_R,LC17,PVLP136,2
1875124235,5813057579,LC17,AVLP538_R,LC17,AVLP538,10
1875124235,5813068239,LC17,LC17,LC17,LC17,2
1875124235,5813077633,LC17,AVLP479_R,LC17,AVLP479,4
1875124235,5813080260,LC17,AVLP153_R,LC17,AVLP153,2
1875460978,447228814,LC17,PVLP106_R,LC17,PVLP106,40
1875460978,1068885266,LC17,PVLP151(SCB004)_R,LC17,PVLP151,8
1875460978,1070950293,LC17,PVLP151(SCB004)_R,LC17,PVLP151,3
1875460978,1158877703,LC17,LC17(lVLPT4)_R,LC17,LC17,6
1875460978,1221285175,LC17,LC17,LC17,LC17,5
1875460978,1313702895,LC17,LC17,LC17,LC17,2
1875460978,1321305370,LC17,PVLP061_R,LC17,PVLP061,59
1875460978,1347812305,LC17,LC17(lVLPT7)_R,LC17,LC17,3
1875460978,1354394414,LC17,PVLP120_R,LC17,PVLP120,7
1875460978,1374063129,LC17,PVLP132_R,LC17,PVLP132,15
1875460978,1381997776,LC17,PVLP071_R,LC17,PVLP071,2
1875460978,1435791739,LC17,PVLP132_R,LC17,PVLP132,10
1875460978,1449486007,LC17,AVLP537_R,LC17,AVLP537,5
1875460978,1473332777,LC17,LC17(lVLPT7)_R,LC17,LC17,2
1875460978,1477148598,LC17,PVLP075_R,LC17,PVLP075,2
1875460978,1479147574,LC17,PVLP072_R,LC17,PVLP072,10
1875460978,1479492693,LC17,PVLP072_R,LC17,PVLP072,2
1875460978,1508123633,LC17,PVLP018_R,LC17,PVLP018,6
1875460978,1535082316,LC17,PVLP135_R,LC17,PVLP135,9
1875460978,1535086505,LC17,PVLP135_R,LC17,PVLP135,21
1875460978,1565729476,LC17,LC17,LC17,LC17,2
1875460978,1603645798,LC17,PVLP072_R,LC17,PVLP072,4
1875460978,1603957106,LC17,AVLP409_R,LC17,AVLP409,2
1875460978,1625800608,LC17,LC17,LC17,LC17,2
1875460978,1630342162,LC17,PVLP036_R,LC17,PVLP036,10
1875460978,1690694192,LC17,PVLP036_R,LC17,PVLP036,13
1875460978,1690917721,LC17,LC17,LC17,LC17,3
1875460978,1695693354,LC17,PVLP072_R,LC17,PVLP072,4
1875460978,1720105182,LC17,NA,LC17,NA,4
1875460978,1720454234,LC17,NA,LC17,NA,2
1875460978,1748187330,LC17,LC17,LC17,LC17,2
1875460978,1752962124,LC17,LC17,LC17,LC17,2
1875460978,1779567374,LC17,LC17,LC17,LC17,2
1875460978,1783690466,LC17,LC17,LC17,LC17,3
1875460978,1808241116,LC17,LC17,LC17,LC17,3
1875460978,1814055949,LC17,LC17,LC17,LC17,2
1875460978,1814410124,LC17,LC17,LC17,LC17,2
1875460978,1817113079,LC17,LC17,LC17,LC17,2
1875460978,1817444315,LC17,LC17(lVLPT7)_R,LC17,LC17,2
1875460978,1817449116,LC17,LC17(lVLPT4)_R,LC17,LC17,2
1875460978,1817457984,LC17,LC17,LC17,LC17,3
1875460978,1817786077,LC17,LC17,LC17,LC17,3
1875460978,1817794820,LC17,LC17(lVLPT7)_R,LC17,LC17,3
1875460978,1818136404,LC17,LC17,LC17,LC17,2
1875460978,1847806275,LC17,LC17,LC17,LC17,2
1875460978,1847815147,LC17,LC17(lVLPT7)_R,LC17,LC17,2
1875460978,1848143184,LC17,LC17,LC17,LC17,4
1875460978,1848151571,LC17,LC17(lVLPT7)_R,LC17,LC17,3
1875460978,1848151877,LC17,LC17,LC17,LC17,2
1875460978,1848488366,LC17,NA,LC17,NA,2
1875460978,1848506334,LC17,NA,LC17,NA,2
1875460978,1848820426,LC17,LC17(lVLPT7)_R,LC17,LC17,4
1875460978,1849166071,LC17,LC17,LC17,LC17,2
1875460978,1849174879,LC17,LC17(lVLPT7)_R,LC17,LC17,4
1875460978,1849503142,LC17,LC17,LC17,LC17,3
1875460978,1878845629,LC17,LC17,LC17,LC17,2
1875460978,1879226079,LC17,NA,LC17,NA,2
1875460978,1880887003,LC17,LC17,LC17,LC17,5
1875460978,1911248554,LC17,NA,LC17,NA,2
1875460978,1911261253,LC17,NA,LC17,NA,2
1875460978,1912599513,LC17,NA,LC17,NA,3
1875460978,1912600163,LC17,LC17,LC17,LC17,6
1875460978,1912604443,LC17,NA,LC17,NA,2
1875460978,1937193993,LC17,LC17,LC17,LC17,3
1875460978,1941260378,LC17,NA,LC17,NA,2
1875460978,1942306052,LC17,NA,LC17,NA,2
1875460978,2029624973,LC17,LC17,LC17,LC17,3
1875460978,2129187723,LC17,NA,LC17,NA,2
1875460978,5812988086,LC17,LC17,LC17,LC17,2
1875460978,5812993994,LC17,LC17,LC17,LC17,2
1875460978,5812999009,LC17,LC17(lVLPT4)_R,LC17,LC17,2
1875460978,5813017315,LC17,AVLP479_R,LC17,AVLP479,10
1875460978,5813034336,LC17,LC17(lVLPT4)_R,LC17,LC17,3
1875460978,5813039148,LC17,PVLP011_R,LC17,PVLP011,51
1875460978,5813039410,LC17,LC17,LC17,LC17,3
1875460978,5813057579,LC17,AVLP538_R,LC17,AVLP538,17
1875460978,5813068559,LC17,AVLP396_R,LC17,AVLP396,2
1875460978,5813077633,LC17,AVLP479_R,LC17,AVLP479,7
1876820783,447228814,LC17,PVLP106_R,LC17,PVLP106,31
1876820783,1068885266,LC17,PVLP151(SCB004)_R,LC17,PVLP151,3
1876820783,1070950293,LC17,PVLP151(SCB004)_R,LC17,PVLP151,2
1876820783,1221280490,LC17,LC17(lVLPT7)_R,LC17,LC17,2
1876820783,1321305370,LC17,PVLP061_R,LC17,PVLP061,72
1876820783,1348153557,LC17,LC17,LC17,LC17,2
1876820783,1354394414,LC17,PVLP120_R,LC17,PVLP120,2
1876820783,1374063129,LC17,PVLP132_R,LC17,PVLP132,17
1876820783,1375769049,LC17,LC17,LC17,LC17,2
1876820783,1382308349,LC17,PVLP071_R,LC17,PVLP071,5
1876820783,1435791739,LC17,PVLP132_R,LC17,PVLP132,6
1876820783,1449486007,LC17,AVLP537_R,LC17,AVLP537,19
1876820783,1471610338,LC17,LC17,LC17,LC17,3
1876820783,1473648518,LC17,LC17,LC17,LC17,2
1876820783,1475188631,LC17,AVLP541_R,LC17,AVLP541,2
1876820783,1479147574,LC17,PVLP072_R,LC17,PVLP072,12
1876820783,1479492693,LC17,PVLP072_R,LC17,PVLP072,3
1876820783,1508123633,LC17,PVLP018_R,LC17,PVLP018,6
1876820783,1512232956,LC17,AVLP135_R,LC17,AVLP135,2
1876820783,1528577476,LC17,LC17,LC17,LC17,4
1876820783,1534694621,LC17,LC17,LC17,LC17,2
1876820783,1535082316,LC17,PVLP135_R,LC17,PVLP135,19
1876820783,1535086505,LC17,PVLP135_R,LC17,PVLP135,18
1876820783,1561301125,LC17,LC17,LC17,LC17,2
1876820783,1562707421,LC17,LC17(lVLPT7)_R,LC17,LC17,2
1876820783,1563355501,LC17,LC17,LC17,LC17,3
1876820783,1565729476,LC17,LC17,LC17,LC17,3
1876820783,1593012939,LC17,LC17,LC17,LC17,2
1876820783,1601227987,LC17,AVLP552_R,LC17,AVLP552,3
1876820783,1603645798,LC17,PVLP072_R,LC17,PVLP072,7
1876820783,1621008677,LC17,LC17,LC17,LC17,2
1876820783,1628528573,LC17,LC17,LC17,LC17,4
1876820783,1630342162,LC17,PVLP036_R,LC17,PVLP036,7
1876820783,1654413566,LC17,LC17,LC17,LC17,4
1876820783,1656153289,LC17,LC17,LC17,LC17,3
1876820783,1659515529,LC17,LC17,LC17,LC17,3
1876820783,1690694192,LC17,PVLP036_R,LC17,PVLP036,4
1876820783,1690698128,LC17,PVLP036_R,LC17,PVLP036,7
1876820783,1695693354,LC17,PVLP072_R,LC17,PVLP072,4
1876820783,1719928105,LC17,LC17,LC17,LC17,2
1876820783,1720454234,LC17,NA,LC17,NA,2
1876820783,1722307233,LC17,LC17(lVLPT7)_R,LC17,LC17,2
1876820783,1747181914,LC17,LC17,LC17,LC17,2
1876820783,1752962124,LC17,LC17,LC17,LC17,3
1876820783,1754019541,LC17,LC17,LC17,LC17,2
1876820783,1776865370,LC17,LC17,LC17,LC17,2
1876820783,1782318275,LC17,LC17,LC17,LC17,2
1876820783,1812696567,LC17,LC17,LC17,LC17,2
1876820783,1814031575,LC17,LC17,LC17,LC17,5
1876820783,1817112807,LC17,LC17(lVLPT4)_R,LC17,LC17,2
1876820783,1817449059,LC17,LC17,LC17,LC17,2
1876820783,1817452948,LC17,LC17,LC17,LC17,2
1876820783,1817453557,LC17,LC17(lVLPT4)_R,LC17,LC17,2
1876820783,1817785661,LC17,LC17,LC17,LC17,2
1876820783,1817790409,LC17,LC17(lVLPT7)_R,LC17,LC17,2
1876820783,1844421716,LC17,LC17,LC17,LC17,4
1876820783,1845772658,LC17,LC17(lVLPT7)_R,LC17,LC17,4
1876820783,1848143184,LC17,LC17,LC17,LC17,2
1876820783,1848156241,LC17,LC17,LC17,LC17,2
1876820783,1848506334,LC17,NA,LC17,NA,2
1876820783,1848828925,LC17,LC17(lVLPT7)_R,LC17,LC17,3
1876820783,1849161220,LC17,LC17,LC17,LC17,2
1876820783,1849161407,LC17,LC17,LC17,LC17,4
1876820783,1849174879,LC17,LC17(lVLPT7)_R,LC17,LC17,3
1876820783,1849520324,LC17,LC17,LC17,LC17,5
1876820783,1878845226,LC17,LC17,LC17,LC17,2
1876820783,1879226079,LC17,NA,LC17,NA,2
1876820783,1880887003,LC17,LC17,LC17,LC17,2
1876820783,2003338757,LC17,NA,LC17,NA,2
1876820783,2004012518,LC17,NA,LC17,NA,2
1876820783,2065758388,LC17,NA,LC17,NA,2
1876820783,5813017315,LC17,AVLP479_R,LC17,AVLP479,4
1876820783,5813039148,LC17,PVLP011_R,LC17,PVLP011,46
1876820783,5813045381,LC17,NA,LC17,NA,2
1876820783,5813057178,LC17,PVLP136_R,LC17,PVLP136,4
1876820783,5813057579,LC17,AVLP538_R,LC17,AVLP538,16
1876820783,5813060163,LC17,LC17,LC17,LC17,2
1876820783,5813077633,LC17,AVLP479_R,LC17,AVLP479,9
1876820783,5813080260,LC17,AVLP153_R,LC17,AVLP153,2
1878845226,447228814,LC17,PVLP106_R,LC17,PVLP106,33
1878845226,1068885266,LC17,PVLP151(SCB004)_R,LC17,PVLP151,2
1878845226,1221280490,LC17,LC17(lVLPT7)_R,LC17,LC17,2
1878845226,1321305370,LC17,PVLP061_R,LC17,PVLP061,63
1878845226,1354394414,LC17,PVLP120_R,LC17,PVLP120,15
1878845226,1374063129,LC17,PVLP132_R,LC17,PVLP132,12
1878845226,1375769049,LC17,LC17,LC17,LC17,3
1878845226,1435791739,LC17,PVLP132_R,LC17,PVLP132,10
1878845226,1449486007,LC17,AVLP537_R,LC17,AVLP537,5
1878845226,1473648518,LC17,LC17,LC17,LC17,2
1878845226,1474424990,LC17,PVLP073_R,LC17,PVLP073,2
1878845226,1479147574,LC17,PVLP072_R,LC17,PVLP072,8
1878845226,1479492693,LC17,PVLP072_R,LC17,PVLP072,4
1878845226,1497200791,LC17,LC17,LC17,LC17,2
1878845226,1504428248,LC17,PVLP075_R,LC17,PVLP075,3
1878845226,1508123633,LC17,PVLP018_R,LC17,PVLP018,4
1878845226,1528577476,LC17,LC17,LC17,LC17,2
1878845226,1535082316,LC17,PVLP135_R,LC17,PVLP135,18
1878845226,1535086505,LC17,PVLP135_R,LC17,PVLP135,16
1878845226,1565729476,LC17,LC17,LC17,LC17,2
1878845226,1603645798,LC17,PVLP072_R,LC17,PVLP072,4
1878845226,1603957106,LC17,AVLP409_R,LC17,AVLP409,2
1878845226,1629163100,LC17,LC17(lVLPT7)_R,LC17,LC17,2
1878845226,1630342162,LC17,PVLP036_R,LC17,PVLP036,7
1878845226,1655474822,LC17,LC17,LC17,LC17,2
1878845226,1658881325,LC17,LC17,LC17,LC17,2
1878845226,1663639752,LC17,NA,LC17,NA,3
1878845226,1687831632,LC17,LC17,LC17,LC17,3
1878845226,1690694192,LC17,PVLP036_R,LC17,PVLP036,7
1878845226,1690698128,LC17,PVLP036_R,LC17,PVLP036,5
1878845226,1695693354,LC17,PVLP072_R,LC17,PVLP072,5
1878845226,1720105182,LC17,NA,LC17,NA,2
1878845226,1750251452,LC17,LC17,LC17,LC17,3
1878845226,1754019541,LC17,LC17,LC17,LC17,2
1878845226,1781333405,LC17,LC17,LC17,LC17,2
1878845226,1814031575,LC17,LC17,LC17,LC17,3
1878845226,1814729788,LC17,LC17,LC17,LC17,2
1878845226,1817107934,LC17,LC17,LC17,LC17,2
1878845226,1817449375,LC17,LC17,LC17,LC17,4
1878845226,1817452948,LC17,LC17,LC17,LC17,5
1878845226,1817457987,LC17,LC17,LC17,LC17,2
1878845226,1817463007,LC17,LC17,LC17,LC17,3
1878845226,1818122205,LC17,LC17,LC17,LC17,2
1878845226,1818136404,LC17,LC17,LC17,LC17,2
1878845226,1847806203,LC17,LC17,LC17,LC17,3
1878845226,1848151877,LC17,LC17,LC17,LC17,2
1878845226,1848820426,LC17,LC17(lVLPT7)_R,LC17,LC17,2
1878845226,1848828925,LC17,LC17(lVLPT7)_R,LC17,LC17,3
1878845226,1849161407,LC17,LC17,LC17,LC17,2
1878845226,1879226079,LC17,NA,LC17,NA,5
1878845226,1879519066,LC17,LC17,LC17,LC17,2
1878845226,1880555046,LC17,NA,LC17,NA,2
1878845226,1942637636,LC17,NA,LC17,NA,2
1878845226,1974332954,LC17,NA,LC17,NA,2
1878845226,2003688330,LC17,NA,LC17,NA,2
1878845226,2098494223,LC17,NA,LC17,NA,2
1878845226,5813017315,LC17,AVLP479_R,LC17,AVLP479,11
1878845226,5813038918,LC17,LC17,LC17,LC17,3
1878845226,5813039148,LC17,PVLP011_R,LC17,PVLP011,40
1878845226,5813057178,LC17,PVLP136_R,LC17,PVLP136,5
1878845226,5813057579,LC17,AVLP538_R,LC17,AVLP538,17
1878845226,5813068239,LC17,LC17,LC17,LC17,3
1878845226,5813076492,LC17,LC17,LC17,LC17,2
1878845226,5813077633,LC17,AVLP479_R,LC17,AVLP479,4
1878845226,5813080260,LC17,AVLP153_R,LC17,AVLP153,2
1878845629,447228814,LC17,PVLP106_R,LC17,PVLP106,31
1878845629,912601209,LC17,PLP244(SCB010)_L,LC17,PLP244,2
1878845629,1068885266,LC17,PVLP151(SCB004)_R,LC17,PVLP151,2
1878845629,1070950293,LC17,PVLP151(SCB004)_R,LC17,PVLP151,2
1878845629,1158877783,LC17,LC17,LC17,LC17,2
1878845629,1221285175,LC17,LC17,LC17,LC17,2
1878845629,1250277991,LC17,LC17,LC17,LC17,2
1878845629,1313702895,LC17,LC17,LC17,LC17,2
1878845629,1321305370,LC17,PVLP061_R,LC17,PVLP061,40
1878845629,1354394414,LC17,PVLP120_R,LC17,PVLP120,6
1878845629,1374063129,LC17,PVLP132_R,LC17,PVLP132,12
1878845629,1381997776,LC17,PVLP071_R,LC17,PVLP071,5
1878845629,1435791739,LC17,PVLP132_R,LC17,PVLP132,9
1878845629,1449486007,LC17,AVLP537_R,LC17,AVLP537,7
1878845629,1471607030,LC17,LC17,LC17,LC17,4
1878845629,1479147574,LC17,PVLP072_R,LC17,PVLP072,4
1878845629,1479492693,LC17,PVLP072_R,LC17,PVLP072,4
1878845629,1504428248,LC17,PVLP075_R,LC17,PVLP075,2
1878845629,1508123633,LC17,PVLP018_R,LC17,PVLP018,5
1878845629,1535082316,LC17,PVLP135_R,LC17,PVLP135,9
1878845629,1535086505,LC17,PVLP135_R,LC17,PVLP135,20
1878845629,1562707421,LC17,LC17(lVLPT7)_R,LC17,LC17,2
1878845629,1603645798,LC17,PVLP072_R,LC17,PVLP072,3
1878845629,1622360309,LC17,LC17,LC17,LC17,2
1878845629,1628528573,LC17,LC17,LC17,LC17,3
1878845629,1630342162,LC17,PVLP036_R,LC17,PVLP036,5
1878845629,1663639752,LC17,NA,LC17,NA,3
1878845629,1687831632,LC17,LC17,LC17,LC17,2
1878845629,1690694192,LC17,PVLP036_R,LC17,PVLP036,14
1878845629,1690917721,LC17,LC17,LC17,LC17,2
1878845629,1695693354,LC17,PVLP072_R,LC17,PVLP072,3
1878845629,1714791446,LC17,LC17,LC17,LC17,2
1878845629,1720105182,LC17,NA,LC17,NA,6
1878845629,1747181914,LC17,LC17,LC17,LC17,2
1878845629,1750251452,LC17,LC17,LC17,LC17,2
1878845629,1752672460,LC17,LC17,LC17,LC17,4
1878845629,1776865370,LC17,LC17,LC17,LC17,2
1878845629,1807572051,LC17,LC17,LC17,LC17,2
1878845629,1812363713,LC17,LC17,LC17,LC17,4
1878845629,1813028777,LC17,LC17,LC17,LC17,2
1878845629,1814031575,LC17,LC17,LC17,LC17,2
1878845629,1817448971,LC17,LC17,LC17,LC17,2
1878845629,1817453557,LC17,LC17(lVLPT4)_R,LC17,LC17,3
1878845629,1817786077,LC17,LC17,LC17,LC17,2
1878845629,1848151618,LC17,NA,LC17,NA,2
1878845629,1848492258,LC17,LC17,LC17,LC17,2
1878845629,1848506334,LC17,NA,LC17,NA,3
1878845629,1849166071,LC17,LC17,LC17,LC17,4
1878845629,1878845226,LC17,LC17,LC17,LC17,2
1878845629,1879226079,LC17,NA,LC17,NA,3
1878845629,2066777207,LC17,NA,LC17,NA,2
1878845629,2096456606,LC17,NA,LC17,NA,3
1878845629,2096793499,LC17,NA,LC17,NA,2
1878845629,5812989875,LC17,AVLP409_R,LC17,AVLP409,3
1878845629,5812992468,LC17,LC17,LC17,LC17,2
1878845629,5812993994,LC17,LC17,LC17,LC17,2
1878845629,5812999009,LC17,LC17(lVLPT4)_R,LC17,LC17,2
1878845629,5813017315,LC17,AVLP479_R,LC17,AVLP479,4
1878845629,5813039148,LC17,PVLP011_R,LC17,PVLP011,42
1878845629,5813054384,LC17,PPM1203_R,LC17,PPM1203,2
1878845629,5813057579,LC17,AVLP538_R,LC17,AVLP538,10
1878845629,5813068239,LC17,LC17,LC17,LC17,2
1878845629,5813077633,LC17,AVLP479_R,LC17,AVLP479,3
1879519066,447228814,LC17,PVLP106_R,LC17,PVLP106,42
1879519066,1068885266,LC17,PVLP151(SCB004)_R,LC17,PVLP151,5
1879519066,1070950293,LC17,PVLP151(SCB004)_R,LC17,PVLP151,3
1879519066,1190250299,LC17,LC17,LC17,LC17,5
1879519066,1250277991,LC17,LC17,LC17,LC17,2
1879519066,1321305370,LC17,PVLP061_R,LC17,PVLP061,60
1879519066,1354394414,LC17,PVLP120_R,LC17,PVLP120,11
1879519066,1374063129,LC17,PVLP132_R,LC17,PVLP132,17
1879519066,1381997776,LC17,PVLP071_R,LC17,PVLP071,3
1879519066,1382308349,LC17,PVLP071_R,LC17,PVLP071,2
1879519066,1435791739,LC17,PVLP132_R,LC17,PVLP132,17
1879519066,1449486007,LC17,AVLP537_R,LC17,AVLP537,5
1879519066,1471607030,LC17,LC17,LC17,LC17,2
1879519066,1472965897,LC17,LC17,LC17,LC17,3
1879519066,1477148598,LC17,PVLP075_R,LC17,PVLP075,2
1879519066,1479147574,LC17,PVLP072_R,LC17,PVLP072,4
1879519066,1479492693,LC17,PVLP072_R,LC17,PVLP072,3
1879519066,1508123633,LC17,PVLP018_R,LC17,PVLP018,5
1879519066,1512232956,LC17,AVLP135_R,LC17,AVLP135,2
1879519066,1534694621,LC17,LC17,LC17,LC17,3
1879519066,1535082316,LC17,PVLP135_R,LC17,PVLP135,19
1879519066,1535086505,LC17,PVLP135_R,LC17,PVLP135,19
1879519066,1603645798,LC17,PVLP072_R,LC17,PVLP072,4
1879519066,1629163100,LC17,LC17(lVLPT7)_R,LC17,LC17,3
1879519066,1630342162,LC17,PVLP036_R,LC17,PVLP036,14
1879519066,1654413566,LC17,LC17,LC17,LC17,2
1879519066,1656834653,LC17,LC17,LC17,LC17,2
1879519066,1690694192,LC17,PVLP036_R,LC17,PVLP036,10
1879519066,1690698128,LC17,PVLP036_R,LC17,PVLP036,5
1879519066,1690917721,LC17,LC17,LC17,LC17,3
1879519066,1695693354,LC17,PVLP072_R,LC17,PVLP072,2
1879519066,1747518018,LC17,LC17,LC17,LC17,2
1879519066,1783361972,LC17,LC17,LC17,LC17,3
1879519066,1808241116,LC17,LC17,LC17,LC17,2
1879519066,1812696567,LC17,LC17,LC17,LC17,2
1879519066,1814729223,LC17,LC17(lVLPT7)_R,LC17,LC17,2
1879519066,1817113079,LC17,LC17,LC17,LC17,2
1879519066,1817448659,LC17,LC17,LC17,LC17,2
1879519066,1817458052,LC17,LC17,LC17,LC17,2
1879519066,1817458164,LC17,LC17,LC17,LC17,4
1879519066,1817785682,LC17,LC17,LC17,LC17,4
1879519066,1847810811,LC17,LC17(lVLPT7)_R,LC17,LC17,2
1879519066,1848151571,LC17,LC17(lVLPT7)_R,LC17,LC17,3
1879519066,1848156241,LC17,LC17,LC17,LC17,4
1879519066,1848483949,LC17,LC17(lVLPT4)_R,LC17,LC17,5
1879519066,1848828925,LC17,LC17(lVLPT7)_R,LC17,LC17,3
1879519066,1848837843,LC17,LC17,LC17,LC17,4
1879519066,1849166071,LC17,LC17,LC17,LC17,3
1879519066,1849174879,LC17,LC17(lVLPT7)_R,LC17,LC17,2
1879519066,1849179266,LC17,LC17,LC17,LC17,3
1879519066,1849503142,LC17,LC17,LC17,LC17,5
1879519066,1876820783,LC17,LC17,LC17,LC17,5
1879519066,1880209425,LC17,LC17(lVLPT7)_R,LC17,LC17,4
1879519066,1911231415,LC17,NA,LC17,NA,2
1879519066,1911926378,LC17,NA,LC17,NA,2
1879519066,1911930750,LC17,NA,LC17,NA,3
1879519066,1939904964,LC17,LC17,LC17,LC17,3
1879519066,1941951066,LC17,NA,LC17,NA,2
1879519066,1972649662,LC17,NA,LC17,NA,2
1879519066,1972654002,LC17,NA,LC17,NA,2
1879519066,2029624973,LC17,LC17,LC17,LC17,4
1879519066,2066444647,LC17,NA,LC17,NA,2
1879519066,2066777388,LC17,NA,LC17,NA,2
1879519066,2245501457,LC17,LC17,LC17,LC17,3
1879519066,5812989875,LC17,AVLP409_R,LC17,AVLP409,2
1879519066,5812992219,LC17,LC17,LC17,LC17,4
1879519066,5812992468,LC17,LC17,LC17,LC17,2
1879519066,5812993994,LC17,LC17,LC17,LC17,3
1879519066,5812999009,LC17,LC17(lVLPT4)_R,LC17,LC17,4
1879519066,5813017315,LC17,AVLP479_R,LC17,AVLP479,3
1879519066,5813039148,LC17,PVLP011_R,LC17,PVLP011,48
1879519066,5813057178,LC17,PVLP136_R,LC17,PVLP136,3
1879519066,5813057579,LC17,AVLP538_R,LC17,AVLP538,11
1879519066,5813077633,LC17,AVLP479_R,LC17,AVLP479,5
1879519066,5813080260,LC17,AVLP153_R,LC17,AVLP153,4
1879877415,447228814,LC17(lVLPT4)_R,PVLP106_R,LC17,PVLP106,44
1879877415,1068885266,LC17(lVLPT4)_R,PVLP151(SCB004)_R,LC17,PVLP151,5
1879877415,1070950293,LC17(lVLPT4)_R,PVLP151(SCB004)_R,LC17,PVLP151,2
1879877415,1158877783,LC17(lVLPT4)_R,LC17,LC17,LC17,2
1879877415,1189567690,LC17(lVLPT4)_R,LC17,LC17,LC17,4
1879877415,1221285175,LC17(lVLPT4)_R,LC17,LC17,LC17,2
1879877415,1321305370,LC17(lVLPT4)_R,PVLP061_R,LC17,PVLP061,70
1879877415,1347126097,LC17(lVLPT4)_R,LC17,LC17,LC17,3
1879877415,1347812305,LC17(lVLPT4)_R,LC17(lVLPT7)_R,LC17,LC17,2
1879877415,1354394414,LC17(lVLPT4)_R,PVLP120_R,LC17,PVLP120,6
1879877415,1374063129,LC17(lVLPT4)_R,PVLP132_R,LC17,PVLP132,12
1879877415,1381997776,LC17(lVLPT4)_R,PVLP071_R,LC17,PVLP071,6
1879877415,1382308349,LC17(lVLPT4)_R,PVLP071_R,LC17,PVLP071,5
1879877415,1435791739,LC17(lVLPT4)_R,PVLP132_R,LC17,PVLP132,10
1879877415,1449486007,LC17(lVLPT4)_R,AVLP537_R,LC17,AVLP537,8
1879877415,1471610338,LC17(lVLPT4)_R,LC17,LC17,LC17,2
1879877415,1472965897,LC17(lVLPT4)_R,LC17,LC17,LC17,2
1879877415,1477148598,LC17(lVLPT4)_R,PVLP075_R,LC17,PVLP075,2
1879877415,1479147574,LC17(lVLPT4)_R,PVLP072_R,LC17,PVLP072,9
1879877415,1479492693,LC17(lVLPT4)_R,PVLP072_R,LC17,PVLP072,5
1879877415,1508123633,LC17(lVLPT4)_R,PVLP018_R,LC17,PVLP018,7
1879877415,1512232956,LC17(lVLPT4)_R,AVLP135_R,LC17,AVLP135,4
1879877415,1534694621,LC17(lVLPT4)_R,LC17,LC17,LC17,2
1879877415,1535082316,LC17(lVLPT4)_R,PVLP135_R,LC17,PVLP135,18
1879877415,1535086505,LC17(lVLPT4)_R,PVLP135_R,LC17,PVLP135,15
1879877415,1562707421,LC17(lVLPT4)_R,LC17(lVLPT7)_R,LC17,LC17,2
1879877415,1565729476,LC17(lVLPT4)_R,LC17,LC17,LC17,2
1879877415,1601227987,LC17(lVLPT4)_R,AVLP552_R,LC17,AVLP552,2
1879877415,1603645798,LC17(lVLPT4)_R,PVLP072_R,LC17,PVLP072,6
1879877415,1621008677,LC17(lVLPT4)_R,LC17,LC17,LC17,2
1879877415,1625800608,LC17(lVLPT4)_R,LC17,LC17,LC17,2
1879877415,1628528573,LC17(lVLPT4)_R,LC17,LC17,LC17,3
1879877415,1629163100,LC17(lVLPT4)_R,LC17(lVLPT7)_R,LC17,LC17,2
1879877415,1630342162,LC17(lVLPT4)_R,PVLP036_R,LC17,PVLP036,4
1879877415,1656153289,LC17(lVLPT4)_R,LC17,LC17,LC17,2
1879877415,1656834653,LC17(lVLPT4)_R,LC17,LC17,LC17,2
1879877415,1689915765,LC17(lVLPT4)_R,LC17,LC17,LC17,3
1879877415,1690694192,LC17(lVLPT4)_R,PVLP036_R,LC17,PVLP036,4
1879877415,1690917721,LC17(lVLPT4)_R,LC17,LC17,LC17,2
1879877415,1695693354,LC17(lVLPT4)_R,PVLP072_R,LC17,PVLP072,4
1879877415,1720105182,LC17(lVLPT4)_R,NA,LC17,NA,6
1879877415,1747518018,LC17(lVLPT4)_R,LC17,LC17,LC17,2
1879877415,1751262627,LC17(lVLPT4)_R,LC17,LC17,LC17,3
1879877415,1751666374,LC17(lVLPT4)_R,LC17,LC17,LC17,2
1879877415,1752672460,LC17(lVLPT4)_R,LC17,LC17,LC17,3
1879877415,1753670596,LC17(lVLPT4)_R,LC17(lVLPT4)_R,LC17,LC17,2
1879877415,1782318275,LC17(lVLPT4)_R,LC17,LC17,LC17,2
1879877415,1813028777,LC17(lVLPT4)_R,LC17,LC17,LC17,3
1879877415,1817107934,LC17(lVLPT4)_R,LC17,LC17,LC17,2
1879877415,1817112807,LC17(lVLPT4)_R,LC17(lVLPT4)_R,LC17,LC17,3
1879877415,1817444670,LC17(lVLPT4)_R,LC17(lVLPT7)_R,LC17,LC17,2
1879877415,1817448971,LC17(lVLPT4)_R,LC17,LC17,LC17,3
1879877415,1817449375,LC17(lVLPT4)_R,LC17,LC17,LC17,6
1879877415,1817453257,LC17(lVLPT4)_R,LC17,LC17,LC17,2
1879877415,1817453557,LC17(lVLPT4)_R,LC17(lVLPT4)_R,LC17,LC17,2
1879877415,1817457808,LC17(lVLPT4)_R,LC17,LC17,LC17,3
1879877415,1817786077,LC17(lVLPT4)_R,LC17,LC17,LC17,3
1879877415,1817794820,LC17(lVLPT4)_R,LC17(lVLPT7)_R,LC17,LC17,2
1879877415,1818122205,LC17(lVLPT4)_R,LC17,LC17,LC17,4
1879877415,1845772658,LC17(lVLPT4)_R,LC17(lVLPT7)_R,LC17,LC17,4
1879877415,1847815147,LC17(lVLPT4)_R,LC17(lVLPT7)_R,LC17,LC17,2
1879877415,1848151618,LC17(lVLPT4)_R,NA,LC17,NA,2
1879877415,1848492714,LC17(lVLPT4)_R,LC17,LC17,LC17,2
1879877415,1848506334,LC17(lVLPT4)_R,NA,LC17,NA,2
1879877415,1848824817,LC17(lVLPT4)_R,LC17,LC17,LC17,3
1879877415,1848828925,LC17(lVLPT4)_R,LC17(lVLPT7)_R,LC17,LC17,2
1879877415,1849161220,LC17(lVLPT4)_R,LC17,LC17,LC17,2
1879877415,1849174879,LC17(lVLPT4)_R,LC17(lVLPT7)_R,LC17,LC17,2
1879877415,1849503142,LC17(lVLPT4)_R,LC17,LC17,LC17,2
1879877415,1880209425,LC17(lVLPT4)_R,LC17(lVLPT7)_R,LC17,LC17,3
1879877415,1880887003,LC17(lVLPT4)_R,LC17,LC17,LC17,3
1879877415,1942296748,LC17(lVLPT4)_R,NA,LC17,NA,2
1879877415,1974000346,LC17(lVLPT4)_R,NA,LC17,NA,2
1879877415,1974004779,LC17(lVLPT4)_R,NA,LC17,NA,2
1879877415,2034723658,LC17(lVLPT4)_R,NA,LC17,NA,2
1879877415,2035064327,LC17(lVLPT4)_R,NA,LC17,NA,3
1879877415,5812991769,LC17(lVLPT4)_R,LC17,LC17,LC17,2
1879877415,5812999009,LC17(lVLPT4)_R,LC17(lVLPT4)_R,LC17,LC17,2
1879877415,5813017315,LC17(lVLPT4)_R,AVLP479_R,LC17,AVLP479,3
1879877415,5813039148,LC17(lVLPT4)_R,PVLP011_R,LC17,PVLP011,50
1879877415,5813054384,LC17(lVLPT4)_R,PPM1203_R,LC17,PPM1203,2
1879877415,5813057579,LC17(lVLPT4)_R,AVLP538_R,LC17,AVLP538,18
1879877415,5813077633,LC17(lVLPT4)_R,AVLP479_R,LC17,AVLP479,10
1879877415,5813080260,LC17(lVLPT4)_R,AVLP153_R,LC17,AVLP153,4
1880209425,447228814,LC17(lVLPT7)_R,PVLP106_R,LC17,PVLP106,36
1880209425,1068885266,LC17(lVLPT7)_R,PVLP151(SCB004)_R,LC17,PVLP151,10
1880209425,1189567690,LC17(lVLPT7)_R,LC17,LC17,LC17,5
1880209425,1190250299,LC17(lVLPT7)_R,LC17,LC17,LC17,2
1880209425,1219592090,LC17(lVLPT7)_R,LC17(lVLPT7)_R,LC17,LC17,3
1880209425,1221285175,LC17(lVLPT7)_R,LC17,LC17,LC17,2
1880209425,1321305370,LC17(lVLPT7)_R,PVLP061_R,LC17,PVLP061,69
1880209425,1354394414,LC17(lVLPT7)_R,PVLP120_R,LC17,PVLP120,6
1880209425,1374063129,LC17(lVLPT7)_R,PVLP132_R,LC17,PVLP132,13
1880209425,1381997776,LC17(lVLPT7)_R,PVLP071_R,LC17,PVLP071,6
1880209425,1382308349,LC17(lVLPT7)_R,PVLP071_R,LC17,PVLP071,7
1880209425,1405788552,LC17(lVLPT7)_R,LC17,LC17,LC17,2
1880209425,1420172582,LC17(lVLPT7)_R,NA,LC17,NA,2
1880209425,1435791739,LC17(lVLPT7)_R,PVLP132_R,LC17,PVLP132,12
1880209425,1449486007,LC17(lVLPT7)_R,AVLP537_R,LC17,AVLP537,11
1880209425,1471610338,LC17(lVLPT7)_R,LC17,LC17,LC17,2
1880209425,1472965897,LC17(lVLPT7)_R,LC17,LC17,LC17,3
1880209425,1473332777,LC17(lVLPT7)_R,LC17(lVLPT7)_R,LC17,LC17,2
1880209425,1473648518,LC17(lVLPT7)_R,LC17,LC17,LC17,2
1880209425,1477148598,LC17(lVLPT7)_R,PVLP075_R,LC17,PVLP075,2
1880209425,1479147574,LC17(lVLPT7)_R,PVLP072_R,LC17,PVLP072,7
1880209425,1479492693,LC17(lVLPT7)_R,PVLP072_R,LC17,PVLP072,2
1880209425,1497200791,LC17(lVLPT7)_R,LC17,LC17,LC17,2
1880209425,1504428248,LC17(lVLPT7)_R,PVLP075_R,LC17,PVLP075,2
1880209425,1508123633,LC17(lVLPT7)_R,PVLP018_R,LC17,PVLP018,8
1880209425,1535082316,LC17(lVLPT7)_R,PVLP135_R,LC17,PVLP135,11
1880209425,1535086505,LC17(lVLPT7)_R,PVLP135_R,LC17,PVLP135,14
1880209425,1561301125,LC17(lVLPT7)_R,LC17,LC17,LC17,2
1880209425,1562707421,LC17(lVLPT7)_R,LC17(lVLPT7)_R,LC17,LC17,2
1880209425,1589972966,LC17(lVLPT7)_R,LC17(lVLPT4)_R,LC17,LC17,2
1880209425,1603645798,LC17(lVLPT7)_R,PVLP072_R,LC17,PVLP072,4
1880209425,1603957106,LC17(lVLPT7)_R,AVLP409_R,LC17,AVLP409,2
1880209425,1621008677,LC17(lVLPT7)_R,LC17,LC17,LC17,2
1880209425,1629163100,LC17(lVLPT7)_R,LC17(lVLPT7)_R,LC17,LC17,3
1880209425,1630342162,LC17(lVLPT7)_R,PVLP036_R,LC17,PVLP036,5
1880209425,1659515529,LC17(lVLPT7)_R,LC17,LC17,LC17,2
1880209425,1663639752,LC17(lVLPT7)_R,NA,LC17,NA,2
1880209425,1689200671,LC17(lVLPT7)_R,LC17,LC17,LC17,5
1880209425,1690694192,LC17(lVLPT7)_R,PVLP036_R,LC17,PVLP036,6
1880209425,1690698128,LC17(lVLPT7)_R,PVLP036_R,LC17,PVLP036,4
1880209425,1695693354,LC17(lVLPT7)_R,PVLP072_R,LC17,PVLP072,6
1880209425,1714791446,LC17(lVLPT7)_R,LC17,LC17,LC17,2
1880209425,1720105182,LC17(lVLPT7)_R,NA,LC17,NA,2
1880209425,1747518018,LC17(lVLPT7)_R,LC17,LC17,LC17,4
1880209425,1781333405,LC17(lVLPT7)_R,LC17,LC17,LC17,2
1880209425,1782318275,LC17(lVLPT7)_R,LC17,LC17,LC17,2
1880209425,1783690466,LC17(lVLPT7)_R,LC17,LC17,LC17,2
1880209425,1812696567,LC17(lVLPT7)_R,LC17,LC17,LC17,3
1880209425,1814055949,LC17(lVLPT7)_R,LC17,LC17,LC17,2
1880209425,1814060070,LC17(lVLPT7)_R,LC17,LC17,LC17,2
1880209425,1817107934,LC17(lVLPT7)_R,LC17,LC17,LC17,2
1880209425,1817108009,LC17(lVLPT7)_R,LC17,LC17,LC17,2
1880209425,1817449059,LC17(lVLPT7)_R,LC17,LC17,LC17,2
1880209425,1817449116,LC17(lVLPT7)_R,LC17(lVLPT4)_R,LC17,LC17,2
1880209425,1817453557,LC17(lVLPT7)_R,LC17(lVLPT4)_R,LC17,LC17,3
1880209425,1817457847,LC17(lVLPT7)_R,LC17,LC17,LC17,2
1880209425,1817463007,LC17(lVLPT7)_R,LC17,LC17,LC17,2
1880209425,1817785682,LC17(lVLPT7)_R,LC17,LC17,LC17,4
1880209425,1818473569,LC17(lVLPT7)_R,LC17,LC17,LC17,2
1880209425,1845772658,LC17(lVLPT7)_R,LC17(lVLPT7)_R,LC17,LC17,2
1880209425,1847806275,LC17(lVLPT7)_R,LC17,LC17,LC17,2
1880209425,1847810811,LC17(lVLPT7)_R,LC17(lVLPT7)_R,LC17,LC17,3
1880209425,1848496662,LC17(lVLPT7)_R,LC17,LC17,LC17,5
1880209425,1848824817,LC17(lVLPT7)_R,LC17,LC17,LC17,3
1880209425,1849166071,LC17(lVLPT7)_R,LC17,LC17,LC17,3
1880209425,1849179266,LC17(lVLPT7)_R,LC17,LC17,LC17,2
1880209425,1849503142,LC17(lVLPT7)_R,LC17,LC17,LC17,3
1880209425,1875124235,LC17(lVLPT7)_R,LC17,LC17,LC17,6
1880209425,1879519066,LC17(lVLPT7)_R,LC17,LC17,LC17,4
1880209425,1879522681,LC17(lVLPT7)_R,NA,LC17,NA,3
1880209425,1879877415,LC17(lVLPT7)_R,LC17(lVLPT4)_R,LC17,LC17,2
1880209425,1912604443,LC17(lVLPT7)_R,NA,LC17,NA,2
1880209425,1937193993,LC17(lVLPT7)_R,LC17,LC17,LC17,2
1880209425,1941596993,LC17(lVLPT7)_R,NA,LC17,NA,2
1880209425,1941614371,LC17(lVLPT7)_R,NA,LC17,NA,2
1880209425,2066444647,LC17(lVLPT7)_R,NA,LC17,NA,2
1880209425,2245501457,LC17(lVLPT7)_R,LC17,LC17,LC17,2
1880209425,5812988086,LC17(lVLPT7)_R,LC17,LC17,LC17,3
1880209425,5812998833,LC17(lVLPT7)_R,LC17,LC17,LC17,3
1880209425,5813017315,LC17(lVLPT7)_R,AVLP479_R,LC17,AVLP479,5
1880209425,5813034336,LC17(lVLPT7)_R,LC17(lVLPT4)_R,LC17,LC17,2
1880209425,5813039148,LC17(lVLPT7)_R,PVLP011_R,LC17,PVLP011,51
1880209425,5813057178,LC17(lVLPT7)_R,PVLP136_R,LC17,PVLP136,3
1880209425,5813057579,LC17(lVLPT7)_R,AVLP538_R,LC17,AVLP538,19
1880209425,5813077633,LC17(lVLPT7)_R,AVLP479_R,LC17,AVLP479,4
1880887003,447228814,LC17,PVLP106_R,LC17,PVLP106,37
1880887003,1068885266,LC17,PVLP151(SCB004)_R,LC17,PVLP151,4
1880887003,1158877703,LC17,LC17(lVLPT4)_R,LC17,LC17,4
1880887003,1250277991,LC17,LC17,LC17,LC17,3
1880887003,1313702895,LC17,LC17,LC17,LC17,2
1880887003,1321305370,LC17,PVLP061_R,LC17,PVLP061,55
1880887003,1347126097,LC17,LC17,LC17,LC17,2
1880887003,1347812305,LC17,LC17(lVLPT7)_R,LC17,LC17,7
1880887003,1354394414,LC17,PVLP120_R,LC17,PVLP120,15
1880887003,1374063129,LC17,PVLP132_R,LC17,PVLP132,14
1880887003,1381997776,LC17,PVLP071_R,LC17,PVLP071,2
1880887003,1382308349,LC17,PVLP071_R,LC17,PVLP071,2
1880887003,1435791739,LC17,PVLP132_R,LC17,PVLP132,11
1880887003,1435822283,LC17,LC17,LC17,LC17,2
1880887003,1449486007,LC17,AVLP537_R,LC17,AVLP537,10
1880887003,1466844031,LC17,LC17,LC17,LC17,3
1880887003,1477148598,LC17,PVLP075_R,LC17,PVLP075,4
1880887003,1479147574,LC17,PVLP072_R,LC17,PVLP072,22
1880887003,1479492693,LC17,PVLP072_R,LC17,PVLP072,4
1880887003,1508123633,LC17,PVLP018_R,LC17,PVLP018,10
1880887003,1528577476,LC17,LC17,LC17,LC17,2
1880887003,1535082316,LC17,PVLP135_R,LC17,PVLP135,18
1880887003,1535086505,LC17,PVLP135_R,LC17,PVLP135,20
1880887003,1561301125,LC17,LC17,LC17,LC17,2
1880887003,1562707421,LC17,LC17(lVLPT7)_R,LC17,LC17,3
1880887003,1603645798,LC17,PVLP072_R,LC17,PVLP072,2
1880887003,1629163100,LC17,LC17(lVLPT7)_R,LC17,LC17,2
1880887003,1630342162,LC17,PVLP036_R,LC17,PVLP036,4
1880887003,1654413566,LC17,LC17,LC17,LC17,2
1880887003,1655474822,LC17,LC17,LC17,LC17,2
1880887003,1656834653,LC17,LC17,LC17,LC17,3
1880887003,1684443103,LC17,LC17,LC17,LC17,3
1880887003,1689187126,LC17,LC17,LC17,LC17,2
1880887003,1690694192,LC17,PVLP036_R,LC17,PVLP036,11
1880887003,1690698128,LC17,PVLP036_R,LC17,PVLP036,2
1880887003,1695693354,LC17,PVLP072_R,LC17,PVLP072,2
1880887003,1720105182,LC17,NA,LC17,NA,4
1880887003,1754019541,LC17,LC17,LC17,LC17,2
1880887003,1814410124,LC17,LC17,LC17,LC17,5
1880887003,1817112807,LC17,LC17(lVLPT4)_R,LC17,LC17,2
1880887003,1817112855,LC17,LC17,LC17,LC17,2
1880887003,1817113079,LC17,LC17,LC17,LC17,3
1880887003,1817449236,LC17,LC17,LC17,LC17,3
1880887003,1817449375,LC17,LC17,LC17,LC17,2
1880887003,1817452948,LC17,LC17,LC17,LC17,2
1880887003,1817790176,LC17,LC17,LC17,LC17,2
1880887003,1818136404,LC17,LC17,LC17,LC17,2
1880887003,1844421716,LC17,LC17,LC17,LC17,3
1880887003,1847810811,LC17,LC17(lVLPT7)_R,LC17,LC17,3
1880887003,1848138779,LC17,LC17,LC17,LC17,2
1880887003,1848151877,LC17,LC17,LC17,LC17,3
1880887003,1848156241,LC17,LC17,LC17,LC17,4
1880887003,1848492258,LC17,LC17,LC17,LC17,2
1880887003,1848837843,LC17,LC17,LC17,LC17,2
1880887003,1849174879,LC17,LC17(lVLPT7)_R,LC17,LC17,4
1880887003,1849183960,LC17,LC17(lVLPT7)_R,LC17,LC17,2
1880887003,1878845629,LC17,LC17,LC17,LC17,3
1880887003,1973676854,LC17,NA,LC17,NA,3
1880887003,1974682390,LC17,LC17(lVLPT7)_R,LC17,LC17,3
1880887003,2029624973,LC17,LC17,LC17,LC17,2
1880887003,2034723252,LC17,NA,LC17,NA,2
1880887003,2035724925,LC17,NA,LC17,NA,2
1880887003,2036765330,LC17,NA,LC17,NA,3
1880887003,2067795715,LC17,NA,LC17,NA,2
1880887003,2245501457,LC17,LC17,LC17,LC17,2
1880887003,5812992219,LC17,LC17,LC17,LC17,2
1880887003,5813017315,LC17,AVLP479_R,LC17,AVLP479,13
1880887003,5813039148,LC17,PVLP011_R,LC17,PVLP011,45
1880887003,5813039410,LC17,LC17,LC17,LC17,2
1880887003,5813057178,LC17,PVLP136_R,LC17,PVLP136,2
1880887003,5813057579,LC17,AVLP538_R,LC17,AVLP538,10
1880887003,5813068239,LC17,LC17,LC17,LC17,3
1880887003,5813076492,LC17,LC17,LC17,LC17,4
1880887003,5813077633,LC17,AVLP479_R,LC17,AVLP479,9
1908865507,447228814,LC17,PVLP106_R,LC17,PVLP106,34
1908865507,1068885266,LC17,PVLP151(SCB004)_R,LC17,PVLP151,6
1908865507,1190250299,LC17,LC17,LC17,LC17,2
1908865507,1321305370,LC17,PVLP061_R,LC17,PVLP061,47
1908865507,1348153557,LC17,LC17,LC17,LC17,2
1908865507,1354394414,LC17,PVLP120_R,LC17,PVLP120,11
1908865507,1374063129,LC17,PVLP132_R,LC17,PVLP132,9
1908865507,1381997776,LC17,PVLP071_R,LC17,PVLP071,5
1908865507,1435791739,LC17,PVLP132_R,LC17,PVLP132,8
1908865507,1449486007,LC17,AVLP537_R,LC17,AVLP537,3
1908865507,1473332777,LC17,LC17(lVLPT7)_R,LC17,LC17,3
1908865507,1479147574,LC17,PVLP072_R,LC17,PVLP072,5
1908865507,1479492693,LC17,PVLP072_R,LC17,PVLP072,3
1908865507,1497200791,LC17,LC17,LC17,LC17,2
1908865507,1504428248,LC17,PVLP075_R,LC17,PVLP075,2
1908865507,1530606252,LC17,LC17(lVLPT7)_R,LC17,LC17,2
1908865507,1535082316,LC17,PVLP135_R,LC17,PVLP135,13
1908865507,1535086505,LC17,PVLP135_R,LC17,PVLP135,13
1908865507,1593012939,LC17,LC17,LC17,LC17,3
1908865507,1603645798,LC17,PVLP072_R,LC17,PVLP072,2
1908865507,1603957106,LC17,AVLP409_R,LC17,AVLP409,3
1908865507,1628528573,LC17,LC17,LC17,LC17,2
1908865507,1630342162,LC17,PVLP036_R,LC17,PVLP036,6
1908865507,1689239035,LC17,LC17,LC17,LC17,3
1908865507,1689915765,LC17,LC17,LC17,LC17,3
1908865507,1690694192,LC17,PVLP036_R,LC17,PVLP036,6
1908865507,1690698128,LC17,PVLP036_R,LC17,PVLP036,2
1908865507,1720105182,LC17,NA,LC17,NA,2
1908865507,1724345210,LC17,NA,LC17,NA,2
1908865507,1781324410,LC17,LC17,LC17,LC17,3
1908865507,1807572051,LC17,LC17,LC17,LC17,4
1908865507,1814031575,LC17,LC17,LC17,LC17,2
1908865507,1814729788,LC17,LC17,LC17,LC17,2
1908865507,1817112807,LC17,LC17(lVLPT4)_R,LC17,LC17,3
1908865507,1817113079,LC17,LC17,LC17,LC17,6
1908865507,1817449375,LC17,LC17,LC17,LC17,3
1908865507,1817453105,LC17,NA,LC17,NA,2
1908865507,1817453257,LC17,LC17,LC17,LC17,3
1908865507,1817457808,LC17,LC17,LC17,LC17,3
1908865507,1817458164,LC17,LC17,LC17,LC17,3
1908865507,1817786077,LC17,LC17,LC17,LC17,2
1908865507,1818122205,LC17,LC17,LC17,LC17,2
1908865507,1848138779,LC17,LC17,LC17,LC17,2
1908865507,1848151571,LC17,LC17(lVLPT7)_R,LC17,LC17,2
1908865507,1848483949,LC17,LC17(lVLPT4)_R,LC17,LC17,2
1908865507,1848506334,LC17,NA,LC17,NA,2
1908865507,1848820426,LC17,LC17(lVLPT7)_R,LC17,LC17,2
1908865507,1848837843,LC17,LC17,LC17,LC17,3
1908865507,1849161407,LC17,LC17,LC17,LC17,2
1908865507,1849174879,LC17,LC17(lVLPT7)_R,LC17,LC17,2
1908865507,1849503142,LC17,LC17,LC17,LC17,2
1908865507,1878845629,LC17,LC17,LC17,LC17,2
1908865507,1880196452,LC17,NA,LC17,NA,2
1908865507,1912600163,LC17,LC17,LC17,LC17,2
1908865507,1939904964,LC17,LC17,LC17,LC17,2
1908865507,1974004779,LC17,NA,LC17,NA,2
1908865507,2096797919,LC17,NA,LC17,NA,2
1908865507,5812992219,LC17,LC17,LC17,LC17,3
1908865507,5812992468,LC17,LC17,LC17,LC17,2
1908865507,5812998833,LC17,LC17,LC17,LC17,2
1908865507,5812999009,LC17,LC17(lVLPT4)_R,LC17,LC17,2
1908865507,5813017315,LC17,AVLP479_R,LC17,AVLP479,2
1908865507,5813039148,LC17,PVLP011_R,LC17,PVLP011,27
1908865507,5813054384,LC17,PPM1203_R,LC17,PPM1203,2
1908865507,5813057579,LC17,AVLP538_R,LC17,AVLP538,9
1908865507,5813077633,LC17,AVLP479_R,LC17,AVLP479,2
1908865507,5813080260,LC17,AVLP153_R,LC17,AVLP153,2
1912600163,447228814,LC17,PVLP106_R,LC17,PVLP106,27
1912600163,1068885266,LC17,PVLP151(SCB004)_R,LC17,PVLP151,7
1912600163,1070950293,LC17,PVLP151(SCB004)_R,LC17,PVLP151,3
1912600163,1313702895,LC17,LC17,LC17,LC17,2
1912600163,1321305370,LC17,PVLP061_R,LC17,PVLP061,60
1912600163,1348153557,LC17,LC17,LC17,LC17,2
1912600163,1354394414,LC17,PVLP120_R,LC17,PVLP120,7
1912600163,1374063129,LC17,PVLP132_R,LC17,PVLP132,14
1912600163,1375769049,LC17,LC17,LC17,LC17,2
1912600163,1381997776,LC17,PVLP071_R,LC17,PVLP071,6
1912600163,1382308349,LC17,PVLP071_R,LC17,PVLP071,4
1912600163,1420172582,LC17,NA,LC17,NA,2
1912600163,1435791739,LC17,PVLP132_R,LC17,PVLP132,14
1912600163,1449486007,LC17,AVLP537_R,LC17,AVLP537,12
1912600163,1466844031,LC17,LC17,LC17,LC17,2
1912600163,1471610338,LC17,LC17,LC17,LC17,2
1912600163,1479147574,LC17,PVLP072_R,LC17,PVLP072,7
1912600163,1479492693,LC17,PVLP072_R,LC17,PVLP072,3
1912600163,1504428248,LC17,PVLP075_R,LC17,PVLP075,3
1912600163,1508123633,LC17,PVLP018_R,LC17,PVLP018,3
1912600163,1535082316,LC17,PVLP135_R,LC17,PVLP135,13
1912600163,1535086505,LC17,PVLP135_R,LC17,PVLP135,16
1912600163,1601227987,LC17,AVLP552_R,LC17,AVLP552,2
1912600163,1603645798,LC17,PVLP072_R,LC17,PVLP072,5
1912600163,1625800608,LC17,LC17,LC17,LC17,2
1912600163,1629163100,LC17,LC17(lVLPT7)_R,LC17,LC17,4
1912600163,1630342162,LC17,PVLP036_R,LC17,PVLP036,5
1912600163,1630683107,LC17,PVLP038_R,LC17,PVLP038,2
1912600163,1656153289,LC17,LC17,LC17,LC17,2
1912600163,1663639752,LC17,NA,LC17,NA,2
1912600163,1689239035,LC17,LC17,LC17,LC17,2
1912600163,1690694192,LC17,PVLP036_R,LC17,PVLP036,12
1912600163,1690698128,LC17,PVLP036_R,LC17,PVLP036,3
1912600163,1695693354,LC17,PVLP072_R,LC17,PVLP072,4
1912600163,1720105182,LC17,NA,LC17,NA,4
1912600163,1720454234,LC17,NA,LC17,NA,2
1912600163,1812363713,LC17,LC17,LC17,LC17,3
1912600163,1814729788,LC17,LC17,LC17,LC17,2
1912600163,1817108009,LC17,LC17,LC17,LC17,2
1912600163,1817113079,LC17,LC17,LC17,LC17,3
1912600163,1817448971,LC17,LC17,LC17,LC17,2
1912600163,1817452948,LC17,LC17,LC17,LC17,2
1912600163,1817453065,LC17,LC17,LC17,LC17,3
1912600163,1817453257,LC17,LC17,LC17,LC17,3
1912600163,1817786077,LC17,LC17,LC17,LC17,2
1912600163,1817790176,LC17,LC17,LC17,LC17,2
1912600163,1847806275,LC17,LC17,LC17,LC17,2
1912600163,1847815147,LC17,LC17(lVLPT7)_R,LC17,LC17,3
1912600163,1848820426,LC17,LC17(lVLPT7)_R,LC17,LC17,3
1912600163,1848837843,LC17,LC17,LC17,LC17,2
1912600163,1849166071,LC17,LC17,LC17,LC17,3
1912600163,1849179266,LC17,LC17,LC17,LC17,2
1912600163,1849520324,LC17,LC17,LC17,LC17,2
1912600163,1875460978,LC17,LC17,LC17,LC17,2
1912600163,1908865507,LC17,LC17,LC17,LC17,2
1912600163,1910220886,LC17,NA,LC17,NA,3
1912600163,1912271690,LC17,NA,LC17,NA,2
1912600163,1912599513,LC17,NA,LC17,NA,2
1912600163,2036420165,LC17,NA,LC17,NA,2
1912600163,2065413223,LC17,NA,LC17,NA,2
1912600163,2067800573,LC17,NA,LC17,NA,3
1912600163,5812999009,LC17,LC17(lVLPT4)_R,LC17,LC17,3
1912600163,5813017315,LC17,AVLP479_R,LC17,AVLP479,4
1912600163,5813034336,LC17,LC17(lVLPT4)_R,LC17,LC17,2
1912600163,5813038918,LC17,LC17,LC17,LC17,2
1912600163,5813039148,LC17,PVLP011_R,LC17,PVLP011,38
1912600163,5813057579,LC17,AVLP538_R,LC17,AVLP538,14
1912600163,5813060163,LC17,LC17,LC17,LC17,2
1912600163,5813077633,LC17,AVLP479_R,LC17,AVLP479,7
1937193993,447228814,LC17,PVLP106_R,LC17,PVLP106,22
1937193993,1068885266,LC17,PVLP151(SCB004)_R,LC17,PVLP151,4
1937193993,1190250299,LC17,LC17,LC17,LC17,2
1937193993,1219592090,LC17,LC17(lVLPT7)_R,LC17,LC17,2
1937193993,1321305370,LC17,PVLP061_R,LC17,PVLP061,55
1937193993,1347126097,LC17,LC17,LC17,LC17,4
1937193993,1347812305,LC17,LC17(lVLPT7)_R,LC17,LC17,2
1937193993,1354394414,LC17,PVLP120_R,LC17,PVLP120,7
1937193993,1374063129,LC17,PVLP132_R,LC17,PVLP132,8
1937193993,1381997776,LC17,PVLP071_R,LC17,PVLP071,3
1937193993,1382308349,LC17,PVLP071_R,LC17,PVLP071,2
1937193993,1435791739,LC17,PVLP132_R,LC17,PVLP132,11
1937193993,1449486007,LC17,AVLP537_R,LC17,AVLP537,2
1937193993,1471607030,LC17,LC17,LC17,LC17,3
1937193993,1477148598,LC17,PVLP075_R,LC17,PVLP075,4
1937193993,1479147574,LC17,PVLP072_R,LC17,PVLP072,8
1937193993,1479492693,LC17,PVLP072_R,LC17,PVLP072,4
1937193993,1504428248,LC17,PVLP075_R,LC17,PVLP075,5
1937193993,1508123633,LC17,PVLP018_R,LC17,PVLP018,4
1937193993,1534694621,LC17,LC17,LC17,LC17,4
1937193993,1535082316,LC17,PVLP135_R,LC17,PVLP135,16
1937193993,1535086505,LC17,PVLP135_R,LC17,PVLP135,15
1937193993,1561301125,LC17,LC17,LC17,LC17,2
1937193993,1599872317,LC17,PVLP080_R,LC17,PVLP080,2
1937193993,1603645798,LC17,PVLP072_R,LC17,PVLP072,4
1937193993,1621008677,LC17,LC17,LC17,LC17,2
1937193993,1630342162,LC17,PVLP036_R,LC17,PVLP036,3
1937193993,1658881325,LC17,LC17,LC17,LC17,4
1937193993,1687831632,LC17,LC17,LC17,LC17,2
1937193993,1689915765,LC17,LC17,LC17,LC17,2
1937193993,1690694192,LC17,PVLP036_R,LC17,PVLP036,6
1937193993,1690698128,LC17,PVLP036_R,LC17,PVLP036,2
1937193993,1690917721,LC17,LC17,LC17,LC17,2
1937193993,1720454234,LC17,NA,LC17,NA,2
1937193993,1747181914,LC17,LC17,LC17,LC17,3
1937193993,1752672460,LC17,LC17,LC17,LC17,2
1937193993,1754019541,LC17,LC17,LC17,LC17,2
1937193993,1781324410,LC17,LC17,LC17,LC17,3
1937193993,1781333405,LC17,LC17,LC17,LC17,2
1937193993,1783690466,LC17,LC17,LC17,LC17,2
1937193993,1813382259,LC17,LC17(lVLPT7)_R,LC17,LC17,2
1937193993,1814055949,LC17,LC17,LC17,LC17,2
1937193993,1817112807,LC17,LC17(lVLPT4)_R,LC17,LC17,3
1937193993,1817449116,LC17,LC17(lVLPT4)_R,LC17,LC17,2
1937193993,1817449236,LC17,LC17,LC17,LC17,4
1937193993,1817449375,LC17,LC17,LC17,LC17,2
1937193993,1817457808,LC17,LC17,LC17,LC17,4
1937193993,1817458052,LC17,LC17,LC17,LC17,2
1937193993,1817458164,LC17,LC17,LC17,LC17,2
1937193993,1817785682,LC17,LC17,LC17,LC17,4
1937193993,1817790222,LC17,LC17,LC17,LC17,2
1937193993,1818122205,LC17,LC17,LC17,LC17,2
1937193993,1818136404,LC17,LC17,LC17,LC17,2
1937193993,1847806203,LC17,LC17,LC17,LC17,2
1937193993,1848151236,LC17,LC17,LC17,LC17,3
1937193993,1848151618,LC17,NA,LC17,NA,3
1937193993,1848837843,LC17,LC17,LC17,LC17,2
1937193993,1849183960,LC17,LC17(lVLPT7)_R,LC17,LC17,2
1937193993,1849503142,LC17,LC17,LC17,LC17,4
1937193993,1849507321,LC17,LC17,LC17,LC17,2
1937193993,1849520324,LC17,LC17,LC17,LC17,2
1937193993,1875460978,LC17,LC17,LC17,LC17,4
1937193993,1879226079,LC17,NA,LC17,NA,2
1937193993,1941618573,LC17,NA,LC17,NA,2
1937193993,1941955505,LC17,NA,LC17,NA,2
1937193993,1942633428,LC17,NA,LC17,NA,4
1937193993,1974682390,LC17,LC17(lVLPT7)_R,LC17,LC17,2
1937193993,2035405481,LC17,NA,LC17,NA,2
1937193993,5812999009,LC17,LC17(lVLPT4)_R,LC17,LC17,2
1937193993,5813017315,LC17,AVLP479_R,LC17,AVLP479,5
1937193993,5813038918,LC17,LC17,LC17,LC17,2
1937193993,5813039148,LC17,PVLP011_R,LC17,PVLP011,42
1937193993,5813039410,LC17,LC17,LC17,LC17,2
1937193993,5813054384,LC17,PPM1203_R,LC17,PPM1203,2
1937193993,5813057579,LC17,AVLP538_R,LC17,AVLP538,17
1937193993,5813068559,LC17,AVLP396_R,LC17,AVLP396,3
1937193993,5813077633,LC17,AVLP479_R,LC17,AVLP479,6
1937193993,5901214683,LC17,AVLP135_R,LC17,AVLP135,2
1939904964,447228814,LC17,PVLP106_R,LC17,PVLP106,33
1939904964,1068885266,LC17,PVLP151(SCB004)_R,LC17,PVLP151,4
1939904964,1070950293,LC17,PVLP151(SCB004)_R,LC17,PVLP151,4
1939904964,1158877783,LC17,LC17,LC17,LC17,2
1939904964,1219592090,LC17,LC17(lVLPT7)_R,LC17,LC17,3
1939904964,1321305370,LC17,PVLP061_R,LC17,PVLP061,62
1939904964,1354394414,LC17,PVLP120_R,LC17,PVLP120,12
1939904964,1374063129,LC17,PVLP132_R,LC17,PVLP132,7
1939904964,1375769049,LC17,LC17,LC17,LC17,2
1939904964,1381997776,LC17,PVLP071_R,LC17,PVLP071,2
1939904964,1382308349,LC17,PVLP071_R,LC17,PVLP071,5
1939904964,1435791739,LC17,PVLP132_R,LC17,PVLP132,13
1939904964,1449486007,LC17,AVLP537_R,LC17,AVLP537,6
1939904964,1472965897,LC17,LC17,LC17,LC17,2
1939904964,1477148598,LC17,PVLP075_R,LC17,PVLP075,3
1939904964,1479147574,LC17,PVLP072_R,LC17,PVLP072,11
1939904964,1479492693,LC17,PVLP072_R,LC17,PVLP072,3
1939904964,1508123633,LC17,PVLP018_R,LC17,PVLP018,8
1939904964,1512232956,LC17,AVLP135_R,LC17,AVLP135,4
1939904964,1528577476,LC17,LC17,LC17,LC17,3
1939904964,1535082316,LC17,PVLP135_R,LC17,PVLP135,19
1939904964,1535086505,LC17,PVLP135_R,LC17,PVLP135,12
1939904964,1539496112,LC17,PVLP073_R,LC17,PVLP073,4
1939904964,1622360309,LC17,LC17,LC17,LC17,8
1939904964,1628528573,LC17,LC17,LC17,LC17,2
1939904964,1630342162,LC17,PVLP036_R,LC17,PVLP036,6
1939904964,1656153289,LC17,LC17,LC17,LC17,2
1939904964,1656834653,LC17,LC17,LC17,LC17,2
1939904964,1689239035,LC17,LC17,LC17,LC17,3
1939904964,1690694192,LC17,PVLP036_R,LC17,PVLP036,4
1939904964,1695693354,LC17,PVLP072_R,LC17,PVLP072,4
1939904964,1720105182,LC17,NA,LC17,NA,2
1939904964,1722307233,LC17,LC17(lVLPT7)_R,LC17,LC17,2
1939904964,1747518018,LC17,LC17,LC17,LC17,2
1939904964,1750251452,LC17,LC17,LC17,LC17,2
1939904964,1751666374,LC17,LC17,LC17,LC17,2
1939904964,1752672460,LC17,LC17,LC17,LC17,2
1939904964,1754019541,LC17,LC17,LC17,LC17,2
1939904964,1781333405,LC17,LC17,LC17,LC17,2
1939904964,1807572051,LC17,LC17,LC17,LC17,2
1939904964,1812696567,LC17,LC17,LC17,LC17,2
1939904964,1814055949,LC17,LC17,LC17,LC17,2
1939904964,1814410124,LC17,LC17,LC17,LC17,2
1939904964,1814729788,LC17,LC17,LC17,LC17,3
1939904964,1817107934,LC17,LC17,LC17,LC17,3
1939904964,1817112807,LC17,LC17(lVLPT4)_R,LC17,LC17,3
1939904964,1817448921,LC17,LC17,LC17,LC17,2
1939904964,1817449059,LC17,LC17,LC17,LC17,5
1939904964,1817453557,LC17,LC17(lVLPT4)_R,LC17,LC17,3
1939904964,1817457847,LC17,LC17,LC17,LC17,2
1939904964,1817457984,LC17,LC17,LC17,LC17,2
1939904964,1817794820,LC17,LC17(lVLPT7)_R,LC17,LC17,3
1939904964,1818136404,LC17,LC17,LC17,LC17,3
1939904964,1848151236,LC17,LC17,LC17,LC17,2
1939904964,1848151571,LC17,LC17(lVLPT7)_R,LC17,LC17,2
1939904964,1848506334,LC17,NA,LC17,NA,4
1939904964,1849161220,LC17,LC17,LC17,LC17,5
1939904964,1849174879,LC17,LC17(lVLPT7)_R,LC17,LC17,2
1939904964,1849179266,LC17,LC17,LC17,LC17,2
1939904964,1849503142,LC17,LC17,LC17,LC17,2
1939904964,1876820783,LC17,LC17,LC17,LC17,2
1939904964,1879226079,LC17,NA,LC17,NA,3
1939904964,1879519066,LC17,LC17,LC17,LC17,2
1939904964,1910920228,LC17,NA,LC17,NA,6
1939904964,1911248864,LC17,NA,LC17,NA,2
1939904964,1937193993,LC17,LC17,LC17,LC17,2
1939904964,1974337437,LC17,NA,LC17,NA,3
1939904964,1974678572,LC17,NA,LC17,NA,2
1939904964,2034378615,LC17,NA,LC17,NA,2
1939904964,5812998833,LC17,LC17,LC17,LC17,3
1939904964,5813017315,LC17,AVLP479_R,LC17,AVLP479,10
1939904964,5813034336,LC17,LC17(lVLPT4)_R,LC17,LC17,3
1939904964,5813039148,LC17,PVLP011_R,LC17,PVLP011,41
1939904964,5813057178,LC17,PVLP136_R,LC17,PVLP136,2
1939904964,5813057579,LC17,AVLP538_R,LC17,AVLP538,8
1939904964,5813077633,LC17,AVLP479_R,LC17,AVLP479,8
1939904964,5813080260,LC17,AVLP153_R,LC17,AVLP153,4
1974682390,447228814,LC17(lVLPT7)_R,PVLP106_R,LC17,PVLP106,39
1974682390,1068885266,LC17(lVLPT7)_R,PVLP151(SCB004)_R,LC17,PVLP151,10
1974682390,1070950293,LC17(lVLPT7)_R,PVLP151(SCB004)_R,LC17,PVLP151,2
1974682390,1221280490,LC17(lVLPT7)_R,LC17(lVLPT7)_R,LC17,LC17,2
1974682390,1250277991,LC17(lVLPT7)_R,LC17,LC17,LC17,3
1974682390,1321305370,LC17(lVLPT7)_R,PVLP061_R,LC17,PVLP061,69
1974682390,1348153557,LC17(lVLPT7)_R,LC17,LC17,LC17,2
1974682390,1354394414,LC17(lVLPT7)_R,PVLP120_R,LC17,PVLP120,5
1974682390,1374063129,LC17(lVLPT7)_R,PVLP132_R,LC17,PVLP132,16
1974682390,1375769049,LC17(lVLPT7)_R,LC17,LC17,LC17,2
1974682390,1381997776,LC17(lVLPT7)_R,PVLP071_R,LC17,PVLP071,4
1974682390,1382308349,LC17(lVLPT7)_R,PVLP071_R,LC17,PVLP071,2
1974682390,1405788552,LC17(lVLPT7)_R,LC17,LC17,LC17,2
1974682390,1435791739,LC17(lVLPT7)_R,PVLP132_R,LC17,PVLP132,8
1974682390,1437165487,LC17(lVLPT7)_R,LC17,LC17,LC17,2
1974682390,1449486007,LC17(lVLPT7)_R,AVLP537_R,LC17,AVLP537,2
1974682390,1466844031,LC17(lVLPT7)_R,LC17,LC17,LC17,3
1974682390,1472965897,LC17(lVLPT7)_R,LC17,LC17,LC17,3
1974682390,1479147574,LC17(lVLPT7)_R,PVLP072_R,LC17,PVLP072,5
1974682390,1479492693,LC17(lVLPT7)_R,PVLP072_R,LC17,PVLP072,4
1974682390,1508123633,LC17(lVLPT7)_R,PVLP018_R,LC17,PVLP018,3
1974682390,1510855070,LC17(lVLPT7)_R,PVLP080_R,LC17,PVLP080,2
1974682390,1512232956,LC17(lVLPT7)_R,AVLP135_R,LC17,AVLP135,2
1974682390,1535082316,LC17(lVLPT7)_R,PVLP135_R,LC17,PVLP135,9
1974682390,1535086505,LC17(lVLPT7)_R,PVLP135_R,LC17,PVLP135,26
1974682390,1565729476,LC17(lVLPT7)_R,LC17,LC17,LC17,2
1974682390,1603645798,LC17(lVLPT7)_R,PVLP072_R,LC17,PVLP072,3
1974682390,1603957106,LC17(lVLPT7)_R,AVLP409_R,LC17,AVLP409,4
1974682390,1630342162,LC17(lVLPT7)_R,PVLP036_R,LC17,PVLP036,6
1974682390,1655474822,LC17(lVLPT7)_R,LC17,LC17,LC17,3
1974682390,1656153289,LC17(lVLPT7)_R,LC17,LC17,LC17,2
1974682390,1689187126,LC17(lVLPT7)_R,LC17,LC17,LC17,4
1974682390,1689200671,LC17(lVLPT7)_R,LC17,LC17,LC17,4
1974682390,1689915765,LC17(lVLPT7)_R,LC17,LC17,LC17,2
1974682390,1690694192,LC17(lVLPT7)_R,PVLP036_R,LC17,PVLP036,8
1974682390,1690698128,LC17(lVLPT7)_R,PVLP036_R,LC17,PVLP036,5
1974682390,1714791446,LC17(lVLPT7)_R,LC17,LC17,LC17,2
1974682390,1720105182,LC17(lVLPT7)_R,NA,LC17,NA,3
1974682390,1720454234,LC17(lVLPT7)_R,NA,LC17,NA,3
1974682390,1750251452,LC17(lVLPT7)_R,LC17,LC17,LC17,3
1974682390,1751262627,LC17(lVLPT7)_R,LC17,LC17,LC17,3
1974682390,1753670596,LC17(lVLPT7)_R,LC17(lVLPT4)_R,LC17,LC17,3
1974682390,1754019541,LC17(lVLPT7)_R,LC17,LC17,LC17,4
1974682390,1776865370,LC17(lVLPT7)_R,LC17,LC17,LC17,2
1974682390,1782318275,LC17(lVLPT7)_R,LC17,LC17,LC17,2
1974682390,1782680353,LC17(lVLPT7)_R,LC17,LC17,LC17,3
1974682390,1808241116,LC17(lVLPT7)_R,LC17,LC17,LC17,3
1974682390,1813028777,LC17(lVLPT7)_R,LC17,LC17,LC17,2
1974682390,1813382259,LC17(lVLPT7)_R,LC17(lVLPT7)_R,LC17,LC17,2
1974682390,1814410124,LC17(lVLPT7)_R,LC17,LC17,LC17,2
1974682390,1814729223,LC17(lVLPT7)_R,LC17(lVLPT7)_R,LC17,LC17,2
1974682390,1817448971,LC17(lVLPT7)_R,LC17,LC17,LC17,2
1974682390,1817457987,LC17(lVLPT7)_R,LC17,LC17,LC17,3
1974682390,1817790281,LC17(lVLPT7)_R,LC17(lVLPT4)_R,LC17,LC17,2
1974682390,1817794820,LC17(lVLPT7)_R,LC17(lVLPT7)_R,LC17,LC17,3
1974682390,1817799390,LC17(lVLPT7)_R,LC17,LC17,LC17,2
1974682390,1845772658,LC17(lVLPT7)_R,LC17(lVLPT7)_R,LC17,LC17,2
1974682390,1848143184,LC17(lVLPT7)_R,LC17,LC17,LC17,4
1974682390,1848151236,LC17(lVLPT7)_R,LC17,LC17,LC17,2
1974682390,1848483949,LC17(lVLPT7)_R,LC17(lVLPT4)_R,LC17,LC17,3
1974682390,1848492714,LC17(lVLPT7)_R,LC17,LC17,LC17,2
1974682390,1848824817,LC17(lVLPT7)_R,LC17,LC17,LC17,2
1974682390,1848837843,LC17(lVLPT7)_R,LC17,LC17,LC17,3
1974682390,1849161220,LC17(lVLPT7)_R,LC17,LC17,LC17,5
1974682390,1849183960,LC17(lVLPT7)_R,LC17(lVLPT7)_R,LC17,LC17,2
1974682390,1849520324,LC17(lVLPT7)_R,LC17,LC17,LC17,3
1974682390,1879226079,LC17(lVLPT7)_R,NA,LC17,NA,2
1974682390,1879872909,LC17(lVLPT7)_R,NA,LC17,NA,2
1974682390,1879877415,LC17(lVLPT7)_R,LC17(lVLPT4)_R,LC17,LC17,2
1974682390,1880887003,LC17(lVLPT7)_R,LC17,LC17,LC17,3
1974682390,1912600163,LC17(lVLPT7)_R,LC17,LC17,LC17,3
1974682390,1942974391,LC17(lVLPT7)_R,NA,LC17,NA,2
1974682390,2003339035,LC17(lVLPT7)_R,NA,LC17,NA,2
1974682390,2006058425,LC17(lVLPT7)_R,NA,LC17,NA,2
1974682390,2029624973,LC17(lVLPT7)_R,LC17,LC17,LC17,2
1974682390,2067113702,LC17(lVLPT7)_R,NA,LC17,NA,2
1974682390,2096797846,LC17(lVLPT7)_R,NA,LC17,NA,2
1974682390,5812989875,LC17(lVLPT7)_R,AVLP409_R,LC17,AVLP409,2
1974682390,5812992468,LC17(lVLPT7)_R,LC17,LC17,LC17,2
1974682390,5812993994,LC17(lVLPT7)_R,LC17,LC17,LC17,2
1974682390,5813017315,LC17(lVLPT7)_R,AVLP479_R,LC17,AVLP479,10
1974682390,5813034336,LC17(lVLPT7)_R,LC17(lVLPT4)_R,LC17,LC17,3
1974682390,5813039148,LC17(lVLPT7)_R,PVLP011_R,LC17,PVLP011,36
1974682390,5813040277,LC17(lVLPT7)_R,PVLP115_R,LC17,PVLP115,2
1974682390,5813054384,LC17(lVLPT7)_R,PPM1203_R,LC17,PPM1203,3
1974682390,5813057579,LC17(lVLPT7)_R,AVLP538_R,LC17,AVLP538,11
1974682390,5813060163,LC17(lVLPT7)_R,LC17,LC17,LC17,3
1974682390,5813076492,LC17(lVLPT7)_R,LC17,LC17,LC17,2
1974682390,5813077633,LC17(lVLPT7)_R,AVLP479_R,LC17,AVLP479,7
2029624973,447228814,LC17,PVLP106_R,LC17,PVLP106,42
2029624973,1068885266,LC17,PVLP151(SCB004)_R,LC17,PVLP151,2
2029624973,1158877783,LC17,LC17,LC17,LC17,2
2029624973,1221285175,LC17,LC17,LC17,LC17,3
2029624973,1260949492,LC17,AVLP340_R,LC17,AVLP340,2
2029624973,1312061760,LC17,AVLP572_R,LC17,AVLP572,3
2029624973,1321305370,LC17,PVLP061_R,LC17,PVLP061,62
2029624973,1354394414,LC17,PVLP120_R,LC17,PVLP120,15
2029624973,1374063129,LC17,PVLP132_R,LC17,PVLP132,18
2029624973,1381997776,LC17,PVLP071_R,LC17,PVLP071,2
2029624973,1435791739,LC17,PVLP132_R,LC17,PVLP132,8
2029624973,1437165487,LC17,LC17,LC17,LC17,2
2029624973,1449486007,LC17,AVLP537_R,LC17,AVLP537,11
2029624973,1472965897,LC17,LC17,LC17,LC17,2
2029624973,1473648518,LC17,LC17,LC17,LC17,2
2029624973,1477148598,LC17,PVLP075_R,LC17,PVLP075,3
2029624973,1479147574,LC17,PVLP072_R,LC17,PVLP072,7
2029624973,1479492693,LC17,PVLP072_R,LC17,PVLP072,2
2029624973,1508123633,LC17,PVLP018_R,LC17,PVLP018,3
2029624973,1534694621,LC17,LC17,LC17,LC17,2
2029624973,1535082316,LC17,PVLP135_R,LC17,PVLP135,15
2029624973,1535086505,LC17,PVLP135_R,LC17,PVLP135,15
2029624973,1539496112,LC17,PVLP073_R,LC17,PVLP073,2
2029624973,1589972966,LC17,LC17(lVLPT4)_R,LC17,LC17,2
2029624973,1603645798,LC17,PVLP072_R,LC17,PVLP072,5
2029624973,1621008677,LC17,LC17,LC17,LC17,2
2029624973,1628528573,LC17,LC17,LC17,LC17,3
2029624973,1630342162,LC17,PVLP036_R,LC17,PVLP036,12
2029624973,1655474822,LC17,LC17,LC17,LC17,2
2029624973,1689239035,LC17,LC17,LC17,LC17,2
2029624973,1690694192,LC17,PVLP036_R,LC17,PVLP036,21
2029624973,1690698128,LC17,PVLP036_R,LC17,PVLP036,5
2029624973,1748187330,LC17,LC17,LC17,LC17,2
2029624973,1750251452,LC17,LC17,LC17,LC17,2
2029624973,1752672460,LC17,LC17,LC17,LC17,2
2029624973,1776865370,LC17,LC17,LC17,LC17,2
2029624973,1781333405,LC17,LC17,LC17,LC17,2
2029624973,1814031575,LC17,LC17,LC17,LC17,2
2029624973,1814410124,LC17,LC17,LC17,LC17,2
2029624973,1814729223,LC17,LC17(lVLPT7)_R,LC17,LC17,4
2029624973,1817444555,LC17,LC17,LC17,LC17,4
2029624973,1817449229,LC17,LC17,LC17,LC17,2
2029624973,1817453065,LC17,LC17,LC17,LC17,2
2029624973,1817457987,LC17,LC17,LC17,LC17,3
2029624973,1817458052,LC17,LC17,LC17,LC17,2
2029624973,1817458164,LC17,LC17,LC17,LC17,2
2029624973,1817790176,LC17,LC17,LC17,LC17,2
2029624973,1817790281,LC17,LC17(lVLPT4)_R,LC17,LC17,2
2029624973,1817790409,LC17,LC17(lVLPT7)_R,LC17,LC17,3
2029624973,1817799390,LC17,LC17,LC17,LC17,3
2029624973,1847806203,LC17,LC17,LC17,LC17,2
2029624973,1847810811,LC17,LC17(lVLPT7)_R,LC17,LC17,2
2029624973,1848156241,LC17,LC17,LC17,LC17,2
2029624973,1848492258,LC17,LC17,LC17,LC17,2
2029624973,1848492714,LC17,LC17,LC17,LC17,2
2029624973,1848506334,LC17,NA,LC17,NA,4
2029624973,1848824817,LC17,LC17,LC17,LC17,3
2029624973,1848837843,LC17,LC17,LC17,LC17,3
2029624973,1849161220,LC17,LC17,LC17,LC17,2
2029624973,1849179266,LC17,LC17,LC17,LC17,3
2029624973,1849183960,LC17,LC17(lVLPT7)_R,LC17,LC17,2
2029624973,1849503142,LC17,LC17,LC17,LC17,6
2029624973,1879226079,LC17,NA,LC17,NA,3
2029624973,1910920174,LC17,NA,LC17,NA,2
2029624973,1939904964,LC17,LC17,LC17,LC17,3
2029624973,1941955396,LC17,NA,LC17,NA,2
2029624973,2096793578,LC17,NA,LC17,NA,3
2029624973,2245501457,LC17,LC17,LC17,LC17,4
2029624973,5812993994,LC17,LC17,LC17,LC17,2
2029624973,5813017315,LC17,AVLP479_R,LC17,AVLP479,11
2029624973,5813027276,LC17,AVLP080_R,LC17,AVLP080,2
2029624973,5813038918,LC17,LC17,LC17,LC17,3
2029624973,5813039148,LC17,PVLP011_R,LC17,PVLP011,57
2029624973,5813039410,LC17,LC17,LC17,LC17,2
2029624973,5813057579,LC17,AVLP538_R,LC17,AVLP538,12
2029624973,5813068239,LC17,LC17,LC17,LC17,2
2029624973,5813077633,LC17,AVLP479_R,LC17,AVLP479,13
2029624973,5813080260,LC17,AVLP153_R,LC17,AVLP153,5
2245501457,447228814,LC17,PVLP106_R,LC17,PVLP106,32
2245501457,912601209,LC17,PLP244(SCB010)_L,LC17,PLP244,3
2245501457,1068885266,LC17,PVLP151(SCB004)_R,LC17,PVLP151,5
2245501457,1158877783,LC17,LC17,LC17,LC17,4
2245501457,1190250299,LC17,LC17,LC17,LC17,3
2245501457,1221280490,LC17,LC17(lVLPT7)_R,LC17,LC17,4
2245501457,1321305370,LC17,PVLP061_R,LC17,PVLP061,60
2245501457,1354394414,LC17,PVLP120_R,LC17,PVLP120,7
2245501457,1374063129,LC17,PVLP132_R,LC17,PVLP132,18
2245501457,1381997776,LC17,PVLP071_R,LC17,PVLP071,2
2245501457,1382308349,LC17,PVLP071_R,LC17,PVLP071,6
2245501457,1435791739,LC17,PVLP132_R,LC17,PVLP132,8
2245501457,1449486007,LC17,AVLP537_R,LC17,AVLP537,2
2245501457,1479147574,LC17,PVLP072_R,LC17,PVLP072,5
2245501457,1479492693,LC17,PVLP072_R,LC17,PVLP072,3
2245501457,1497200791,LC17,LC17,LC17,LC17,3
2245501457,1508123633,LC17,PVLP018_R,LC17,PVLP018,10
2245501457,1530606252,LC17,LC17(lVLPT7)_R,LC17,LC17,6
2245501457,1535082316,LC17,PVLP135_R,LC17,PVLP135,11
2245501457,1535086505,LC17,PVLP135_R,LC17,PVLP135,20
2245501457,1603645798,LC17,PVLP072_R,LC17,PVLP072,5
2245501457,1630342162,LC17,PVLP036_R,LC17,PVLP036,9
2245501457,1654413566,LC17,LC17,LC17,LC17,2
2245501457,1655474822,LC17,LC17,LC17,LC17,4
2245501457,1663639752,LC17,NA,LC17,NA,5
2245501457,1684443103,LC17,LC17,LC17,LC17,2
2245501457,1690694192,LC17,PVLP036_R,LC17,PVLP036,11
2245501457,1695693354,LC17,PVLP072_R,LC17,PVLP072,6
2245501457,1720105182,LC17,NA,LC17,NA,4
2245501457,1751666374,LC17,LC17,LC17,LC17,2
2245501457,1754019541,LC17,LC17,LC17,LC17,2
2245501457,1779567374,LC17,LC17,LC17,LC17,2
2245501457,1782680353,LC17,LC17,LC17,LC17,5
2245501457,1817452948,LC17,LC17,LC17,LC17,2
2245501457,1817457984,LC17,LC17,LC17,LC17,2
2245501457,1817458164,LC17,LC17,LC17,LC17,3
2245501457,1817790222,LC17,LC17,LC17,LC17,2
2245501457,1817790409,LC17,LC17(lVLPT7)_R,LC17,LC17,2
2245501457,1818122205,LC17,LC17,LC17,LC17,3
2245501457,1847806203,LC17,LC17,LC17,LC17,2
2245501457,1847815147,LC17,LC17(lVLPT7)_R,LC17,LC17,2
2245501457,1848151236,LC17,LC17,LC17,LC17,2
2245501457,1848151571,LC17,LC17(lVLPT7)_R,LC17,LC17,2
2245501457,1848151877,LC17,LC17,LC17,LC17,2
2245501457,1848824817,LC17,LC17,LC17,LC17,3
2245501457,1849166071,LC17,LC17,LC17,LC17,2
2245501457,1875460978,LC17,LC17,LC17,LC17,3
2245501457,1879519066,LC17,LC17,LC17,LC17,2
2245501457,1880887003,LC17,LC17,LC17,LC17,2
2245501457,1912271899,LC17,NA,LC17,NA,2
2245501457,1939904964,LC17,LC17,LC17,LC17,2
2245501457,1941955396,LC17,NA,LC17,NA,3
2245501457,2029624973,LC17,LC17,LC17,LC17,2
2245501457,5812988086,LC17,LC17,LC17,LC17,2
2245501457,5812990958,LC17,PVLP097_b_R,LC17,PVLP097_b,2
2245501457,5812992219,LC17,LC17,LC17,LC17,2
2245501457,5812999009,LC17,LC17(lVLPT4)_R,LC17,LC17,2
2245501457,5813017315,LC17,AVLP479_R,LC17,AVLP479,8
2245501457,5813039148,LC17,PVLP011_R,LC17,PVLP011,45
2245501457,5813057178,LC17,PVLP136_R,LC17,PVLP136,4
2245501457,5813057579,LC17,AVLP538_R,LC17,AVLP538,11
2245501457,5813077633,LC17,AVLP479_R,LC17,AVLP479,8
5812988086,447228814,LC17,PVLP106_R,LC17,PVLP106,36
5812988086,1068885266,LC17,PVLP151(SCB004)_R,LC17,PVLP151,8
5812988086,1070950293,LC17,PVLP151(SCB004)_R,LC17,PVLP151,3
5812988086,1158877703,LC17,LC17(lVLPT4)_R,LC17,LC17,2
5812988086,1189567690,LC17,LC17,LC17,LC17,3
5812988086,1313702895,LC17,LC17,LC17,LC17,2
5812988086,1321305370,LC17,PVLP061_R,LC17,PVLP061,59
5812988086,1345079276,LC17,LC17,LC17,LC17,2
5812988086,1354394414,LC17,PVLP120_R,LC17,PVLP120,7
5812988086,1374063129,LC17,PVLP132_R,LC17,PVLP132,20
5812988086,1381997776,LC17,PVLP071_R,LC17,PVLP071,4
5812988086,1382308349,LC17,PVLP071_R,LC17,PVLP071,9
5812988086,1435791739,LC17,PVLP132_R,LC17,PVLP132,10
5812988086,1435822283,LC17,LC17,LC17,LC17,4
5812988086,1449486007,LC17,AVLP537_R,LC17,AVLP537,7
5812988086,1479147574,LC17,PVLP072_R,LC17,PVLP072,9
5812988086,1479492693,LC17,PVLP072_R,LC17,PVLP072,3
5812988086,1497200791,LC17,LC17,LC17,LC17,2
5812988086,1508123633,LC17,PVLP018_R,LC17,PVLP018,6
5812988086,1510855070,LC17,PVLP080_R,LC17,PVLP080,2
5812988086,1528577476,LC17,LC17,LC17,LC17,2
5812988086,1535082316,LC17,PVLP135_R,LC17,PVLP135,20
5812988086,1535086505,LC17,PVLP135_R,LC17,PVLP135,12
5812988086,1593012939,LC17,LC17,LC17,LC17,2
5812988086,1603645798,LC17,PVLP072_R,LC17,PVLP072,7
5812988086,1621008677,LC17,LC17,LC17,LC17,2
5812988086,1628528573,LC17,LC17,LC17,LC17,2
5812988086,1630342162,LC17,PVLP036_R,LC17,PVLP036,5
5812988086,1655474822,LC17,LC17,LC17,LC17,2
5812988086,1658881325,LC17,LC17,LC17,LC17,2
5812988086,1663639752,LC17,NA,LC17,NA,3
5812988086,1689187126,LC17,LC17,LC17,LC17,2
5812988086,1690694192,LC17,PVLP036_R,LC17,PVLP036,5
5812988086,1690698128,LC17,PVLP036_R,LC17,PVLP036,4
5812988086,1690706380,LC17,PVLP037_R,LC17,PVLP037,3
5812988086,1722307233,LC17,LC17(lVLPT7)_R,LC17,LC17,2
5812988086,1747181914,LC17,LC17,LC17,LC17,2
5812988086,1752962124,LC17,LC17,LC17,LC17,3
5812988086,1781324410,LC17,LC17,LC17,LC17,2
5812988086,1812696567,LC17,LC17,LC17,LC17,5
5812988086,1817108009,LC17,LC17,LC17,LC17,2
5812988086,1817112855,LC17,LC17,LC17,LC17,3
5812988086,1817448971,LC17,LC17,LC17,LC17,2
5812988086,1817449059,LC17,LC17,LC17,LC17,2
5812988086,1817449116,LC17,LC17(lVLPT4)_R,LC17,LC17,2
5812988086,1817449236,LC17,LC17,LC17,LC17,5
5812988086,1817453257,LC17,LC17,LC17,LC17,3
5812988086,1817457847,LC17,LC17,LC17,LC17,3
5812988086,1817458164,LC17,LC17,LC17,LC17,2
5812988086,1818122205,LC17,LC17,LC17,LC17,2
5812988086,1818473569,LC17,LC17,LC17,LC17,4
5812988086,1844421716,LC17,LC17,LC17,LC17,3
5812988086,1847806275,LC17,LC17,LC17,LC17,4
5812988086,1848138779,LC17,LC17,LC17,LC17,2
5812988086,1848492258,LC17,LC17,LC17,LC17,2
5812988086,1848506334,LC17,NA,LC17,NA,2
5812988086,1848824817,LC17,LC17,LC17,LC17,2
5812988086,1849161220,LC17,LC17,LC17,LC17,2
5812988086,1849161407,LC17,LC17,LC17,LC17,2
5812988086,1849166071,LC17,LC17,LC17,LC17,2
5812988086,1875124235,LC17,LC17,LC17,LC17,2
5812988086,1878845629,LC17,LC17,LC17,LC17,2
5812988086,1880209425,LC17,LC17(lVLPT7)_R,LC17,LC17,2
5812988086,1910579771,LC17,NA,LC17,NA,2
5812988086,1937193993,LC17,LC17,LC17,LC17,3
5812988086,1939904964,LC17,LC17,LC17,LC17,2
5812988086,1941955396,LC17,NA,LC17,NA,2
5812988086,2003347629,LC17,NA,LC17,NA,2
5812988086,2128505901,LC17,NA,LC17,NA,2
5812988086,5812991769,LC17,LC17,LC17,LC17,5
5812988086,5812992468,LC17,LC17,LC17,LC17,3
5812988086,5813017315,LC17,AVLP479_R,LC17,AVLP479,6
5812988086,5813027276,LC17,AVLP080_R,LC17,AVLP080,2
5812988086,5813039148,LC17,PVLP011_R,LC17,PVLP011,43
5812988086,5813057178,LC17,PVLP136_R,LC17,PVLP136,2
5812988086,5813057579,LC17,AVLP538_R,LC17,AVLP538,14
5812988086,5813076492,LC17,LC17,LC17,LC17,5
5812988086,5813077633,LC17,AVLP479_R,LC17,AVLP479,7
5812988086,5813080260,LC17,AVLP153_R,LC17,AVLP153,5
5812991769,447228814,LC17,PVLP106_R,LC17,PVLP106,37
5812991769,1068885266,LC17,PVLP151(SCB004)_R,LC17,PVLP151,2
5812991769,1158877783,LC17,LC17,LC17,LC17,2
5812991769,1321305370,LC17,PVLP061_R,LC17,PVLP061,59
5812991769,1345079276,LC17,LC17,LC17,LC17,3
5812991769,1354394414,LC17,PVLP120_R,LC17,PVLP120,6
5812991769,1374063129,LC17,PVLP132_R,LC17,PVLP132,8
5812991769,1381997776,LC17,PVLP071_R,LC17,PVLP071,2
5812991769,1382308349,LC17,PVLP071_R,LC17,PVLP071,3
5812991769,1435791739,LC17,PVLP132_R,LC17,PVLP132,7
5812991769,1449486007,LC17,AVLP537_R,LC17,AVLP537,7
5812991769,1472965897,LC17,LC17,LC17,LC17,3
5812991769,1473332777,LC17,LC17(lVLPT7)_R,LC17,LC17,4
5812991769,1477148598,LC17,PVLP075_R,LC17,PVLP075,2
5812991769,1479147574,LC17,PVLP072_R,LC17,PVLP072,3
5812991769,1535082316,LC17,PVLP135_R,LC17,PVLP135,17
5812991769,1535086505,LC17,PVLP135_R,LC17,PVLP135,13
5812991769,1603645798,LC17,PVLP072_R,LC17,PVLP072,8
5812991769,1630342162,LC17,PVLP036_R,LC17,PVLP036,8
5812991769,1655474822,LC17,LC17,LC17,LC17,3
5812991769,1663639752,LC17,NA,LC17,NA,2
5812991769,1689200671,LC17,LC17,LC17,LC17,2
5812991769,1689239035,LC17,LC17,LC17,LC17,2
5812991769,1690694192,LC17,PVLP036_R,LC17,PVLP036,8
5812991769,1690698128,LC17,PVLP036_R,LC17,PVLP036,3
5812991769,1695693354,LC17,PVLP072_R,LC17,PVLP072,2
5812991769,1720105182,LC17,NA,LC17,NA,3
5812991769,1747518018,LC17,LC17,LC17,LC17,2
5812991769,1752672460,LC17,LC17,LC17,LC17,2
5812991769,1752962124,LC17,LC17,LC17,LC17,2
5812991769,1783361972,LC17,LC17,LC17,LC17,2
5812991769,1814729223,LC17,LC17(lVLPT7)_R,LC17,LC17,2
5812991769,1817449375,LC17,LC17,LC17,LC17,5
5812991769,1817453557,LC17,LC17(lVLPT4)_R,LC17,LC17,4
5812991769,1817457847,LC17,LC17,LC17,LC17,2
5812991769,1817457984,LC17,LC17,LC17,LC17,3
5812991769,1818122205,LC17,LC17,LC17,LC17,4
5812991769,1818136404,LC17,LC17,LC17,LC17,3
5812991769,1845772658,LC17,LC17(lVLPT7)_R,LC17,LC17,2
5812991769,1847806275,LC17,LC17,LC17,LC17,2
5812991769,1848143184,LC17,LC17,LC17,LC17,2
5812991769,1848483949,LC17,LC17(lVLPT4)_R,LC17,LC17,2
5812991769,1849161220,LC17,LC17,LC17,LC17,2
5812991769,1849161407,LC17,LC17,LC17,LC17,3
5812991769,1849179266,LC17,LC17,LC17,LC17,3
5812991769,1849503142,LC17,LC17,LC17,LC17,2
5812991769,1849507321,LC17,LC17,LC17,LC17,4
5812991769,1879226079,LC17,NA,LC17,NA,6
5812991769,1879519066,LC17,LC17,LC17,LC17,5
5812991769,1879872565,LC17,NA,LC17,NA,2
5812991769,1879877415,LC17,LC17(lVLPT4)_R,LC17,LC17,3
5812991769,1881224214,LC17,NA,LC17,NA,2
5812991769,1973991807,LC17,NA,LC17,NA,2
5812991769,2006067880,LC17,NA,LC17,NA,2
5812991769,2029624973,LC17,LC17,LC17,LC17,3
5812991769,2036092461,LC17,NA,LC17,NA,2
5812991769,2066777534,LC17,NA,LC17,NA,2
5812991769,2097811845,LC17,NA,LC17,NA,2
5812991769,5812988086,LC17,LC17,LC17,LC17,2
5812991769,5812992468,LC17,LC17,LC17,LC17,2
5812991769,5812998833,LC17,LC17,LC17,LC17,4
5812991769,5813017315,LC17,AVLP479_R,LC17,AVLP479,7
5812991769,5813034336,LC17,LC17(lVLPT4)_R,LC17,LC17,2
5812991769,5813039148,LC17,PVLP011_R,LC17,PVLP011,41
5812991769,5813039410,LC17,LC17,LC17,LC17,2
5812991769,5813057178,LC17,PVLP136_R,LC17,PVLP136,4
5812991769,5813057579,LC17,AVLP538_R,LC17,AVLP538,16
5812991769,5813077633,LC17,AVLP479_R,LC17,AVLP479,6
5812992219,447228814,LC17,PVLP106_R,LC17,PVLP106,54
5812992219,1068885266,LC17,PVLP151(SCB004)_R,LC17,PVLP151,7
5812992219,1070950293,LC17,PVLP151(SCB004)_R,LC17,PVLP151,2
5812992219,1158877703,LC17,LC17(lVLPT4)_R,LC17,LC17,3
5812992219,1190250299,LC17,LC17,LC17,LC17,3
5812992219,1221280490,LC17,LC17(lVLPT7)_R,LC17,LC17,3
5812992219,1260949492,LC17,AVLP340_R,LC17,AVLP340,2
5812992219,1321305370,LC17,PVLP061_R,LC17,PVLP061,104
5812992219,1347812305,LC17,LC17(lVLPT7)_R,LC17,LC17,3
5812992219,1354394414,LC17,PVLP120_R,LC17,PVLP120,8
5812992219,1374063129,LC17,PVLP132_R,LC17,PVLP132,31
5812992219,1375769049,LC17,LC17,LC17,LC17,2
5812992219,1381997776,LC17,PVLP071_R,LC17,PVLP071,16
5812992219,1382308349,LC17,PVLP071_R,LC17,PVLP071,12
5812992219,1405788552,LC17,LC17,LC17,LC17,2
5812992219,1420172582,LC17,NA,LC17,NA,2
5812992219,1435791739,LC17,PVLP132_R,LC17,PVLP132,13
5812992219,1435822283,LC17,LC17,LC17,LC17,4
5812992219,1449486007,LC17,AVLP537_R,LC17,AVLP537,8
5812992219,1466844031,LC17,LC17,LC17,LC17,3
5812992219,1471610338,LC17,LC17,LC17,LC17,3
5812992219,1472965897,LC17,LC17,LC17,LC17,2
5812992219,1474424990,LC17,PVLP073_R,LC17,PVLP073,2
5812992219,1477148598,LC17,PVLP075_R,LC17,PVLP075,2
5812992219,1479147574,LC17,PVLP072_R,LC17,PVLP072,12
5812992219,1479492693,LC17,PVLP072_R,LC17,PVLP072,13
5812992219,1504428248,LC17,PVLP075_R,LC17,PVLP075,4
5812992219,1508123633,LC17,PVLP018_R,LC17,PVLP018,10
5812992219,1512232956,LC17,AVLP135_R,LC17,AVLP135,3
5812992219,1535082316,LC17,PVLP135_R,LC17,PVLP135,19
5812992219,1535086505,LC17,PVLP135_R,LC17,PVLP135,32
5812992219,1562707421,LC17,LC17(lVLPT7)_R,LC17,LC17,2
5812992219,1589972966,LC17,LC17(lVLPT4)_R,LC17,LC17,2
5812992219,1603645798,LC17,PVLP072_R,LC17,PVLP072,8
5812992219,1603957106,LC17,AVLP409_R,LC17,AVLP409,3
5812992219,1625800608,LC17,LC17,LC17,LC17,2
5812992219,1628528573,LC17,LC17,LC17,LC17,4
5812992219,1630342162,LC17,PVLP036_R,LC17,PVLP036,21
5812992219,1655474822,LC17,LC17,LC17,LC17,2
5812992219,1663639752,LC17,NA,LC17,NA,4
5812992219,1684443103,LC17,LC17,LC17,LC17,3
5812992219,1689187126,LC17,LC17,LC17,LC17,2
5812992219,1689239035,LC17,LC17,LC17,LC17,2
5812992219,1690694192,LC17,PVLP036_R,LC17,PVLP036,9
5812992219,1690698128,LC17,PVLP036_R,LC17,PVLP036,3
5812992219,1690706380,LC17,PVLP037_R,LC17,PVLP037,2
5812992219,1690917721,LC17,LC17,LC17,LC17,2
5812992219,1695693354,LC17,PVLP072_R,LC17,PVLP072,2
5812992219,1714791446,LC17,LC17,LC17,LC17,2
5812992219,1719928105,LC17,LC17,LC17,LC17,2
5812992219,1720105182,LC17,NA,LC17,NA,4
5812992219,1724345210,LC17,NA,LC17,NA,4
5812992219,1747181914,LC17,LC17,LC17,LC17,2
5812992219,1750251452,LC17,LC17,LC17,LC17,2
5812992219,1751262627,LC17,LC17,LC17,LC17,3
5812992219,1751666374,LC17,LC17,LC17,LC17,2
5812992219,1753670596,LC17,LC17(lVLPT4)_R,LC17,LC17,2
5812992219,1776865370,LC17,LC17,LC17,LC17,2
5812992219,1812363713,LC17,LC17,LC17,LC17,4
5812992219,1814410124,LC17,LC17,LC17,LC17,2
5812992219,1814729788,LC17,LC17,LC17,LC17,2
5812992219,1817107934,LC17,LC17,LC17,LC17,2
5812992219,1817113079,LC17,LC17,LC17,LC17,3
5812992219,1817449116,LC17,LC17(lVLPT4)_R,LC17,LC17,2
5812992219,1817449229,LC17,LC17,LC17,LC17,3
5812992219,1817449375,LC17,LC17,LC17,LC17,2
5812992219,1817453557,LC17,LC17(lVLPT4)_R,LC17,LC17,2
5812992219,1817457808,LC17,LC17,LC17,LC17,3
5812992219,1817457847,LC17,LC17,LC17,LC17,2
5812992219,1817785682,LC17,LC17,LC17,LC17,2
5812992219,1817790176,LC17,LC17,LC17,LC17,4
5812992219,1817790222,LC17,LC17,LC17,LC17,2
5812992219,1817794820,LC17,LC17(lVLPT7)_R,LC17,LC17,3
5812992219,1818122205,LC17,LC17,LC17,LC17,2
5812992219,1847815147,LC17,LC17(lVLPT7)_R,LC17,LC17,2
5812992219,1848143184,LC17,LC17,LC17,LC17,2
5812992219,1848151236,LC17,LC17,LC17,LC17,5
5812992219,1848156241,LC17,LC17,LC17,LC17,2
5812992219,1848492258,LC17,LC17,LC17,LC17,3
5812992219,1848492714,LC17,LC17,LC17,LC17,2
5812992219,1848820426,LC17,LC17(lVLPT7)_R,LC17,LC17,3
5812992219,1848837843,LC17,LC17,LC17,LC17,3
5812992219,1849161220,LC17,LC17,LC17,LC17,3
5812992219,1849179266,LC17,LC17,LC17,LC17,2
5812992219,1849183960,LC17,LC17(lVLPT7)_R,LC17,LC17,2
5812992219,1849520324,LC17,LC17,LC17,LC17,3
5812992219,1875460978,LC17,LC17,LC17,LC17,3
5812992219,1879519066,LC17,LC17,LC17,LC17,4
5812992219,1880205322,LC17,NA,LC17,NA,2
5812992219,1880887003,LC17,LC17,LC17,LC17,4
5812992219,1908865507,LC17,LC17,LC17,LC17,2
5812992219,1941609793,LC17,NA,LC17,NA,2
5812992219,2004681343,LC17,NA,LC17,NA,2
5812992219,2005022400,LC17,NA,LC17,NA,4
5812992219,2034378615,LC17,NA,LC17,NA,2
5812992219,2245501457,LC17,LC17,LC17,LC17,2
5812992219,5812988086,LC17,LC17,LC17,LC17,2
5812992219,5812998833,LC17,LC17,LC17,LC17,3
5812992219,5812999009,LC17,LC17(lVLPT4)_R,LC17,LC17,2
5812992219,5813017315,LC17,AVLP479_R,LC17,AVLP479,9
5812992219,5813039148,LC17,PVLP011_R,LC17,PVLP011,75
5812992219,5813054384,LC17,PPM1203_R,LC17,PPM1203,2
5812992219,5813057178,LC17,PVLP136_R,LC17,PVLP136,3
5812992219,5813057579,LC17,AVLP538_R,LC17,AVLP538,14
5812992219,5813077633,LC17,AVLP479_R,LC17,AVLP479,11
5812992219,5901214683,LC17,AVLP135_R,LC17,AVLP135,3
5812992468,447228814,LC17,PVLP106_R,LC17,PVLP106,44
5812992468,1068885266,LC17,PVLP151(SCB004)_R,LC17,PVLP151,15
5812992468,1321305370,LC17,PVLP061_R,LC17,PVLP061,72
5812992468,1347812305,LC17,LC17(lVLPT7)_R,LC17,LC17,3
5812992468,1354394414,LC17,PVLP120_R,LC17,PVLP120,12
5812992468,1374063129,LC17,PVLP132_R,LC17,PVLP132,14
5812992468,1375769049,LC17,LC17,LC17,LC17,4
5812992468,1381997776,LC17,PVLP071_R,LC17,PVLP071,5
5812992468,1382308349,LC17,PVLP071_R,LC17,PVLP071,11
5812992468,1405788552,LC17,LC17,LC17,LC17,2
5812992468,1420172582,LC17,NA,LC17,NA,2
5812992468,1435791739,LC17,PVLP132_R,LC17,PVLP132,4
5812992468,1435822283,LC17,LC17,LC17,LC17,3
5812992468,1449486007,LC17,AVLP537_R,LC17,AVLP537,12
5812992468,1471607030,LC17,LC17,LC17,LC17,3
5812992468,1472965897,LC17,LC17,LC17,LC17,5
5812992468,1474424990,LC17,PVLP073_R,LC17,PVLP073,2
5812992468,1479147574,LC17,PVLP072_R,LC17,PVLP072,14
5812992468,1479492693,LC17,PVLP072_R,LC17,PVLP072,5
5812992468,1497200791,LC17,LC17,LC17,LC17,2
5812992468,1508123633,LC17,PVLP018_R,LC17,PVLP018,4
5812992468,1512232956,LC17,AVLP135_R,LC17,AVLP135,4
5812992468,1534694621,LC17,LC17,LC17,LC17,3
5812992468,1535082316,LC17,PVLP135_R,LC17,PVLP135,23
5812992468,1535086505,LC17,PVLP135_R,LC17,PVLP135,16
5812992468,1561301125,LC17,LC17,LC17,LC17,2
5812992468,1563355501,LC17,LC17,LC17,LC17,2
5812992468,1593012939,LC17,LC17,LC17,LC17,3
5812992468,1603645798,LC17,PVLP072_R,LC17,PVLP072,9
5812992468,1621008677,LC17,LC17,LC17,LC17,3
5812992468,1622360309,LC17,LC17,LC17,LC17,2
5812992468,1625800608,LC17,LC17,LC17,LC17,3
5812992468,1630342162,LC17,PVLP036_R,LC17,PVLP036,5
5812992468,1656834653,LC17,LC17,LC17,LC17,3
5812992468,1659515529,LC17,LC17,LC17,LC17,2
5812992468,1663639752,LC17,NA,LC17,NA,2
5812992468,1690694192,LC17,PVLP036_R,LC17,PVLP036,5
5812992468,1690698128,LC17,PVLP036_R,LC17,PVLP036,3
5812992468,1695693354,LC17,PVLP072_R,LC17,PVLP072,8
5812992468,1720105182,LC17,NA,LC17,NA,3
5812992468,1747181914,LC17,LC17,LC17,LC17,2
5812992468,1750251452,LC17,LC17,LC17,LC17,3
5812992468,1752672460,LC17,LC17,LC17,LC17,2
5812992468,1753670596,LC17,LC17(lVLPT4)_R,LC17,LC17,2
5812992468,1779567374,LC17,LC17,LC17,LC17,2
5812992468,1781333405,LC17,LC17,LC17,LC17,2
5812992468,1782680353,LC17,LC17,LC17,LC17,2
5812992468,1807572051,LC17,LC17,LC17,LC17,2
5812992468,1814055949,LC17,LC17,LC17,LC17,3
5812992468,1814410124,LC17,LC17,LC17,LC17,2
5812992468,1817113079,LC17,LC17,LC17,LC17,2
5812992468,1817444555,LC17,LC17,LC17,LC17,2
5812992468,1817448921,LC17,LC17,LC17,LC17,4
5812992468,1817448971,LC17,LC17,LC17,LC17,2
5812992468,1817449229,LC17,LC17,LC17,LC17,2
5812992468,1817452948,LC17,LC17,LC17,LC17,2
5812992468,1817453257,LC17,LC17,LC17,LC17,4
5812992468,1817457987,LC17,LC17,LC17,LC17,2
5812992468,1817785682,LC17,LC17,LC17,LC17,2
5812992468,1817790409,LC17,LC17(lVLPT7)_R,LC17,LC17,3
5812992468,1817794820,LC17,LC17(lVLPT7)_R,LC17,LC17,2
5812992468,1817799390,LC17,LC17,LC17,LC17,2
5812992468,1818136404,LC17,LC17,LC17,LC17,2
5812992468,1847806203,LC17,LC17,LC17,LC17,2
5812992468,1848151618,LC17,NA,LC17,NA,3
5812992468,1848483949,LC17,LC17(lVLPT4)_R,LC17,LC17,2
5812992468,1848506334,LC17,NA,LC17,NA,2
5812992468,1848820426,LC17,LC17(lVLPT7)_R,LC17,LC17,2
5812992468,1849161220,LC17,LC17,LC17,LC17,5
5812992468,1849161407,LC17,LC17,LC17,LC17,2
5812992468,1849178917,LC17,LC17,LC17,LC17,2
5812992468,1849183960,LC17,LC17(lVLPT7)_R,LC17,LC17,4
5812992468,1849520324,LC17,LC17,LC17,LC17,3
5812992468,1875124235,LC17,LC17,LC17,LC17,6
5812992468,1875460978,LC17,LC17,LC17,LC17,2
5812992468,1878845629,LC17,LC17,LC17,LC17,3
5812992468,1879226079,LC17,NA,LC17,NA,2
5812992468,1879519066,LC17,LC17,LC17,LC17,2
5812992468,1880887003,LC17,LC17,LC17,LC17,2
5812992468,1912604443,LC17,NA,LC17,NA,2
5812992468,1937193993,LC17,LC17,LC17,LC17,4
5812992468,1942296748,LC17,NA,LC17,NA,2
5812992468,1972999247,LC17,NA,LC17,NA,4
5812992468,1974682390,LC17,LC17(lVLPT7)_R,LC17,LC17,2
5812992468,2004033743,LC17,NA,LC17,NA,3
5812992468,2065754231,LC17,NA,LC17,NA,2
5812992468,2066773186,LC17,NA,LC17,NA,2
5812992468,2098148723,LC17,NA,LC17,NA,2
5812992468,5812988086,LC17,LC17,LC17,LC17,3
5812992468,5812991769,LC17,LC17,LC17,LC17,2
5812992468,5813017315,LC17,AVLP479_R,LC17,AVLP479,8
5812992468,5813039148,LC17,PVLP011_R,LC17,PVLP011,52
5812992468,5813057579,LC17,AVLP538_R,LC17,AVLP538,13
5812992468,5813068559,LC17,AVLP396_R,LC17,AVLP396,2
5812992468,5813076492,LC17,LC17,LC17,LC17,2
5812992468,5813077633,LC17,AVLP479_R,LC17,AVLP479,8
5812993994,447228814,LC17,PVLP106_R,LC17,PVLP106,31
5812993994,1068885266,LC17,PVLP151(SCB004)_R,LC17,PVLP151,2
5812993994,1189567690,LC17,LC17,LC17,LC17,2
5812993994,1321305370,LC17,PVLP061_R,LC17,PVLP061,64
5812993994,1347126097,LC17,LC17,LC17,LC17,3
5812993994,1348153557,LC17,LC17,LC17,LC17,2
5812993994,1354394414,LC17,PVLP120_R,LC17,PVLP120,15
5812993994,1374063129,LC17,PVLP132_R,LC17,PVLP132,8
5812993994,1381997776,LC17,PVLP071_R,LC17,PVLP071,13
5812993994,1382308349,LC17,PVLP071_R,LC17,PVLP071,12
5812993994,1420172582,LC17,NA,LC17,NA,2
5812993994,1435791739,LC17,PVLP132_R,LC17,PVLP132,9
5812993994,1449486007,LC17,AVLP537_R,LC17,AVLP537,10
5812993994,1472965897,LC17,LC17,LC17,LC17,2
5812993994,1475188631,LC17,AVLP541_R,LC17,AVLP541,2
5812993994,1479147574,LC17,PVLP072_R,LC17,PVLP072,9
5812993994,1479492693,LC17,PVLP072_R,LC17,PVLP072,4
5812993994,1504428248,LC17,PVLP075_R,LC17,PVLP075,3
5812993994,1508123633,LC17,PVLP018_R,LC17,PVLP018,3
5812993994,1530606252,LC17,LC17(lVLPT7)_R,LC17,LC17,2
5812993994,1535082316,LC17,PVLP135_R,LC17,PVLP135,26
5812993994,1535086505,LC17,PVLP135_R,LC17,PVLP135,13
5812993994,1563355501,LC17,LC17,LC17,LC17,2
5812993994,1603645798,LC17,PVLP072_R,LC17,PVLP072,9
5812993994,1628528573,LC17,LC17,LC17,LC17,2
5812993994,1629163100,LC17,LC17(lVLPT7)_R,LC17,LC17,2
5812993994,1630342162,LC17,PVLP036_R,LC17,PVLP036,8
5812993994,1654413566,LC17,LC17,LC17,LC17,2
5812993994,1663639752,LC17,NA,LC17,NA,3
5812993994,1687831632,LC17,LC17,LC17,LC17,4
5812993994,1689915765,LC17,LC17,LC17,LC17,2
5812993994,1690694192,LC17,PVLP036_R,LC17,PVLP036,11
5812993994,1695693354,LC17,PVLP072_R,LC17,PVLP072,2
5812993994,1750251452,LC17,LC17,LC17,LC17,6
5812993994,1752962124,LC17,LC17,LC17,LC17,2
5812993994,1753670596,LC17,LC17(lVLPT4)_R,LC17,LC17,2
5812993994,1754019541,LC17,LC17,LC17,LC17,2
5812993994,1779567374,LC17,LC17,LC17,LC17,2
5812993994,1782318275,LC17,LC17,LC17,LC17,3
5812993994,1783361972,LC17,LC17,LC17,LC17,2
5812993994,1807572051,LC17,LC17,LC17,LC17,2
5812993994,1812363713,LC17,LC17,LC17,LC17,2
5812993994,1812696567,LC17,LC17,LC17,LC17,3
5812993994,1813382259,LC17,LC17(lVLPT7)_R,LC17,LC17,2
5812993994,1814031575,LC17,LC17,LC17,LC17,3
5812993994,1817108009,LC17,LC17,LC17,LC17,3
5812993994,1817112855,LC17,LC17,LC17,LC17,3
5812993994,1817444670,LC17,LC17(lVLPT7)_R,LC17,LC17,4
5812993994,1817449059,LC17,LC17,LC17,LC17,6
5812993994,1817452948,LC17,LC17,LC17,LC17,2
5812993994,1817453065,LC17,LC17,LC17,LC17,2
5812993994,1844421716,LC17,LC17,LC17,LC17,2
5812993994,1845772658,LC17,LC17(lVLPT7)_R,LC17,LC17,4
5812993994,1848138779,LC17,LC17,LC17,LC17,2
5812993994,1848151571,LC17,LC17(lVLPT7)_R,LC17,LC17,2
5812993994,1848151618,LC17,NA,LC17,NA,2
5812993994,1848483949,LC17,LC17(lVLPT4)_R,LC17,LC17,2
5812993994,1848496662,LC17,LC17,LC17,LC17,5
5812993994,1848837843,LC17,LC17,LC17,LC17,3
5812993994,1849166071,LC17,LC17,LC17,LC17,2
5812993994,1849183960,LC17,LC17(lVLPT7)_R,LC17,LC17,3
5812993994,1879519066,LC17,LC17,LC17,LC17,4
5812993994,1880209425,LC17,LC17(lVLPT7)_R,LC17,LC17,2
5812993994,1880887581,LC17,NA,LC17,NA,2
5812993994,1910920228,LC17,NA,LC17,NA,4
5812993994,1911266206,LC17,NA,LC17,NA,2
5812993994,1911926378,LC17,NA,LC17,NA,2
5812993994,1912600163,LC17,LC17,LC17,LC17,3
5812993994,1974682390,LC17,LC17(lVLPT7)_R,LC17,LC17,2
5812993994,2029624973,LC17,LC17,LC17,LC17,3
5812993994,2067113702,LC17,NA,LC17,NA,3
5812993994,2245501457,LC17,LC17,LC17,LC17,2
5812993994,5812998833,LC17,LC17,LC17,LC17,2
5812993994,5813017315,LC17,AVLP479_R,LC17,AVLP479,6
5812993994,5813038918,LC17,LC17,LC17,LC17,2
5812993994,5813039148,LC17,PVLP011_R,LC17,PVLP011,46
5812993994,5813057178,LC17,PVLP136_R,LC17,PVLP136,2
5812993994,5813057579,LC17,AVLP538_R,LC17,AVLP538,8
5812993994,5813060163,LC17,LC17,LC17,LC17,2
5812993994,5813077633,LC17,AVLP479_R,LC17,AVLP479,10
5812993994,5813080260,LC17,AVLP153_R,LC17,AVLP153,4
5812998833,447228814,LC17,PVLP106_R,LC17,PVLP106,41
5812998833,1068885266,LC17,PVLP151(SCB004)_R,LC17,PVLP151,2
5812998833,1158877783,LC17,LC17,LC17,LC17,4
5812998833,1190250299,LC17,LC17,LC17,LC17,2
5812998833,1221285175,LC17,LC17,LC17,LC17,2
5812998833,1260949492,LC17,AVLP340_R,LC17,AVLP340,2
5812998833,1321305370,LC17,PVLP061_R,LC17,PVLP061,72
5812998833,1354394414,LC17,PVLP120_R,LC17,PVLP120,13
5812998833,1374063129,LC17,PVLP132_R,LC17,PVLP132,11
5812998833,1375769049,LC17,LC17,LC17,LC17,3
5812998833,1381997776,LC17,PVLP071_R,LC17,PVLP071,6
5812998833,1382308349,LC17,PVLP071_R,LC17,PVLP071,2
5812998833,1435791739,LC17,PVLP132_R,LC17,PVLP132,10
5812998833,1437165487,LC17,LC17,LC17,LC17,2
5812998833,1449486007,LC17,AVLP537_R,LC17,AVLP537,15
5812998833,1471607030,LC17,LC17,LC17,LC17,2
5812998833,1473332777,LC17,LC17(lVLPT7)_R,LC17,LC17,3
5812998833,1473648518,LC17,LC17,LC17,LC17,2
5812998833,1477148598,LC17,PVLP075_R,LC17,PVLP075,2
5812998833,1479147574,LC17,PVLP072_R,LC17,PVLP072,12
5812998833,1497200791,LC17,LC17,LC17,LC17,2
5812998833,1504428248,LC17,PVLP075_R,LC17,PVLP075,7
5812998833,1508123633,LC17,PVLP018_R,LC17,PVLP018,5
5812998833,1535082316,LC17,PVLP135_R,LC17,PVLP135,11
5812998833,1535086505,LC17,PVLP135_R,LC17,PVLP135,19
5812998833,1539496112,LC17,PVLP073_R,LC17,PVLP073,2
5812998833,1563355501,LC17,LC17,LC17,LC17,3
5812998833,1593012939,LC17,LC17,LC17,LC17,2
5812998833,1603645798,LC17,PVLP072_R,LC17,PVLP072,6
5812998833,1622360309,LC17,LC17,LC17,LC17,3
5812998833,1629163100,LC17,LC17(lVLPT7)_R,LC17,LC17,4
5812998833,1630342162,LC17,PVLP036_R,LC17,PVLP036,7
5812998833,1656834653,LC17,LC17,LC17,LC17,4
5812998833,1663639752,LC17,NA,LC17,NA,3
5812998833,1690694192,LC17,PVLP036_R,LC17,PVLP036,9
5812998833,1690698128,LC17,PVLP036_R,LC17,PVLP036,5
5812998833,1691686234,LC17,AVLP552_R,LC17,AVLP552,2
5812998833,1695693354,LC17,PVLP072_R,LC17,PVLP072,2
5812998833,1720105182,LC17,NA,LC17,NA,4
5812998833,1722307233,LC17,LC17(lVLPT7)_R,LC17,LC17,2
5812998833,1747181914,LC17,LC17,LC17,LC17,6
5812998833,1754019541,LC17,LC17,LC17,LC17,3
5812998833,1781333405,LC17,LC17,LC17,LC17,2
5812998833,1783361972,LC17,LC17,LC17,LC17,2
5812998833,1808241116,LC17,LC17,LC17,LC17,4
5812998833,1812363713,LC17,LC17,LC17,LC17,2
5812998833,1814055949,LC17,LC17,LC17,LC17,2
5812998833,1817107934,LC17,LC17,LC17,LC17,3
5812998833,1817113079,LC17,LC17,LC17,LC17,3
5812998833,1817444670,LC17,LC17(lVLPT7)_R,LC17,LC17,2
5812998833,1817449059,LC17,LC17,LC17,LC17,2
5812998833,1817453557,LC17,LC17(lVLPT4)_R,LC17,LC17,2
5812998833,1817457987,LC17,LC17,LC17,LC17,2
5812998833,1817785661,LC17,LC17,LC17,LC17,2
5812998833,1817785682,LC17,LC17,LC17,LC17,4
5812998833,1817786077,LC17,LC17,LC17,LC17,2
5812998833,1817790222,LC17,LC17,LC17,LC17,2
5812998833,1817790281,LC17,LC17(lVLPT4)_R,LC17,LC17,6
5812998833,1817799390,LC17,LC17,LC17,LC17,2
5812998833,1818122205,LC17,LC17,LC17,LC17,4
5812998833,1848156241,LC17,LC17,LC17,LC17,3
5812998833,1848820426,LC17,LC17(lVLPT7)_R,LC17,LC17,3
5812998833,1848828925,LC17,LC17(lVLPT7)_R,LC17,LC17,3
5812998833,1849166071,LC17,LC17,LC17,LC17,3
5812998833,1849170116,LC17,NA,LC17,NA,2
5812998833,1849503142,LC17,LC17,LC17,LC17,3
5812998833,1849507321,LC17,LC17,LC17,LC17,2
5812998833,1849520324,LC17,LC17,LC17,LC17,7
5812998833,1879514899,LC17,NA,LC17,NA,2
5812998833,1880209425,LC17,LC17(lVLPT7)_R,LC17,LC17,2
5812998833,1942629033,LC17,NA,LC17,NA,3
5812998833,1974686988,LC17,NA,LC17,NA,2
5812998833,2005053084,LC17,NA,LC17,NA,2
5812998833,2035405481,LC17,NA,LC17,NA,2
5812998833,2097138752,LC17,NA,LC17,NA,2
5812998833,2098493970,LC17,NA,LC17,NA,2
5812998833,5812991769,LC17,LC17,LC17,LC17,2
5812998833,5813017315,LC17,AVLP479_R,LC17,AVLP479,9
5812998833,5813038679,LC17,LC17,LC17,LC17,2
5812998833,5813039148,LC17,PVLP011_R,LC17,PVLP011,44
5812998833,5813057178,LC17,PVLP136_R,LC17,PVLP136,4
5812998833,5813057579,LC17,AVLP538_R,LC17,AVLP538,19
5812998833,5813068559,LC17,AVLP396_R,LC17,AVLP396,2
5812998833,5813080260,LC17,AVLP153_R,LC17,AVLP153,4
5812999009,447228814,LC17(lVLPT4)_R,PVLP106_R,LC17,PVLP106,39
5812999009,1068885266,LC17(lVLPT4)_R,PVLP151(SCB004)_R,LC17,PVLP151,12
5812999009,1158877703,LC17(lVLPT4)_R,LC17(lVLPT4)_R,LC17,LC17,2
5812999009,1158877783,LC17(lVLPT4)_R,LC17,LC17,LC17,3
5812999009,1219592090,LC17(lVLPT4)_R,LC17(lVLPT7)_R,LC17,LC17,2
5812999009,1321305370,LC17(lVLPT4)_R,PVLP061_R,LC17,PVLP061,66
5812999009,1345079276,LC17(lVLPT4)_R,LC17,LC17,LC17,2
5812999009,1347812305,LC17(lVLPT4)_R,LC17(lVLPT7)_R,LC17,LC17,2
5812999009,1348153557,LC17(lVLPT4)_R,LC17,LC17,LC17,2
5812999009,1354394414,LC17(lVLPT4)_R,PVLP120_R,LC17,PVLP120,10
5812999009,1374063129,LC17(lVLPT4)_R,PVLP132_R,LC17,PVLP132,15
5812999009,1381997776,LC17(lVLPT4)_R,PVLP071_R,LC17,PVLP071,3
5812999009,1382308349,LC17(lVLPT4)_R,PVLP071_R,LC17,PVLP071,3
5812999009,1405788552,LC17(lVLPT4)_R,LC17,LC17,LC17,2
5812999009,1435791739,LC17(lVLPT4)_R,PVLP132_R,LC17,PVLP132,5
5812999009,1435822283,LC17(lVLPT4)_R,LC17,LC17,LC17,3
5812999009,1449486007,LC17(lVLPT4)_R,AVLP537_R,LC17,AVLP537,4
5812999009,1466844031,LC17(lVLPT4)_R,LC17,LC17,LC17,2
5812999009,1467859487,LC17(lVLPT4)_R,LC17,LC17,LC17,5
5812999009,1471610338,LC17(lVLPT4)_R,LC17,LC17,LC17,5
5812999009,1473648518,LC17(lVLPT4)_R,LC17,LC17,LC17,2
5812999009,1479147574,LC17(lVLPT4)_R,PVLP072_R,LC17,PVLP072,14
5812999009,1479492693,LC17(lVLPT4)_R,PVLP072_R,LC17,PVLP072,6
5812999009,1504428248,LC17(lVLPT4)_R,PVLP075_R,LC17,PVLP075,2
5812999009,1508123633,LC17(lVLPT4)_R,PVLP018_R,LC17,PVLP018,4
5812999009,1512232956,LC17(lVLPT4)_R,AVLP135_R,LC17,AVLP135,2
5812999009,1535082316,LC17(lVLPT4)_R,PVLP135_R,LC17,PVLP135,12
5812999009,1535086505,LC17(lVLPT4)_R,PVLP135_R,LC17,PVLP135,17
5812999009,1603645798,LC17(lVLPT4)_R,PVLP072_R,LC17,PVLP072,9
5812999009,1603957106,LC17(lVLPT4)_R,AVLP409_R,LC17,AVLP409,3
5812999009,1621008677,LC17(lVLPT4)_R,LC17,LC17,LC17,3
5812999009,1628528573,LC17(lVLPT4)_R,LC17,LC17,LC17,4
5812999009,1630342162,LC17(lVLPT4)_R,PVLP036_R,LC17,PVLP036,6
5812999009,1656153289,LC17(lVLPT4)_R,LC17,LC17,LC17,3
5812999009,1663639752,LC17(lVLPT4)_R,NA,LC17,NA,2
5812999009,1687831632,LC17(lVLPT4)_R,LC17,LC17,LC17,2
5812999009,1689200671,LC17(lVLPT4)_R,LC17,LC17,LC17,2
5812999009,1690694192,LC17(lVLPT4)_R,PVLP036_R,LC17,PVLP036,8
5812999009,1690698128,LC17(lVLPT4)_R,PVLP036_R,LC17,PVLP036,4
5812999009,1720105182,LC17(lVLPT4)_R,NA,LC17,NA,2
5812999009,1747518018,LC17(lVLPT4)_R,LC17,LC17,LC17,2
5812999009,1776865370,LC17(lVLPT4)_R,LC17,LC17,LC17,2
5812999009,1814729223,LC17(lVLPT4)_R,LC17(lVLPT7)_R,LC17,LC17,2
5812999009,1817444555,LC17(lVLPT4)_R,LC17,LC17,LC17,2
5812999009,1817448921,LC17(lVLPT4)_R,LC17,LC17,LC17,4
5812999009,1817453557,LC17(lVLPT4)_R,LC17(lVLPT4)_R,LC17,LC17,2
5812999009,1817457847,LC17(lVLPT4)_R,LC17,LC17,LC17,2
5812999009,1817457987,LC17(lVLPT4)_R,LC17,LC17,LC17,2
5812999009,1817790176,LC17(lVLPT4)_R,LC17,LC17,LC17,2
5812999009,1817790222,LC17(lVLPT4)_R,LC17,LC17,LC17,3
5812999009,1844421716,LC17(lVLPT4)_R,LC17,LC17,LC17,2
5812999009,1845772658,LC17(lVLPT4)_R,LC17(lVLPT7)_R,LC17,LC17,2
5812999009,1847810811,LC17(lVLPT4)_R,LC17(lVLPT7)_R,LC17,LC17,3
5812999009,1847815147,LC17(lVLPT4)_R,LC17(lVLPT7)_R,LC17,LC17,3
5812999009,1848143184,LC17(lVLPT4)_R,LC17,LC17,LC17,2
5812999009,1848151236,LC17(lVLPT4)_R,LC17,LC17,LC17,5
5812999009,1848156241,LC17(lVLPT4)_R,LC17,LC17,LC17,2
5812999009,1848483949,LC17(lVLPT4)_R,LC17(lVLPT4)_R,LC17,LC17,2
5812999009,1848492258,LC17(lVLPT4)_R,LC17,LC17,LC17,2
5812999009,1848492714,LC17(lVLPT4)_R,LC17,LC17,LC17,2
5812999009,1848496662,LC17(lVLPT4)_R,LC17,LC17,LC17,3
5812999009,1848820426,LC17(lVLPT4)_R,LC17(lVLPT7)_R,LC17,LC17,2
5812999009,1848837843,LC17(lVLPT4)_R,LC17,LC17,LC17,3
5812999009,1849161407,LC17(lVLPT4)_R,LC17,LC17,LC17,4
5812999009,1849166071,LC17(lVLPT4)_R,LC17,LC17,LC17,2
5812999009,1849507321,LC17(lVLPT4)_R,LC17,LC17,LC17,2
5812999009,1875460978,LC17(lVLPT4)_R,LC17,LC17,LC17,3
5812999009,1878845226,LC17(lVLPT4)_R,LC17,LC17,LC17,2
5812999009,1878845629,LC17(lVLPT4)_R,LC17,LC17,LC17,7
5812999009,1879226079,LC17(lVLPT4)_R,NA,LC17,NA,4
5812999009,1879519066,LC17(lVLPT4)_R,LC17,LC17,LC17,5
5812999009,1879877415,LC17(lVLPT4)_R,LC17(lVLPT4)_R,LC17,LC17,4
5812999009,1880563962,LC17(lVLPT4)_R,NA,LC17,NA,2
5812999009,1908865507,LC17(lVLPT4)_R,LC17,LC17,LC17,4
5812999009,1910920228,LC17(lVLPT4)_R,NA,LC17,NA,4
5812999009,1912600163,LC17(lVLPT4)_R,LC17,LC17,LC17,2
5812999009,1937193993,LC17(lVLPT4)_R,LC17,LC17,LC17,2
5812999009,1939904964,LC17(lVLPT4)_R,LC17,LC17,LC17,4
5812999009,1942974391,LC17(lVLPT4)_R,NA,LC17,NA,2
5812999009,2003334682,LC17(lVLPT4)_R,NA,LC17,NA,2
5812999009,2035724881,LC17(lVLPT4)_R,NA,LC17,NA,2
5812999009,2098157241,LC17(lVLPT4)_R,NA,LC17,NA,2
5812999009,2245501457,LC17(lVLPT4)_R,LC17,LC17,LC17,2
5812999009,5812991769,LC17(lVLPT4)_R,LC17,LC17,LC17,3
5812999009,5812993994,LC17(lVLPT4)_R,LC17,LC17,LC17,2
5812999009,5813017315,LC17(lVLPT4)_R,AVLP479_R,LC17,AVLP479,10
5812999009,5813034336,LC17(lVLPT4)_R,LC17(lVLPT4)_R,LC17,LC17,2
5812999009,5813039148,LC17(lVLPT4)_R,PVLP011_R,LC17,PVLP011,42
5812999009,5813039410,LC17(lVLPT4)_R,LC17,LC17,LC17,2
5812999009,5813057579,LC17(lVLPT4)_R,AVLP538_R,LC17,AVLP538,12
5812999009,5813076492,LC17(lVLPT4)_R,LC17,LC17,LC17,4
5812999009,5813077633,LC17(lVLPT4)_R,AVLP479_R,LC17,AVLP479,8
5812999009,5813080260,LC17(lVLPT4)_R,AVLP153_R,LC17,AVLP153,2
5813034336,447228814,LC17(lVLPT4)_R,PVLP106_R,LC17,PVLP106,41
5813034336,1068885266,LC17(lVLPT4)_R,PVLP151(SCB004)_R,LC17,PVLP151,4
5813034336,1221280490,LC17(lVLPT4)_R,LC17(lVLPT7)_R,LC17,LC17,2
5813034336,1321305370,LC17(lVLPT4)_R,PVLP061_R,LC17,PVLP061,60
5813034336,1354394414,LC17(lVLPT4)_R,PVLP120_R,LC17,PVLP120,13
5813034336,1374063129,LC17(lVLPT4)_R,PVLP132_R,LC17,PVLP132,13
5813034336,1382308349,LC17(lVLPT4)_R,PVLP071_R,LC17,PVLP071,3
5813034336,1435791739,LC17(lVLPT4)_R,PVLP132_R,LC17,PVLP132,18
5813034336,1449486007,LC17(lVLPT4)_R,AVLP537_R,LC17,AVLP537,15
5813034336,1472965897,LC17(lVLPT4)_R,LC17,LC17,LC17,3
5813034336,1479147574,LC17(lVLPT4)_R,PVLP072_R,LC17,PVLP072,9
5813034336,1479492693,LC17(lVLPT4)_R,PVLP072_R,LC17,PVLP072,4
5813034336,1497200791,LC17(lVLPT4)_R,LC17,LC17,LC17,3
5813034336,1508123633,LC17(lVLPT4)_R,PVLP018_R,LC17,PVLP018,8
5813034336,1528577476,LC17(lVLPT4)_R,LC17,LC17,LC17,2
5813034336,1535082316,LC17(lVLPT4)_R,PVLP135_R,LC17,PVLP135,13
5813034336,1535086505,LC17(lVLPT4)_R,PVLP135_R,LC17,PVLP135,16
5813034336,1539496112,LC17(lVLPT4)_R,PVLP073_R,LC17,PVLP073,2
5813034336,1603645798,LC17(lVLPT4)_R,PVLP072_R,LC17,PVLP072,8
5813034336,1628528573,LC17(lVLPT4)_R,LC17,LC17,LC17,3
5813034336,1629163100,LC17(lVLPT4)_R,LC17(lVLPT7)_R,LC17,LC17,2
5813034336,1630342162,LC17(lVLPT4)_R,PVLP036_R,LC17,PVLP036,13
5813034336,1656153289,LC17(lVLPT4)_R,LC17,LC17,LC17,2
5813034336,1656834653,LC17(lVLPT4)_R,LC17,LC17,LC17,2
5813034336,1687831632,LC17(lVLPT4)_R,LC17,LC17,LC17,2
5813034336,1689239035,LC17(lVLPT4)_R,LC17,LC17,LC17,2
5813034336,1690694192,LC17(lVLPT4)_R,PVLP036_R,LC17,PVLP036,14
5813034336,1690698128,LC17(lVLPT4)_R,PVLP036_R,LC17,PVLP036,4
5813034336,1695693354,LC17(lVLPT4)_R,PVLP072_R,LC17,PVLP072,4
5813034336,1714791446,LC17(lVLPT4)_R,LC17,LC17,LC17,3
5813034336,1719928105,LC17(lVLPT4)_R,LC17,LC17,LC17,3
5813034336,1720105182,LC17(lVLPT4)_R,NA,LC17,NA,4
5813034336,1747181914,LC17(lVLPT4)_R,LC17,LC17,LC17,2
5813034336,1751262627,LC17(lVLPT4)_R,LC17,LC17,LC17,2
5813034336,1776865370,LC17(lVLPT4)_R,LC17,LC17,LC17,2
5813034336,1817113079,LC17(lVLPT4)_R,LC17,LC17,LC17,2
5813034336,1817444670,LC17(lVLPT4)_R,LC17(lVLPT7)_R,LC17,LC17,2
5813034336,1817449236,LC17(lVLPT4)_R,LC17,LC17,LC17,2
5813034336,1817449375,LC17(lVLPT4)_R,LC17,LC17,LC17,2
5813034336,1817453065,LC17(lVLPT4)_R,LC17,LC17,LC17,5
5813034336,1817457808,LC17(lVLPT4)_R,LC17,LC17,LC17,3
5813034336,1817457847,LC17(lVLPT4)_R,LC17,LC17,LC17,2
5813034336,1817463007,LC17(lVLPT4)_R,LC17,LC17,LC17,2
5813034336,1817790222,LC17(lVLPT4)_R,LC17,LC17,LC17,2
5813034336,1817790281,LC17(lVLPT4)_R,LC17(lVLPT4)_R,LC17,LC17,2
5813034336,1845772658,LC17(lVLPT4)_R,LC17(lVLPT7)_R,LC17,LC17,3
5813034336,1848492258,LC17(lVLPT4)_R,LC17,LC17,LC17,3
5813034336,1848506334,LC17(lVLPT4)_R,NA,LC17,NA,3
5813034336,1849165678,LC17(lVLPT4)_R,NA,LC17,NA,2
5813034336,1849179266,LC17(lVLPT4)_R,LC17,LC17,LC17,2
5813034336,1849503142,LC17(lVLPT4)_R,LC17,LC17,LC17,2
5813034336,1849520324,LC17(lVLPT4)_R,LC17,LC17,LC17,3
5813034336,1878845226,LC17(lVLPT4)_R,LC17,LC17,LC17,2
5813034336,1879226079,LC17(lVLPT4)_R,NA,LC17,NA,3
5813034336,1879519066,LC17(lVLPT4)_R,LC17,LC17,LC17,2
5813034336,1879872909,LC17(lVLPT4)_R,NA,LC17,NA,3
5813034336,1908865507,LC17(lVLPT4)_R,LC17,LC17,LC17,2
5813034336,1912600163,LC17(lVLPT4)_R,LC17,LC17,LC17,3
5813034336,1939904964,LC17(lVLPT4)_R,LC17,LC17,LC17,2
5813034336,1941610388,LC17(lVLPT4)_R,NA,LC17,NA,2
5813034336,1974682390,LC17(lVLPT4)_R,LC17(lVLPT7)_R,LC17,LC17,2
5813034336,2003343229,LC17(lVLPT4)_R,NA,LC17,NA,2
5813034336,2035068734,LC17(lVLPT4)_R,NA,LC17,NA,4
5813034336,2096797846,LC17(lVLPT4)_R,NA,LC17,NA,2
5813034336,5812991769,LC17(lVLPT4)_R,LC17,LC17,LC17,4
5813034336,5812998833,LC17(lVLPT4)_R,LC17,LC17,LC17,4
5813034336,5812999009,LC17(lVLPT4)_R,LC17(lVLPT4)_R,LC17,LC17,2
5813034336,5813017315,LC17(lVLPT4)_R,AVLP479_R,LC17,AVLP479,2
5813034336,5813039148,LC17(lVLPT4)_R,PVLP011_R,LC17,PVLP011,33
5813034336,5813040277,LC17(lVLPT4)_R,PVLP115_R,LC17,PVLP115,3
5813034336,5813057579,LC17(lVLPT4)_R,AVLP538_R,LC17,AVLP538,5
5813034336,5813076492,LC17(lVLPT4)_R,LC17,LC17,LC17,3
5813034336,5813077633,LC17(lVLPT4)_R,AVLP479_R,LC17,AVLP479,6
5813034336,5813080260,LC17(lVLPT4)_R,AVLP153_R,LC17,AVLP153,5
5813038679,447228814,LC17,PVLP106_R,LC17,PVLP106,34
5813038679,1068885266,LC17,PVLP151(SCB004)_R,LC17,PVLP151,7
5813038679,1158877783,LC17,LC17,LC17,LC17,2
5813038679,1221280490,LC17,LC17(lVLPT7)_R,LC17,LC17,2
5813038679,1221285175,LC17,LC17,LC17,LC17,2
5813038679,1250277991,LC17,LC17,LC17,LC17,2
5813038679,1313702895,LC17,LC17,LC17,LC17,3
5813038679,1321305370,LC17,PVLP061_R,LC17,PVLP061,52
5813038679,1348153557,LC17,LC17,LC17,LC17,4
5813038679,1354394414,LC17,PVLP120_R,LC17,PVLP120,10
5813038679,1374063129,LC17,PVLP132_R,LC17,PVLP132,13
5813038679,1381997776,LC17,PVLP071_R,LC17,PVLP071,10
5813038679,1382308349,LC17,PVLP071_R,LC17,PVLP071,12
5813038679,1405788552,LC17,LC17,LC17,LC17,2
5813038679,1420172582,LC17,NA,LC17,NA,4
5813038679,1435791739,LC17,PVLP132_R,LC17,PVLP132,10
5813038679,1449486007,LC17,AVLP537_R,LC17,AVLP537,8
5813038679,1467859487,LC17,LC17,LC17,LC17,2
5813038679,1471607030,LC17,LC17,LC17,LC17,2
5813038679,1472965897,LC17,LC17,LC17,LC17,2
5813038679,1473332777,LC17,LC17(lVLPT7)_R,LC17,LC17,3
5813038679,1473648518,LC17,LC17,LC17,LC17,2
5813038679,1475188631,LC17,AVLP541_R,LC17,AVLP541,2
5813038679,1479147574,LC17,PVLP072_R,LC17,PVLP072,10
5813038679,1479492693,LC17,PVLP072_R,LC17,PVLP072,6
5813038679,1508123633,LC17,PVLP018_R,LC17,PVLP018,2
5813038679,1530606252,LC17,LC17(lVLPT7)_R,LC17,LC17,7
5813038679,1535082316,LC17,PVLP135_R,LC17,PVLP135,19
5813038679,1535086505,LC17,PVLP135_R,LC17,PVLP135,20
5813038679,1603645798,LC17,PVLP072_R,LC17,PVLP072,3
5813038679,1630342162,LC17,PVLP036_R,LC17,PVLP036,10
5813038679,1655474822,LC17,LC17,LC17,LC17,2
5813038679,1656153289,LC17,LC17,LC17,LC17,2
5813038679,1659515529,LC17,LC17,LC17,LC17,2
5813038679,1689239035,LC17,LC17,LC17,LC17,2
5813038679,1690694192,LC17,PVLP036_R,LC17,PVLP036,12
5813038679,1690698128,LC17,PVLP036_R,LC17,PVLP036,3
5813038679,1719928105,LC17,LC17,LC17,LC17,5
5813038679,1722307233,LC17,LC17(lVLPT7)_R,LC17,LC17,2
5813038679,1724345210,LC17,NA,LC17,NA,4
5813038679,1747518018,LC17,LC17,LC17,LC17,3
5813038679,1752672460,LC17,LC17,LC17,LC17,3
5813038679,1753670596,LC17,LC17(lVLPT4)_R,LC17,LC17,2
5813038679,1781333405,LC17,LC17,LC17,LC17,3
5813038679,1782318275,LC17,LC17,LC17,LC17,4
5813038679,1783690466,LC17,LC17,LC17,LC17,3
5813038679,1808241116,LC17,LC17,LC17,LC17,4
5813038679,1814055949,LC17,LC17,LC17,LC17,3
5813038679,1814729788,LC17,LC17,LC17,LC17,4
5813038679,1817108009,LC17,LC17,LC17,LC17,3
5813038679,1817448921,LC17,LC17,LC17,LC17,2
5813038679,1817449116,LC17,LC17(lVLPT4)_R,LC17,LC17,2
5813038679,1817449236,LC17,LC17,LC17,LC17,2
5813038679,1817457984,LC17,LC17,LC17,LC17,2
5813038679,1817458164,LC17,LC17,LC17,LC17,2
5813038679,1817790176,LC17,LC17,LC17,LC17,2
5813038679,1817790409,LC17,LC17(lVLPT7)_R,LC17,LC17,3
5813038679,1845772658,LC17,LC17(lVLPT7)_R,LC17,LC17,2
5813038679,1848151877,LC17,LC17,LC17,LC17,3
5813038679,1848483949,LC17,LC17(lVLPT4)_R,LC17,LC17,2
5813038679,1848506334,LC17,NA,LC17,NA,3
5813038679,1849166071,LC17,LC17,LC17,LC17,3
5813038679,1849178917,LC17,LC17,LC17,LC17,2
5813038679,1879877415,LC17,LC17(lVLPT4)_R,LC17,LC17,2
5813038679,1908865507,LC17,LC17,LC17,LC17,3
5813038679,1911598272,LC17,NA,LC17,NA,3
5813038679,1937193993,LC17,LC17,LC17,LC17,2
5813038679,1972653915,LC17,NA,LC17,NA,2
5813038679,1973996174,LC17,NA,LC17,NA,2
5813038679,1974337187,LC17,NA,LC17,NA,3
5813038679,2029624973,LC17,LC17,LC17,LC17,3
5813038679,2036420122,LC17,NA,LC17,NA,2
5813038679,2067113600,LC17,NA,LC17,NA,2
5813038679,5812992468,LC17,LC17,LC17,LC17,2
5813038679,5813017315,LC17,AVLP479_R,LC17,AVLP479,5
5813038679,5813039148,LC17,PVLP011_R,LC17,PVLP011,42
5813038679,5813039410,LC17,LC17,LC17,LC17,3
5813038679,5813040277,LC17,PVLP115_R,LC17,PVLP115,2
5813038679,5813054384,LC17,PPM1203_R,LC17,PPM1203,2
5813038679,5813057178,LC17,PVLP136_R,LC17,PVLP136,2
5813038679,5813057579,LC17,AVLP538_R,LC17,AVLP538,15
5813038679,5813077633,LC17,AVLP479_R,LC17,AVLP479,6
5813038679,5813080260,LC17,AVLP153_R,LC17,AVLP153,7
5813038918,447228814,LC17,PVLP106_R,LC17,PVLP106,33
5813038918,1068885266,LC17,PVLP151(SCB004)_R,LC17,PVLP151,3
5813038918,1158877783,LC17,LC17,LC17,LC17,2
5813038918,1321305370,LC17,PVLP061_R,LC17,PVLP061,62
5813038918,1347126097,LC17,LC17,LC17,LC17,3
5813038918,1354394414,LC17,PVLP120_R,LC17,PVLP120,9
5813038918,1374063129,LC17,PVLP132_R,LC17,PVLP132,6
5813038918,1381997776,LC17,PVLP071_R,LC17,PVLP071,9
5813038918,1382308349,LC17,PVLP071_R,LC17,PVLP071,5
5813038918,1435791739,LC17,PVLP132_R,LC17,PVLP132,10
5813038918,1449486007,LC17,AVLP537_R,LC17,AVLP537,11
5813038918,1467859487,LC17,LC17,LC17,LC17,2
5813038918,1477148598,LC17,PVLP075_R,LC17,PVLP075,2
5813038918,1479147574,LC17,PVLP072_R,LC17,PVLP072,10
5813038918,1479492693,LC17,PVLP072_R,LC17,PVLP072,4
5813038918,1504428248,LC17,PVLP075_R,LC17,PVLP075,2
5813038918,1508123633,LC17,PVLP018_R,LC17,PVLP018,7
5813038918,1535082316,LC17,PVLP135_R,LC17,PVLP135,16
5813038918,1535086505,LC17,PVLP135_R,LC17,PVLP135,19
5813038918,1603645798,LC17,PVLP072_R,LC17,PVLP072,7
5813038918,1625800608,LC17,LC17,LC17,LC17,2
5813038918,1628528573,LC17,LC17,LC17,LC17,4
5813038918,1630342162,LC17,PVLP036_R,LC17,PVLP036,5
5813038918,1656834653,LC17,LC17,LC17,LC17,2
5813038918,1690698128,LC17,PVLP036_R,LC17,PVLP036,3
5813038918,1695693354,LC17,PVLP072_R,LC17,PVLP072,3
5813038918,1724345210,LC17,NA,LC17,NA,3
5813038918,1747181914,LC17,LC17,LC17,LC17,4
5813038918,1747518018,LC17,LC17,LC17,LC17,3
5813038918,1750251452,LC17,LC17,LC17,LC17,3
5813038918,1751262627,LC17,LC17,LC17,LC17,2
5813038918,1782318275,LC17,LC17,LC17,LC17,4
5813038918,1783361972,LC17,LC17,LC17,LC17,4
5813038918,1812363713,LC17,LC17,LC17,LC17,3
5813038918,1813382259,LC17,LC17(lVLPT7)_R,LC17,LC17,2
5813038918,1814031575,LC17,LC17,LC17,LC17,2
5813038918,1817107934,LC17,LC17,LC17,LC17,2
5813038918,1817112855,LC17,LC17,LC17,LC17,3
5813038918,1817449059,LC17,LC17,LC17,LC17,3
5813038918,1817449116,LC17,LC17(lVLPT4)_R,LC17,LC17,3
5813038918,1817449375,LC17,LC17,LC17,LC17,2
5813038918,1817452948,LC17,LC17,LC17,LC17,2
5813038918,1817453557,LC17,LC17(lVLPT4)_R,LC17,LC17,2
5813038918,1817458052,LC17,LC17,LC17,LC17,2
5813038918,1817463007,LC17,LC17,LC17,LC17,2
5813038918,1817786077,LC17,LC17,LC17,LC17,5
5813038918,1818136404,LC17,LC17,LC17,LC17,3
5813038918,1847806203,LC17,LC17,LC17,LC17,3
5813038918,1847806275,LC17,LC17,LC17,LC17,3
5813038918,1848151236,LC17,LC17,LC17,LC17,2
5813038918,1848151618,LC17,NA,LC17,NA,2
5813038918,1848496662,LC17,LC17,LC17,LC17,2
5813038918,1848506334,LC17,NA,LC17,NA,3
5813038918,1875124235,LC17,LC17,LC17,LC17,3
5813038918,1875460978,LC17,LC17,LC17,LC17,2
5813038918,1878845226,LC17,LC17,LC17,LC17,2
5813038918,1879226079,LC17,NA,LC17,NA,2
5813038918,1879519066,LC17,LC17,LC17,LC17,2
5813038918,1880209425,LC17,LC17(lVLPT7)_R,LC17,LC17,3
5813038918,1880542034,LC17,NA,LC17,NA,2
5813038918,1911231216,LC17,NA,LC17,NA,3
5813038918,1911248454,LC17,NA,LC17,NA,3
5813038918,1939904964,LC17,LC17,LC17,LC17,2
5813038918,1941934174,LC17,NA,LC17,NA,3
5813038918,1941951365,LC17,NA,LC17,NA,2
5813038918,1943310950,LC17,NA,LC17,NA,2
5813038918,1973983546,LC17,NA,LC17,NA,2
5813038918,2005044052,LC17,NA,LC17,NA,3
5813038918,2005384822,LC17,NA,LC17,NA,4
5813038918,2029624973,LC17,LC17,LC17,LC17,4
5813038918,2066440629,LC17,NA,LC17,NA,2
5813038918,5812993994,LC17,LC17,LC17,LC17,2
5813038918,5813017315,LC17,AVLP479_R,LC17,AVLP479,8
5813038918,5813034336,LC17,LC17(lVLPT4)_R,LC17,LC17,2
5813038918,5813039148,LC17,PVLP011_R,LC17,PVLP011,41
5813038918,5813057178,LC17,PVLP136_R,LC17,PVLP136,2
5813038918,5813057579,LC17,AVLP538_R,LC17,AVLP538,11
5813038918,5813077633,LC17,AVLP479_R,LC17,AVLP479,9
5813039410,447228814,LC17,PVLP106_R,LC17,PVLP106,35
5813039410,912601209,LC17,PLP244(SCB010)_L,LC17,PLP244,2
5813039410,1068885266,LC17,PVLP151(SCB004)_R,LC17,PVLP151,9
5813039410,1221285175,LC17,LC17,LC17,LC17,4
5813039410,1321305370,LC17,PVLP061_R,LC17,PVLP061,65
5813039410,1347812305,LC17,LC17(lVLPT7)_R,LC17,LC17,2
5813039410,1354394414,LC17,PVLP120_R,LC17,PVLP120,6
5813039410,1374063129,LC17,PVLP132_R,LC17,PVLP132,12
5813039410,1381997776,LC17,PVLP071_R,LC17,PVLP071,4
5813039410,1382308349,LC17,PVLP071_R,LC17,PVLP071,2
5813039410,1435791739,LC17,PVLP132_R,LC17,PVLP132,9
5813039410,1435822283,LC17,LC17,LC17,LC17,2
5813039410,1449486007,LC17,AVLP537_R,LC17,AVLP537,8
5813039410,1471610338,LC17,LC17,LC17,LC17,4
5813039410,1474424990,LC17,PVLP073_R,LC17,PVLP073,3
5813039410,1479147574,LC17,PVLP072_R,LC17,PVLP072,6
5813039410,1479492693,LC17,PVLP072_R,LC17,PVLP072,3
5813039410,1508123633,LC17,PVLP018_R,LC17,PVLP018,7
5813039410,1530606252,LC17,LC17(lVLPT7)_R,LC17,LC17,3
5813039410,1535082316,LC17,PVLP135_R,LC17,PVLP135,19
5813039410,1535086505,LC17,PVLP135_R,LC17,PVLP135,27
5813039410,1562707421,LC17,LC17(lVLPT7)_R,LC17,LC17,2
5813039410,1593012939,LC17,LC17,LC17,LC17,3
5813039410,1603645798,LC17,PVLP072_R,LC17,PVLP072,5
5813039410,1603957106,LC17,AVLP409_R,LC17,AVLP409,3
5813039410,1629163100,LC17,LC17(lVLPT7)_R,LC17,LC17,2
5813039410,1630342162,LC17,PVLP036_R,LC17,PVLP036,7
5813039410,1654413566,LC17,LC17,LC17,LC17,3
5813039410,1655474822,LC17,LC17,LC17,LC17,2
5813039410,1656834653,LC17,LC17,LC17,LC17,2
5813039410,1689200671,LC17,LC17,LC17,LC17,2
5813039410,1690694192,LC17,PVLP036_R,LC17,PVLP036,8
5813039410,1690698128,LC17,PVLP036_R,LC17,PVLP036,4
5813039410,1690917721,LC17,LC17,LC17,LC17,2
5813039410,1722307233,LC17,LC17(lVLPT7)_R,LC17,LC17,2
5813039410,1724345210,LC17,NA,LC17,NA,4
5813039410,1751262627,LC17,LC17,LC17,LC17,2
5813039410,1754019541,LC17,LC17,LC17,LC17,2
5813039410,1781333405,LC17,LC17,LC17,LC17,4
5813039410,1782680353,LC17,LC17,LC17,LC17,3
5813039410,1783361972,LC17,LC17,LC17,LC17,4
5813039410,1807572051,LC17,LC17,LC17,LC17,2
5813039410,1814031575,LC17,LC17,LC17,LC17,2
5813039410,1814055949,LC17,LC17,LC17,LC17,5
5813039410,1814060070,LC17,LC17,LC17,LC17,2
5813039410,1814410124,LC17,LC17,LC17,LC17,2
5813039410,1814729223,LC17,LC17(lVLPT7)_R,LC17,LC17,2
5813039410,1817107934,LC17,LC17,LC17,LC17,2
5813039410,1817444315,LC17,LC17(lVLPT7)_R,LC17,LC17,2
5813039410,1817448659,LC17,LC17,LC17,LC17,2
5813039410,1817449059,LC17,LC17,LC17,LC17,3
5813039410,1817449116,LC17,LC17(lVLPT4)_R,LC17,LC17,2
5813039410,1817449229,LC17,LC17,LC17,LC17,2
5813039410,1817453065,LC17,LC17,LC17,LC17,3
5813039410,1817457984,LC17,LC17,LC17,LC17,2
5813039410,1817786077,LC17,LC17,LC17,LC17,2
5813039410,1818473569,LC17,LC17,LC17,LC17,2
5813039410,1845772658,LC17,LC17(lVLPT7)_R,LC17,LC17,3
5813039410,1848138779,LC17,LC17,LC17,LC17,4
5813039410,1848156241,LC17,LC17,LC17,LC17,2
5813039410,1848483949,LC17,LC17(lVLPT4)_R,LC17,LC17,2
5813039410,1848506334,LC17,NA,LC17,NA,2
5813039410,1848837784,LC17,NA,LC17,NA,2
5813039410,1849166071,LC17,LC17,LC17,LC17,2
5813039410,1849179266,LC17,LC17,LC17,LC17,2
5813039410,1875124235,LC17,LC17,LC17,LC17,2
5813039410,1875460978,LC17,LC17,LC17,LC17,4
5813039410,1876820783,LC17,LC17,LC17,LC17,2
5813039410,1879226079,LC17,NA,LC17,NA,3
5813039410,1880887003,LC17,LC17,LC17,LC17,3
5813039410,1881215402,LC17,NA,LC17,NA,2
5813039410,1881224284,LC17,NA,LC17,NA,2
5813039410,1942615576,LC17,NA,LC17,NA,2
5813039410,1942633428,LC17,NA,LC17,NA,2
5813039410,1973322557,LC17,NA,LC17,NA,2
5813039410,1973331066,LC17,NA,LC17,NA,2
5813039410,2004370647,LC17,NA,LC17,NA,2
5813039410,2029624973,LC17,LC17,LC17,LC17,3
5813039410,2097807993,LC17,NA,LC17,NA,2
5813039410,2098148723,LC17,NA,LC17,NA,2
5813039410,5813017315,LC17,AVLP479_R,LC17,AVLP479,9
5813039410,5813027276,LC17,AVLP080_R,LC17,AVLP080,3
5813039410,5813038679,LC17,LC17,LC17,LC17,5
5813039410,5813039148,LC17,PVLP011_R,LC17,PVLP011,47
5813039410,5813054384,LC17,PPM1203_R,LC17,PPM1203,5
5813039410,5813057178,LC17,PVLP136_R,LC17,PVLP136,4
5813039410,5813057579,LC17,AVLP538_R,LC17,AVLP538,16
5813039410,5813060163,LC17,LC17,LC17,LC17,2
5813039410,5813076492,LC17,LC17,LC17,LC17,3
5813039410,5813077633,LC17,AVLP479_R,LC17,AVLP479,8
5813060163,447228814,LC17,PVLP106_R,LC17,PVLP106,26
5813060163,1068885266,LC17,PVLP151(SCB004)_R,LC17,PVLP151,6
5813060163,1158877703,LC17,LC17(lVLPT4)_R,LC17,LC17,3
5813060163,1190250299,LC17,LC17,LC17,LC17,2
5813060163,1221285175,LC17,LC17,LC17,LC17,3
5813060163,1321305370,LC17,PVLP061_R,LC17,PVLP061,83
5813060163,1345079276,LC17,LC17,LC17,LC17,3
5813060163,1354394414,LC17,PVLP120_R,LC17,PVLP120,10
5813060163,1374063129,LC17,PVLP132_R,LC17,PVLP132,10
5813060163,1381997776,LC17,PVLP071_R,LC17,PVLP071,7
5813060163,1382308349,LC17,PVLP071_R,LC17,PVLP071,3
5813060163,1435791739,LC17,PVLP132_R,LC17,PVLP132,15
5813060163,1435822283,LC17,LC17,LC17,LC17,3
5813060163,1449486007,LC17,AVLP537_R,LC17,AVLP537,15
5813060163,1466844031,LC17,LC17,LC17,LC17,6
5813060163,1477148598,LC17,PVLP075_R,LC17,PVLP075,2
5813060163,1479147574,LC17,PVLP072_R,LC17,PVLP072,10
5813060163,1479492693,LC17,PVLP072_R,LC17,PVLP072,7
5813060163,1508123633,LC17,PVLP018_R,LC17,PVLP018,6
5813060163,1535082316,LC17,PVLP135_R,LC17,PVLP135,24
5813060163,1535086505,LC17,PVLP135_R,LC17,PVLP135,14
5813060163,1563355501,LC17,LC17,LC17,LC17,2
5813060163,1603645798,LC17,PVLP072_R,LC17,PVLP072,4
5813060163,1621008677,LC17,LC17,LC17,LC17,2
5813060163,1622360309,LC17,LC17,LC17,LC17,3
5813060163,1625800608,LC17,LC17,LC17,LC17,2
5813060163,1629163100,LC17,LC17(lVLPT7)_R,LC17,LC17,5
5813060163,1630342162,LC17,PVLP036_R,LC17,PVLP036,12
5813060163,1654413566,LC17,LC17,LC17,LC17,3
5813060163,1656834653,LC17,LC17,LC17,LC17,2
5813060163,1659515529,LC17,LC17,LC17,LC17,2
5813060163,1684443103,LC17,LC17,LC17,LC17,2
5813060163,1687831632,LC17,LC17,LC17,LC17,2
5813060163,1689187126,LC17,LC17,LC17,LC17,2
5813060163,1689915765,LC17,LC17,LC17,LC17,2
5813060163,1690694192,LC17,PVLP036_R,LC17,PVLP036,14
5813060163,1690698128,LC17,PVLP036_R,LC17,PVLP036,3
5813060163,1690917721,LC17,LC17,LC17,LC17,3
5813060163,1695693354,LC17,PVLP072_R,LC17,PVLP072,3
5813060163,1714791446,LC17,LC17,LC17,LC17,2
5813060163,1720105182,LC17,NA,LC17,NA,2
5813060163,1724345210,LC17,NA,LC17,NA,3
5813060163,1747181914,LC17,LC17,LC17,LC17,2
5813060163,1753670596,LC17,LC17(lVLPT4)_R,LC17,LC17,3
5813060163,1779567374,LC17,LC17,LC17,LC17,3
5813060163,1783690466,LC17,LC17,LC17,LC17,2
5813060163,1808241116,LC17,LC17,LC17,LC17,2
5813060163,1813382259,LC17,LC17(lVLPT7)_R,LC17,LC17,2
5813060163,1814031575,LC17,LC17,LC17,LC17,2
5813060163,1814410124,LC17,LC17,LC17,LC17,3
5813060163,1817108009,LC17,LC17,LC17,LC17,2
5813060163,1817112807,LC17,LC17(lVLPT4)_R,LC17,LC17,2
5813060163,1817449116,LC17,LC17(lVLPT4)_R,LC17,LC17,2
5813060163,1817449229,LC17,LC17,LC17,LC17,2
5813060163,1817457847,LC17,LC17,LC17,LC17,2
5813060163,1817458052,LC17,LC17,LC17,LC17,2
5813060163,1817790222,LC17,LC17,LC17,LC17,3
5813060163,1818136404,LC17,LC17,LC17,LC17,2
5813060163,1844421716,LC17,LC17,LC17,LC17,2
5813060163,1847806203,LC17,LC17,LC17,LC17,2
5813060163,1847815147,LC17,LC17(lVLPT7)_R,LC17,LC17,2
5813060163,1848488366,LC17,NA,LC17,NA,2
5813060163,1848492714,LC17,LC17,LC17,LC17,2
5813060163,1849174873,LC17,NA,LC17,NA,2
5813060163,1876820783,LC17,LC17,LC17,LC17,2
5813060163,1878845629,LC17,LC17,LC17,LC17,2
5813060163,1910579424,LC17,NA,LC17,NA,3
5813060163,1911926378,LC17,NA,LC17,NA,2
5813060163,1937193993,LC17,LC17,LC17,LC17,2
5813060163,1972994818,LC17,NA,LC17,NA,2
5813060163,1973991807,LC17,NA,LC17,NA,2
5813060163,1974682390,LC17,LC17(lVLPT7)_R,LC17,LC17,3
5813060163,2004690176,LC17,NA,LC17,NA,2
5813060163,2034723696,LC17,NA,LC17,NA,3
5813060163,2098149197,LC17,NA,LC17,NA,3
5813060163,5812992219,LC17,LC17,LC17,LC17,2
5813060163,5812992468,LC17,LC17,LC17,LC17,4
5813060163,5812993994,LC17,LC17,LC17,LC17,4
5813060163,5813017315,LC17,AVLP479_R,LC17,AVLP479,8
5813060163,5813027276,LC17,AVLP080_R,LC17,AVLP080,2
5813060163,5813039148,LC17,PVLP011_R,LC17,PVLP011,51
5813060163,5813039410,LC17,LC17,LC17,LC17,2
5813060163,5813054384,LC17,PPM1203_R,LC17,PPM1203,2
5813060163,5813057178,LC17,PVLP136_R,LC17,PVLP136,2
5813060163,5813057579,LC17,AVLP538_R,LC17,AVLP538,14
5813060163,5813068559,LC17,AVLP396_R,LC17,AVLP396,2
5813060163,5813077633,LC17,AVLP479_R,LC17,AVLP479,8
5813060163,5813080260,LC17,AVLP153_R,LC17,AVLP153,2
5813068239,447228814,LC17,PVLP106_R,LC17,PVLP106,32
5813068239,1068885266,LC17,PVLP151(SCB004)_R,LC17,PVLP151,4
5813068239,1221285175,LC17,LC17,LC17,LC17,4
5813068239,1312061760,LC17,AVLP572_R,LC17,AVLP572,2
5813068239,1321305370,LC17,PVLP061_R,LC17,PVLP061,70
5813068239,1354394414,LC17,PVLP120_R,LC17,PVLP120,4
5813068239,1374063129,LC17,PVLP132_R,LC17,PVLP132,12
5813068239,1381997776,LC17,PVLP071_R,LC17,PVLP071,2
5813068239,1382308349,LC17,PVLP071_R,LC17,PVLP071,3
5813068239,1405788552,LC17,LC17,LC17,LC17,2
5813068239,1435791739,LC17,PVLP132_R,LC17,PVLP132,14
5813068239,1449486007,LC17,AVLP537_R,LC17,AVLP537,10
5813068239,1474424990,LC17,PVLP073_R,LC17,PVLP073,2
5813068239,1477148598,LC17,PVLP075_R,LC17,PVLP075,2
5813068239,1479147574,LC17,PVLP072_R,LC17,PVLP072,13
5813068239,1508123633,LC17,PVLP018_R,LC17,PVLP018,8
5813068239,1512232956,LC17,AVLP135_R,LC17,AVLP135,2
5813068239,1534694621,LC17,LC17,LC17,LC17,3
5813068239,1535082316,LC17,PVLP135_R,LC17,PVLP135,12
5813068239,1535086505,LC17,PVLP135_R,LC17,PVLP135,25
5813068239,1561301125,LC17,LC17,LC17,LC17,3
5813068239,1603645798,LC17,PVLP072_R,LC17,PVLP072,5
5813068239,1630342162,LC17,PVLP036_R,LC17,PVLP036,14
5813068239,1656153289,LC17,LC17,LC17,LC17,2
5813068239,1656834653,LC17,LC17,LC17,LC17,5
5813068239,1689187126,LC17,LC17,LC17,LC17,5
5813068239,1690694192,LC17,PVLP036_R,LC17,PVLP036,14
5813068239,1690698128,LC17,PVLP036_R,LC17,PVLP036,3
5813068239,1690917721,LC17,LC17,LC17,LC17,2
5813068239,1720105182,LC17,NA,LC17,NA,6
5813068239,1722307233,LC17,LC17(lVLPT7)_R,LC17,LC17,2
5813068239,1747181914,LC17,LC17,LC17,LC17,2
5813068239,1750251452,LC17,LC17,LC17,LC17,3
5813068239,1751262627,LC17,LC17,LC17,LC17,2
5813068239,1779567374,LC17,LC17,LC17,LC17,2
5813068239,1781324410,LC17,LC17,LC17,LC17,2
5813068239,1781333405,LC17,LC17,LC17,LC17,2
5813068239,1782318275,LC17,LC17,LC17,LC17,2
5813068239,1808241116,LC17,LC17,LC17,LC17,3
5813068239,1814031575,LC17,LC17,LC17,LC17,2
5813068239,1814729223,LC17,LC17(lVLPT7)_R,LC17,LC17,3
5813068239,1817449116,LC17,LC17(lVLPT4)_R,LC17,LC17,2
5813068239,1817449229,LC17,LC17,LC17,LC17,3
5813068239,1817453065,LC17,LC17,LC17,LC17,2
5813068239,1817453557,LC17,LC17(lVLPT4)_R,LC17,LC17,2
5813068239,1817457847,LC17,LC17,LC17,LC17,2
5813068239,1817463007,LC17,LC17,LC17,LC17,2
5813068239,1817786077,LC17,LC17,LC17,LC17,2
5813068239,1817790281,LC17,LC17(lVLPT4)_R,LC17,LC17,2
5813068239,1817790409,LC17,LC17(lVLPT7)_R,LC17,LC17,4
5813068239,1818122205,LC17,LC17,LC17,LC17,2
5813068239,1818473569,LC17,LC17,LC17,LC17,6
5813068239,1844421716,LC17,LC17,LC17,LC17,2
5813068239,1847815147,LC17,LC17(lVLPT7)_R,LC17,LC17,2
5813068239,1848143184,LC17,LC17,LC17,LC17,3
5813068239,1848151571,LC17,LC17(lVLPT7)_R,LC17,LC17,2
5813068239,1848151877,LC17,LC17,LC17,LC17,3
5813068239,1848506334,LC17,NA,LC17,NA,3
5813068239,1848824817,LC17,LC17,LC17,LC17,3
5813068239,1848837843,LC17,LC17,LC17,LC17,2
5813068239,1849161220,LC17,LC17,LC17,LC17,2
5813068239,1849502810,LC17,NA,LC17,NA,2
5813068239,1876820783,LC17,LC17,LC17,LC17,5
5813068239,1878845226,LC17,LC17,LC17,LC17,3
5813068239,1879226079,LC17,NA,LC17,NA,4
5813068239,1880887003,LC17,LC17,LC17,LC17,2
5813068239,1972653681,LC17,NA,LC17,NA,2
5813068239,1973327063,LC17,NA,LC17,NA,2
5813068239,1973983546,LC17,NA,LC17,NA,3
5813068239,1974682390,LC17,LC17(lVLPT7)_R,LC17,LC17,2
5813068239,2029624973,LC17,LC17,LC17,LC17,2
5813068239,2035742143,LC17,NA,LC17,NA,2
5813068239,2245501457,LC17,LC17,LC17,LC17,2
5813068239,5812992219,LC17,LC17,LC17,LC17,2
5813068239,5812992468,LC17,LC17,LC17,LC17,2
5813068239,5812993994,LC17,LC17,LC17,LC17,2
5813068239,5813017315,LC17,AVLP479_R,LC17,AVLP479,3
5813068239,5813034336,LC17,LC17(lVLPT4)_R,LC17,LC17,2
5813068239,5813038679,LC17,LC17,LC17,LC17,2
5813068239,5813039148,LC17,PVLP011_R,LC17,PVLP011,46
5813068239,5813040277,LC17,PVLP115_R,LC17,PVLP115,2
5813068239,5813057579,LC17,AVLP538_R,LC17,AVLP538,23
5813068239,5813077633,LC17,AVLP479_R,LC17,AVLP479,12
5813068239,5813080260,LC17,AVLP153_R,LC17,AVLP153,4
5813076492,447228814,LC17,PVLP106_R,LC17,PVLP106,34
5813076492,1068885266,LC17,PVLP151(SCB004)_R,LC17,PVLP151,10
5813076492,1070950293,LC17,PVLP151(SCB004)_R,LC17,PVLP151,2
5813076492,1189567690,LC17,LC17,LC17,LC17,2
5813076492,1190250299,LC17,LC17,LC17,LC17,6
5813076492,1221280490,LC17,LC17(lVLPT7)_R,LC17,LC17,3
5813076492,1321305370,LC17,PVLP061_R,LC17,PVLP061,62
5813076492,1347126097,LC17,LC17,LC17,LC17,2
5813076492,1347812305,LC17,LC17(lVLPT7)_R,LC17,LC17,3
5813076492,1354394414,LC17,PVLP120_R,LC17,PVLP120,10
5813076492,1374063129,LC17,PVLP132_R,LC17,PVLP132,13
5813076492,1381997776,LC17,PVLP071_R,LC17,PVLP071,10
5813076492,1382308349,LC17,PVLP071_R,LC17,PVLP071,16
5813076492,1405788552,LC17,LC17,LC17,LC17,2
5813076492,1435791739,LC17,PVLP132_R,LC17,PVLP132,12
5813076492,1435822283,LC17,LC17,LC17,LC17,3
5813076492,1449486007,LC17,AVLP537_R,LC17,AVLP537,13
5813076492,1466844031,LC17,LC17,LC17,LC17,3
5813076492,1475188631,LC17,AVLP541_R,LC17,AVLP541,2
5813076492,1479147574,LC17,PVLP072_R,LC17,PVLP072,8
5813076492,1508123633,LC17,PVLP018_R,LC17,PVLP018,5
5813076492,1512232956,LC17,AVLP135_R,LC17,AVLP135,2
5813076492,1535082316,LC17,PVLP135_R,LC17,PVLP135,21
5813076492,1535086505,LC17,PVLP135_R,LC17,PVLP135,24
5813076492,1562707421,LC17,LC17(lVLPT7)_R,LC17,LC17,2
5813076492,1563355501,LC17,LC17,LC17,LC17,4
5813076492,1603645798,LC17,PVLP072_R,LC17,PVLP072,4
5813076492,1621008677,LC17,LC17,LC17,LC17,2
5813076492,1655474822,LC17,LC17,LC17,LC17,5
5813076492,1656834653,LC17,LC17,LC17,LC17,2
5813076492,1658881325,LC17,LC17,LC17,LC17,2
5813076492,1689239035,LC17,LC17,LC17,LC17,2
5813076492,1690694192,LC17,PVLP036_R,LC17,PVLP036,5
5813076492,1690698128,LC17,PVLP036_R,LC17,PVLP036,6
5813076492,1695693354,LC17,PVLP072_R,LC17,PVLP072,2
5813076492,1714791446,LC17,LC17,LC17,LC17,2
5813076492,1724345210,LC17,NA,LC17,NA,3
5813076492,1751666374,LC17,LC17,LC17,LC17,2
5813076492,1808241116,LC17,LC17,LC17,LC17,3
5813076492,1812363713,LC17,LC17,LC17,LC17,2
5813076492,1812696567,LC17,LC17,LC17,LC17,3
5813076492,1813382259,LC17,LC17(lVLPT7)_R,LC17,LC17,2
5813076492,1814729788,LC17,LC17,LC17,LC17,2
5813076492,1817112807,LC17,LC17(lVLPT4)_R,LC17,LC17,2
5813076492,1817448659,LC17,LC17,LC17,LC17,5
5813076492,1817453557,LC17,LC17(lVLPT4)_R,LC17,LC17,2
5813076492,1817458164,LC17,LC17,LC17,LC17,2
5813076492,1817799390,LC17,LC17,LC17,LC17,3
5813076492,1847810811,LC17,LC17(lVLPT7)_R,LC17,LC17,3
5813076492,1848151877,LC17,LC17,LC17,LC17,2
5813076492,1848156241,LC17,LC17,LC17,LC17,3
5813076492,1848506334,LC17,NA,LC17,NA,3
5813076492,1848837843,LC17,LC17,LC17,LC17,3
5813076492,1849161220,LC17,LC17,LC17,LC17,3
5813076492,1849183960,LC17,LC17(lVLPT7)_R,LC17,LC17,2
5813076492,1849520324,LC17,LC17,LC17,LC17,4
5813076492,1878845226,LC17,LC17,LC17,LC17,3
5813076492,1879514899,LC17,NA,LC17,NA,4
5813076492,1880209425,LC17,LC17(lVLPT7)_R,LC17,LC17,3
5813076492,1941955396,LC17,NA,LC17,NA,2
5813076492,1974682390,LC17,LC17(lVLPT7)_R,LC17,LC17,2
5813076492,2005048512,LC17,NA,LC17,NA,3
5813076492,2067113702,LC17,NA,LC17,NA,2
5813076492,2096797637,LC17,NA,LC17,NA,2
5813076492,5812992468,LC17,LC17,LC17,LC17,2
5813076492,5812998833,LC17,LC17,LC17,LC17,4
5813076492,5813017315,LC17,AVLP479_R,LC17,AVLP479,8
5813076492,5813034336,LC17,LC17(lVLPT4)_R,LC17,LC17,2
5813076492,5813039148,LC17,PVLP011_R,LC17,PVLP011,47
5813076492,5813039410,LC17,LC17,LC17,LC17,3
5813076492,5813057178,LC17,PVLP136_R,LC17,PVLP136,5
5813076492,5813057579,LC17,AVLP538_R,LC17,AVLP538,12
5813076492,5813077633,LC17,AVLP479_R,LC17,AVLP479,8
